# MI Smart TV, panel only — pedestal stripped for wall mounting
v 0.43983 0.35468 -0.12182
v 0.31372 0.30822 -0.12182
v -0.31372 0.30822 -0.12182
v -0.42559 0.34915 -0.12182
v -1.00000 -0.59559 -0.02678
v 1.00000 -0.59559 -0.02678
v 1.00000 -0.59559 -0.02242
v -1.00000 -0.59559 -0.02242
v 1.00000 0.59559 -0.02678
v 1.00000 0.59559 -0.02242
v -1.00000 0.59559 -0.02678
v -1.00000 0.59559 -0.02242
v -0.76372 0.42134 -0.12182
v -0.76372 0.42524 -0.12182
v 0.76372 0.42524 -0.12182
v 0.76372 0.42147 -0.12182
v 0.44911 -0.50219 -0.12182
v 0.76372 -0.50691 -0.12182
v -0.42891 -0.50341 -0.12182
v 0.76372 -0.51374 -0.11472
v -0.76372 -0.51254 -0.11384
v -0.76372 -0.50699 -0.12182
v -0.79869 0.43788 -0.11441
v -0.79869 -0.51287 -0.11441
v -0.98652 -0.57679 -0.03102
v -0.98652 0.58003 -0.03102
v 0.79869 -0.51287 -0.11441
v 0.98652 -0.57679 -0.03102
v 0.79869 0.43788 -0.11441
v 0.98652 0.58003 -0.03102
v -0.74802 0.46815 -0.09665
v -0.71500 0.47371 -0.09339
v 0.71522 0.47371 -0.09339
v 0.74249 0.46638 -0.09768
v 0.25312 0.25051 -0.19053
v -0.25312 0.25051 -0.19053
v -0.34110 -0.39922 -0.19053
v -0.34110 0.18257 -0.19053
v 0.34110 0.18257 -0.19053
v 0.34110 -0.39922 -0.19053
v 0.28074 0.17069 -0.17792
v 0.28179 0.17069 -0.13517
v 0.28179 -0.38778 -0.13513
v 0.28074 -0.38737 -0.17788
v 0.40169 -0.45693 -0.12182
v 0.40169 -0.46756 -0.12182
v 0.34110 -0.40984 -0.19053
v 0.40169 0.24028 -0.12182
v -0.40169 0.24028 -0.12182
v -0.40169 -0.45693 -0.12182
v -0.34110 -0.40984 -0.19053
v -0.40169 -0.46756 -0.12182
v 0.37426 -0.48874 -0.12182
v -0.37426 -0.48874 -0.12182
v -0.31367 -0.43103 -0.19053
v 0.31367 -0.43103 -0.19053
v -0.32748 0.30738 -0.12182
v -0.34091 0.30489 -0.12182
v -0.35366 0.30081 -0.12182
v -0.36543 0.29524 -0.12182
v -0.37593 0.28832 -0.12182
v -0.38489 0.28021 -0.12182
v -0.39210 0.27112 -0.12182
v -0.39739 0.26127 -0.12182
v -0.40061 0.25091 -0.12182
v 0.40061 0.25091 -0.12182
v 0.39739 0.26127 -0.12182
v 0.39210 0.27112 -0.12182
v 0.38489 0.28021 -0.12182
v 0.37593 0.28832 -0.12182
v 0.36543 0.29524 -0.12182
v 0.35366 0.30081 -0.12182
v 0.34091 0.30489 -0.12182
v 0.32748 0.30738 -0.12182
v 0.34001 0.19320 -0.19053
v 0.33679 0.20356 -0.19053
v 0.33151 0.21341 -0.19053
v 0.32430 0.22250 -0.19053
v 0.31533 0.23061 -0.19053
v 0.30483 0.23753 -0.19053
v 0.29306 0.24310 -0.19053
v 0.28031 0.24718 -0.19053
v 0.26689 0.24967 -0.19053
v -0.34001 0.19320 -0.19053
v -0.33679 0.20356 -0.19053
v -0.33151 0.21341 -0.19053
v -0.32430 0.22250 -0.19053
v -0.31533 0.23061 -0.19053
v -0.30483 0.23753 -0.19053
v -0.29306 0.24310 -0.19053
v -0.28031 0.24718 -0.19053
v -0.26689 0.24967 -0.19053
v 0.39753 0.17220 -0.12654
v 0.39753 -0.38937 -0.12654
v 0.28197 -0.38506 -0.12780
v 0.28197 0.16790 -0.12780
v 0.35511 0.18108 -0.17463
v 0.38767 0.18108 -0.13771
v 0.28170 0.17663 -0.13864
v 0.28082 0.17663 -0.17445
v 0.34113 -0.39921 -0.19049
v 0.35516 -0.39782 -0.17458
v 0.38772 -0.39811 -0.13766
v 0.39816 -0.40701 -0.12583
v 0.39815 0.18994 -0.12583
v 0.34113 0.18256 -0.19049
v 0.34526 -0.38881 -0.18581
v 0.34526 0.17220 -0.18581
v 0.28055 0.16789 -0.18529
v 0.28055 -0.38450 -0.18529
v -0.33975 -0.41639 -0.19053
v -0.40035 -0.47410 -0.12182
v -0.33586 -0.42230 -0.19053
v -0.39645 -0.48001 -0.12182
v -0.32979 -0.42698 -0.19053
v -0.39038 -0.48469 -0.12182
v -0.32214 -0.42999 -0.19053
v -0.38274 -0.48770 -0.12182
v 0.40035 -0.47410 -0.12182
v 0.33975 -0.41639 -0.19053
v 0.39645 -0.48001 -0.12182
v 0.33586 -0.42230 -0.19053
v 0.39038 -0.48469 -0.12182
v 0.32979 -0.42698 -0.19053
v 0.38274 -0.48770 -0.12182
v 0.32214 -0.42999 -0.19053
v 0.39076 -0.39771 -0.13422
v 0.39349 -0.39648 -0.13112
v 0.39566 -0.39454 -0.12866
v 0.39705 -0.39209 -0.12708
v 0.34574 -0.39157 -0.18526
v 0.34715 -0.39407 -0.18366
v 0.34934 -0.39606 -0.18118
v 0.35210 -0.39735 -0.17805
v 0.39705 0.17495 -0.12708
v 0.39565 0.17742 -0.12867
v 0.39347 0.17938 -0.13114
v 0.39072 0.18064 -0.13426
v 0.35207 0.18064 -0.17809
v 0.34932 0.17938 -0.18120
v 0.34714 0.17742 -0.18367
v 0.34574 0.17495 -0.18526
v 0.28196 0.17060 -0.12833
v 0.28192 0.17303 -0.12987
v 0.28186 0.17497 -0.13227
v 0.28179 0.17621 -0.13529
v 0.28057 0.17059 -0.18476
v 0.28061 0.17303 -0.18322
v 0.28066 0.17496 -0.18082
v 0.28074 0.17621 -0.17780
v 0.28170 -0.39366 -0.13858
v 0.28179 -0.39327 -0.13525
v 0.28186 -0.39206 -0.13225
v 0.28192 -0.39015 -0.12986
v 0.28196 -0.38774 -0.12833
v 0.28057 -0.38722 -0.18476
v 0.28061 -0.38968 -0.18321
v 0.28067 -0.39165 -0.18080
v 0.28074 -0.39292 -0.17776
v 0.28082 -0.39338 -0.17440
v -0.77018 0.42316 -0.12146
v -0.77765 0.42604 -0.12040
v -0.78538 0.42970 -0.11876
v -0.79263 0.43378 -0.11670
v -0.79263 -0.51111 -0.11670
v -0.78538 -0.50949 -0.11876
v -0.77765 -0.50819 -0.12040
v -0.77018 -0.50733 -0.12146
v 0.77018 -0.50728 -0.12146
v 0.77765 -0.50816 -0.12040
v 0.78538 -0.50948 -0.11876
v 0.79263 -0.51110 -0.11670
v 0.79263 0.43379 -0.11670
v 0.78538 0.42973 -0.11876
v 0.77765 0.42610 -0.12040
v 0.77018 0.42325 -0.12146
v -0.99760 0.59283 -0.03102
v 0.99760 0.59283 -0.03102
v 0.99765 -0.59231 -0.03102
v -0.99765 -0.59231 -0.03102
v -0.73885 0.48248 -0.08824
v -0.73957 0.52709 -0.06208
v -0.70398 0.51497 -0.04604
v -0.70324 0.49189 -0.06707
v -0.67925 0.48355 -0.07467
v 0.67973 0.48364 -0.07462
v 0.69771 0.51450 -0.04647
v 0.69592 0.49059 -0.06828
v -0.69684 0.49243 -0.06657
v -0.69741 0.51473 -0.04625
v 0.74705 0.53308 -0.05856
v 0.72715 0.53166 -0.05940
v -0.72699 0.53166 -0.05940
v -0.74690 0.53308 -0.05856
v 0.74801 0.46816 -0.09664
v 0.73888 0.48249 -0.08824
v 0.73971 0.52709 -0.06208
v 0.70347 0.49201 -0.06698
v 0.70414 0.51497 -0.04604
v -0.73182 0.53131 -0.05960
v -0.73591 0.53032 -0.06018
v -0.73863 0.52884 -0.06105
v 0.73878 0.52884 -0.06105
v 0.73607 0.53032 -0.06018
v 0.73198 0.53131 -0.05960
v -0.73699 0.47912 -0.09021
v 0.72422 0.47438 -0.09299
v 0.70322 0.51655 -0.04460
v 0.70051 0.51790 -0.04337
v 0.69644 0.51880 -0.04255
v 0.69161 0.51911 -0.04226
v -0.70306 0.51655 -0.04460
v -0.70036 0.51790 -0.04337
v -0.69629 0.51880 -0.04255
v -0.69145 0.51911 -0.04226
v -0.72408 0.47438 -0.09299
v -0.68835 0.48418 -0.07409
v -0.73181 0.47628 -0.09188
v -0.69610 0.48599 -0.07244
v -0.70133 0.48870 -0.06998
v 0.73703 0.47913 -0.09021
v 0.70159 0.48881 -0.06990
v 0.73188 0.47628 -0.09188
v 0.69642 0.48609 -0.07238
v 0.68874 0.48427 -0.07404
v -0.99838 -0.59332 -0.03081
v -0.99835 0.59368 -0.03081
v -0.99903 -0.59424 -0.03021
v -0.99901 0.59445 -0.03021
v -0.99955 -0.59496 -0.02927
v -0.99954 0.59506 -0.02927
v -0.99989 -0.59543 -0.02809
v -0.99988 0.59545 -0.02809
v 0.99838 -0.59332 -0.03081
v 0.99903 -0.59424 -0.03021
v 0.99955 -0.59496 -0.02927
v 0.99989 -0.59543 -0.02809
v 0.99835 0.59368 -0.03081
v 0.99901 0.59445 -0.03021
v 0.99954 0.59506 -0.02927
v 0.99988 0.59545 -0.02809
v -0.98652 -0.55942 -0.02246
v -0.98652 0.58003 -0.02246
v 0.98652 0.58003 -0.02246
v 0.98652 -0.55942 -0.02246
v -1.00000 -0.59559 -0.02246
v -1.00000 0.59559 -0.02246
v 1.00000 -0.59559 -0.02246
v 1.00000 0.59559 -0.02246
v -1.00000 0.59559 -0.00856
v -1.00000 -0.59559 -0.00856
v -1.00000 -0.59559 -0.00136
v -1.00000 0.59559 -0.00136
v 1.00000 -0.59559 -0.00856
v 1.00000 0.59559 -0.00856
v 1.00000 0.59559 -0.00136
v 1.00000 -0.59559 -0.00136
v 0.98652 -0.55942 -0.00856
v -0.98652 -0.55942 -0.00856
v -0.98652 -0.55942 -0.00136
v 0.98652 -0.55942 -0.00136
v -0.98652 0.58003 -0.00856
v 0.98652 0.58003 -0.00856
v 0.98652 0.58003 -0.00136
v -0.98652 0.58003 -0.00136
v -0.00165 0.00865 -0.00345
v 0.98738 0.00865 -0.00345
v 0.98738 0.58392 -0.00345
v -0.00165 0.58392 -0.00345
v -0.99069 0.00865 -0.00345
v -0.99069 0.58392 -0.00345
v -0.99069 -0.56661 -0.00345
v -0.00165 -0.56661 -0.00345
v 0.98738 -0.56661 -0.00345
v 0.00435 -0.56712 0.00000
v 0.00467 -0.56712 0.00000
v 0.00451 -0.56711 0.00000
v 0.00420 -0.56715 0.00000
v 0.00482 -0.56715 0.00000
v 0.00405 -0.56720 0.00000
v 0.00497 -0.56720 0.00000
v 0.00392 -0.56726 0.00000
v 0.00510 -0.56726 0.00000
v 0.00380 -0.56735 0.00000
v 0.00523 -0.56735 0.00000
v 0.00368 -0.56744 0.00000
v 0.00534 -0.56744 0.00000
v 0.00359 -0.56756 0.00000
v 0.00543 -0.56756 0.00000
v 0.00350 -0.56768 0.00000
v 0.00552 -0.56768 0.00000
v 0.00344 -0.56781 0.00000
v 0.00558 -0.56781 0.00000
v 0.00339 -0.56796 0.00000
v 0.00563 -0.56796 0.00000
v 0.00336 -0.56811 0.00000
v 0.00566 -0.56811 0.00000
v 0.00335 -0.56827 0.00000
v 0.00567 -0.56827 0.00000
v 0.00335 -0.58685 0.00000
v 0.00567 -0.58685 0.00000
v 0.00336 -0.58701 0.00000
v 0.00566 -0.58701 0.00000
v 0.00339 -0.58716 0.00000
v 0.00563 -0.58716 0.00000
v 0.00344 -0.58730 0.00000
v 0.00558 -0.58730 0.00000
v 0.00350 -0.58744 0.00000
v 0.00552 -0.58744 0.00000
v 0.00359 -0.58756 0.00000
v 0.00543 -0.58756 0.00000
v 0.00368 -0.58767 0.00000
v 0.00534 -0.58767 0.00000
v 0.00380 -0.58777 0.00000
v 0.00523 -0.58777 0.00000
v 0.00392 -0.58785 0.00000
v 0.00510 -0.58785 0.00000
v 0.00405 -0.58792 0.00000
v 0.00497 -0.58792 0.00000
v 0.00420 -0.58797 0.00000
v 0.00482 -0.58797 0.00000
v 0.00435 -0.58800 0.00000
v 0.00467 -0.58800 0.00000
v 0.00451 -0.58801 0.00000
v -0.01354 -0.56721 0.00000
v -0.01334 -0.56720 0.00000
v -0.01341 -0.56720 0.00000
v 0.00034 -0.56720 0.00000
v 0.00054 -0.56721 0.00000
v 0.00040 -0.56720 0.00000
v 0.00026 -0.56721 0.00000
v -0.01327 -0.56721 0.00000
v 0.00019 -0.56722 0.00000
v -0.01320 -0.56722 0.00000
v 0.00066 -0.56724 0.00000
v -0.01366 -0.56724 0.00000
v 0.00012 -0.56723 0.00000
v -0.01313 -0.56723 0.00000
v 0.00005 -0.56725 0.00000
v -0.01306 -0.56725 0.00000
v 0.00076 -0.56728 0.00000
v -0.01377 -0.56728 0.00000
v -0.00002 -0.56727 0.00000
v -0.01299 -0.56727 0.00000
v -0.00009 -0.56730 0.00000
v -0.01292 -0.56730 0.00000
v 0.00086 -0.56734 0.00000
v -0.01386 -0.56734 0.00000
v -0.00015 -0.56733 0.00000
v -0.01286 -0.56733 0.00000
v -0.00021 -0.56736 0.00000
v -0.01280 -0.56736 0.00000
v 0.00094 -0.56741 0.00000
v -0.01395 -0.56741 0.00000
v -0.00027 -0.56740 0.00000
v -0.01274 -0.56740 0.00000
v -0.00032 -0.56745 0.00000
v -0.01268 -0.56745 0.00000
v 0.00101 -0.56749 0.00000
v -0.01402 -0.56749 0.00000
v -0.00037 -0.56750 0.00000
v -0.01264 -0.56750 0.00000
v 0.00107 -0.56757 0.00000
v -0.01408 -0.56757 0.00000
v -0.01250 -0.56768 0.00000
v -0.00051 -0.56768 0.00000
v 0.00112 -0.56766 0.00000
v -0.01413 -0.56766 0.00000
v 0.00116 -0.56775 0.00000
v -0.01417 -0.56775 0.00000
v -0.01223 -0.56806 0.00000
v -0.00077 -0.56806 0.00000
v 0.00119 -0.56784 0.00000
v -0.01420 -0.56784 0.00000
v 0.00122 -0.56792 0.00000
v -0.01422 -0.56792 0.00000
v 0.00124 -0.56800 0.00000
v -0.01424 -0.56800 0.00000
v -0.01425 -0.56805 0.00000
v 0.00124 -0.56805 0.00000
v 0.00125 -0.56811 0.00000
v -0.01426 -0.56811 0.00000
v -0.01186 -0.56861 0.00000
v -0.00114 -0.56861 0.00000
v 0.00126 -0.56818 0.00000
v -0.01427 -0.56818 0.00000
v 0.00127 -0.56827 0.00000
v -0.01428 -0.56827 0.00000
v 0.00128 -0.56839 0.00000
v -0.01429 -0.56839 0.00000
v 0.00129 -0.56852 0.00000
v -0.01430 -0.56852 0.00000
v 0.00130 -0.56868 0.00000
v -0.01431 -0.56868 0.00000
v -0.01141 -0.56928 0.00000
v -0.00160 -0.56929 0.00000
v 0.00131 -0.56887 0.00000
v -0.01432 -0.56887 0.00000
v 0.00132 -0.56910 0.00000
v -0.01432 -0.56910 0.00000
v 0.00132 -0.56936 0.00000
v -0.01433 -0.56936 0.00000
v -0.01090 -0.57005 0.00000
v -0.00211 -0.57006 0.00000
v 0.00132 -0.56965 0.00000
v -0.01433 -0.56965 0.00000
v 0.00133 -0.57000 0.00000
v -0.01433 -0.57000 0.00000
v -0.01433 -0.58682 0.00000
v -0.01205 -0.57213 0.00000
v -0.01204 -0.57209 0.00000
v -0.01203 -0.57206 0.00000
v -0.01202 -0.57204 0.00000
v -0.00099 -0.57204 0.00000
v -0.00098 -0.57206 0.00000
v -0.00097 -0.57209 0.00000
v -0.00096 -0.57213 0.00000
v 0.00133 -0.58682 0.00000
v -0.01201 -0.57203 0.00000
v -0.01034 -0.57089 0.00000
v -0.00267 -0.57090 0.00000
v -0.00100 -0.57203 0.00000
v -0.01200 -0.57202 0.00000
v -0.00977 -0.57176 0.00000
v -0.00324 -0.57177 0.00000
v -0.00101 -0.57202 0.00000
v -0.01198 -0.57202 0.00000
v -0.01195 -0.57202 0.00000
v -0.00920 -0.57262 0.00000
v -0.00381 -0.57263 0.00000
v -0.00106 -0.57202 0.00000
v -0.00103 -0.57202 0.00000
v -0.00109 -0.57203 0.00000
v -0.01192 -0.57203 0.00000
v -0.00111 -0.57204 0.00000
v -0.01189 -0.57204 0.00000
v -0.00113 -0.57206 0.00000
v -0.01187 -0.57206 0.00000
v -0.00116 -0.57209 0.00000
v -0.01185 -0.57209 0.00000
v -0.00118 -0.57212 0.00000
v -0.01183 -0.57212 0.00000
v -0.00121 -0.57217 0.00000
v -0.01180 -0.57217 0.00000
v -0.01205 -0.57219 0.00000
v -0.00095 -0.57219 0.00000
v -0.00124 -0.57223 0.00000
v -0.01176 -0.57223 0.00000
v -0.01206 -0.57226 0.00000
v -0.00095 -0.57226 0.00000
v -0.00129 -0.57230 0.00000
v -0.01172 -0.57230 0.00000
v -0.01206 -0.57235 0.00000
v -0.00094 -0.57235 0.00000
v -0.00134 -0.57238 0.00000
v -0.01167 -0.57238 0.00000
v -0.01207 -0.57246 0.00000
v -0.00094 -0.57246 0.00000
v -0.00140 -0.57248 0.00000
v -0.01161 -0.57248 0.00000
v -0.01207 -0.57258 0.00000
v -0.00094 -0.57258 0.00000
v -0.00147 -0.57259 0.00000
v -0.01154 -0.57259 0.00000
v -0.01207 -0.57273 0.00000
v -0.00094 -0.57273 0.00000
v -0.01137 -0.57283 0.00000
v -0.00163 -0.57283 0.00000
v -0.00865 -0.57344 0.00000
v -0.00435 -0.57345 0.00000
v -0.01207 -0.58682 0.00000
v -0.00094 -0.58682 0.00000
v -0.01113 -0.57321 0.00000
v -0.00188 -0.57321 0.00000
v -0.01082 -0.57370 0.00000
v -0.00219 -0.57370 0.00000
v -0.00816 -0.57419 0.00000
v -0.00485 -0.57420 0.00000
v -0.00256 -0.57427 0.00000
v -0.01045 -0.57427 0.00000
v -0.00773 -0.57484 0.00000
v -0.00528 -0.57485 0.00000
v -0.00297 -0.57490 0.00000
v -0.01004 -0.57490 0.00000
v -0.00740 -0.57536 0.00000
v -0.00561 -0.57536 0.00000
v -0.00340 -0.57556 0.00000
v -0.00961 -0.57556 0.00000
v -0.00725 -0.57559 0.00000
v -0.00576 -0.57559 0.00000
v -0.00384 -0.57624 0.00000
v -0.00917 -0.57624 0.00000
v -0.00589 -0.57578 0.00000
v -0.00712 -0.57578 0.00000
v -0.00600 -0.57595 0.00000
v -0.00701 -0.57595 0.00000
v -0.00609 -0.57610 0.00000
v -0.00692 -0.57610 0.00000
v -0.00616 -0.57622 0.00000
v -0.00685 -0.57622 0.00000
v -0.00622 -0.57632 0.00000
v -0.00678 -0.57632 0.00000
v -0.00428 -0.57691 0.00000
v -0.00873 -0.57691 0.00000
v -0.00628 -0.57640 0.00000
v -0.00673 -0.57640 0.00000
v -0.00632 -0.57646 0.00000
v -0.00668 -0.57646 0.00000
v -0.00637 -0.57650 0.00000
v -0.00664 -0.57650 0.00000
v -0.00641 -0.57653 0.00000
v -0.00660 -0.57653 0.00000
v -0.00645 -0.57654 0.00000
v -0.00655 -0.57654 0.00000
v -0.00650 -0.57655 0.00000
v -0.00469 -0.57754 0.00000
v -0.00832 -0.57754 0.00000
v -0.00506 -0.57812 0.00000
v -0.00794 -0.57812 0.00000
v -0.00539 -0.57861 0.00000
v -0.00762 -0.57861 0.00000
v -0.00564 -0.57899 0.00000
v -0.00737 -0.57899 0.00000
v -0.00724 -0.57917 0.00000
v -0.00577 -0.57917 0.00000
v -0.00713 -0.57932 0.00000
v -0.00588 -0.57932 0.00000
v -0.00703 -0.57945 0.00000
v -0.00597 -0.57945 0.00000
v -0.00695 -0.57956 0.00000
v -0.00606 -0.57956 0.00000
v -0.00688 -0.57965 0.00000
v -0.00613 -0.57965 0.00000
v -0.00681 -0.57972 0.00000
v -0.00619 -0.57972 0.00000
v -0.00675 -0.57978 0.00000
v -0.00625 -0.57978 0.00000
v -0.00670 -0.57982 0.00000
v -0.00631 -0.57982 0.00000
v -0.00665 -0.57985 0.00000
v -0.00636 -0.57985 0.00000
v -0.00660 -0.57987 0.00000
v -0.00641 -0.57987 0.00000
v -0.00655 -0.57988 0.00000
v -0.00645 -0.57988 0.00000
v -0.00650 -0.57988 0.00000
v -0.01432 -0.58697 0.00000
v -0.01208 -0.58697 0.00000
v -0.00093 -0.58697 0.00000
v 0.00131 -0.58697 0.00000
v -0.01429 -0.58712 0.00000
v -0.01211 -0.58712 0.00000
v -0.00090 -0.58712 0.00000
v 0.00128 -0.58712 0.00000
v -0.01216 -0.58726 0.00000
v 0.00124 -0.58726 0.00000
v -0.01424 -0.58726 0.00000
v -0.00085 -0.58726 0.00000
v -0.01222 -0.58739 0.00000
v 0.00117 -0.58739 0.00000
v -0.01418 -0.58739 0.00000
v -0.00078 -0.58739 0.00000
v -0.01231 -0.58751 0.00000
v 0.00109 -0.58751 0.00000
v -0.01410 -0.58751 0.00000
v -0.00070 -0.58751 0.00000
v -0.01240 -0.58762 0.00000
v 0.00099 -0.58762 0.00000
v -0.01400 -0.58762 0.00000
v -0.00061 -0.58762 0.00000
v -0.01251 -0.58771 0.00000
v 0.00089 -0.58771 0.00000
v -0.01389 -0.58771 0.00000
v -0.00050 -0.58771 0.00000
v -0.01263 -0.58779 0.00000
v 0.00076 -0.58779 0.00000
v -0.01377 -0.58779 0.00000
v -0.00038 -0.58779 0.00000
v -0.01276 -0.58786 0.00000
v 0.00064 -0.58786 0.00000
v -0.01364 -0.58786 0.00000
v -0.00025 -0.58786 0.00000
v -0.01290 -0.58791 0.00000
v 0.00049 -0.58791 0.00000
v -0.01350 -0.58791 0.00000
v -0.00011 -0.58791 0.00000
v -0.01305 -0.58794 0.00000
v 0.00035 -0.58794 0.00000
v -0.01336 -0.58794 0.00000
v 0.00004 -0.58794 0.00000
v -0.01320 -0.58795 0.00000
v 0.00019 -0.58795 0.00000
v 0.00467 -0.56712 -0.00209
v 0.00435 -0.56712 -0.00209
v 0.00451 -0.56711 -0.00209
v 0.00420 -0.56715 -0.00209
v 0.00482 -0.56715 -0.00209
v 0.00405 -0.56720 -0.00209
v 0.00497 -0.56720 -0.00209
v 0.00392 -0.56726 -0.00209
v 0.00510 -0.56726 -0.00209
v 0.00380 -0.56735 -0.00209
v 0.00523 -0.56735 -0.00209
v 0.00368 -0.56744 -0.00209
v 0.00534 -0.56744 -0.00209
v 0.00359 -0.56756 -0.00209
v 0.00543 -0.56756 -0.00209
v 0.00350 -0.56768 -0.00209
v 0.00552 -0.56768 -0.00209
v 0.00344 -0.56781 -0.00209
v 0.00558 -0.56781 -0.00209
v 0.00339 -0.56796 -0.00209
v 0.00563 -0.56796 -0.00209
v 0.00336 -0.56811 -0.00209
v 0.00566 -0.56811 -0.00209
v 0.00335 -0.56827 -0.00209
v 0.00567 -0.56827 -0.00209
v 0.00335 -0.58685 -0.00209
v 0.00567 -0.58685 -0.00209
v 0.00336 -0.58701 -0.00209
v 0.00566 -0.58701 -0.00209
v 0.00339 -0.58716 -0.00209
v 0.00563 -0.58716 -0.00209
v 0.00344 -0.58730 -0.00209
v 0.00558 -0.58730 -0.00209
v 0.00350 -0.58744 -0.00209
v 0.00552 -0.58744 -0.00209
v 0.00359 -0.58756 -0.00209
v 0.00543 -0.58756 -0.00209
v 0.00368 -0.58767 -0.00209
v 0.00534 -0.58767 -0.00209
v 0.00380 -0.58777 -0.00209
v 0.00523 -0.58777 -0.00209
v 0.00392 -0.58785 -0.00209
v 0.00510 -0.58785 -0.00209
v 0.00405 -0.58792 -0.00209
v 0.00497 -0.58792 -0.00209
v 0.00420 -0.58797 -0.00209
v 0.00482 -0.58797 -0.00209
v 0.00435 -0.58800 -0.00209
v 0.00467 -0.58800 -0.00209
v 0.00451 -0.58801 -0.00209
v -0.01334 -0.56720 -0.00209
v -0.01354 -0.56721 -0.00209
v -0.01341 -0.56720 -0.00209
v 0.00054 -0.56721 -0.00209
v 0.00034 -0.56720 -0.00209
v 0.00040 -0.56720 -0.00209
v 0.00026 -0.56721 -0.00209
v -0.01327 -0.56721 -0.00209
v 0.00019 -0.56722 -0.00209
v -0.01320 -0.56722 -0.00209
v 0.00066 -0.56724 -0.00209
v -0.01366 -0.56724 -0.00209
v 0.00012 -0.56723 -0.00209
v -0.01313 -0.56723 -0.00209
v 0.00005 -0.56725 -0.00209
v -0.01306 -0.56725 -0.00209
v 0.00076 -0.56728 -0.00209
v -0.01377 -0.56728 -0.00209
v -0.00002 -0.56727 -0.00209
v -0.01299 -0.56727 -0.00209
v -0.00009 -0.56730 -0.00209
v -0.01292 -0.56730 -0.00209
v 0.00086 -0.56734 -0.00209
v -0.01386 -0.56734 -0.00209
v -0.00015 -0.56733 -0.00209
v -0.01286 -0.56733 -0.00209
v -0.00021 -0.56736 -0.00209
v -0.01280 -0.56736 -0.00209
v 0.00094 -0.56741 -0.00209
v -0.01395 -0.56741 -0.00209
v -0.00027 -0.56740 -0.00209
v -0.01274 -0.56740 -0.00209
v -0.00032 -0.56745 -0.00209
v -0.01268 -0.56745 -0.00209
v 0.00101 -0.56749 -0.00209
v -0.01402 -0.56749 -0.00209
v -0.00037 -0.56750 -0.00209
v -0.01264 -0.56750 -0.00209
v 0.00107 -0.56757 -0.00209
v -0.01408 -0.56757 -0.00209
v -0.01250 -0.56768 -0.00209
v -0.00051 -0.56768 -0.00209
v 0.00112 -0.56766 -0.00209
v -0.01413 -0.56766 -0.00209
v 0.00116 -0.56775 -0.00209
v -0.01417 -0.56775 -0.00209
v -0.01223 -0.56806 -0.00209
v -0.00077 -0.56806 -0.00209
v 0.00119 -0.56784 -0.00209
v -0.01420 -0.56784 -0.00209
v 0.00122 -0.56792 -0.00209
v -0.01422 -0.56792 -0.00209
v 0.00124 -0.56800 -0.00209
v -0.01424 -0.56800 -0.00209
v -0.01425 -0.56805 -0.00209
v 0.00124 -0.56805 -0.00209
v 0.00125 -0.56811 -0.00209
v -0.01426 -0.56811 -0.00209
v -0.01186 -0.56861 -0.00209
v -0.00114 -0.56861 -0.00209
v 0.00126 -0.56818 -0.00209
v -0.01427 -0.56818 -0.00209
v 0.00127 -0.56827 -0.00209
v -0.01428 -0.56827 -0.00209
v 0.00128 -0.56839 -0.00209
v -0.01429 -0.56839 -0.00209
v 0.00129 -0.56852 -0.00209
v -0.01430 -0.56852 -0.00209
v 0.00130 -0.56868 -0.00209
v -0.01431 -0.56868 -0.00209
v -0.01141 -0.56928 -0.00209
v -0.00160 -0.56929 -0.00209
v 0.00131 -0.56887 -0.00209
v -0.01432 -0.56887 -0.00209
v 0.00132 -0.56910 -0.00209
v -0.01432 -0.56910 -0.00209
v 0.00132 -0.56936 -0.00209
v -0.01433 -0.56936 -0.00209
v -0.01090 -0.57005 -0.00209
v -0.00211 -0.57006 -0.00209
v 0.00132 -0.56965 -0.00209
v -0.01433 -0.56965 -0.00209
v 0.00133 -0.57000 -0.00209
v -0.01433 -0.57000 -0.00209
v -0.01205 -0.57213 -0.00209
v -0.01433 -0.58682 -0.00209
v -0.01204 -0.57209 -0.00209
v -0.01203 -0.57206 -0.00209
v -0.01202 -0.57204 -0.00209
v -0.00099 -0.57204 -0.00209
v -0.00098 -0.57206 -0.00209
v -0.00097 -0.57209 -0.00209
v -0.00096 -0.57213 -0.00209
v 0.00133 -0.58682 -0.00209
v -0.01201 -0.57203 -0.00209
v -0.01034 -0.57089 -0.00209
v -0.00100 -0.57203 -0.00209
v -0.00267 -0.57090 -0.00209
v -0.01200 -0.57202 -0.00209
v -0.00977 -0.57176 -0.00209
v -0.00101 -0.57202 -0.00209
v -0.00324 -0.57177 -0.00209
v -0.01198 -0.57202 -0.00209
v -0.01195 -0.57202 -0.00209
v -0.00920 -0.57262 -0.00209
v -0.00106 -0.57202 -0.00209
v -0.00381 -0.57263 -0.00209
v -0.00103 -0.57202 -0.00209
v -0.00109 -0.57203 -0.00209
v -0.01192 -0.57203 -0.00209
v -0.00111 -0.57204 -0.00209
v -0.01189 -0.57204 -0.00209
v -0.00113 -0.57206 -0.00209
v -0.01187 -0.57206 -0.00209
v -0.00116 -0.57209 -0.00209
v -0.01185 -0.57209 -0.00209
v -0.00118 -0.57212 -0.00209
v -0.01183 -0.57212 -0.00209
v -0.00121 -0.57217 -0.00209
v -0.01180 -0.57217 -0.00209
v -0.01205 -0.57219 -0.00209
v -0.00095 -0.57219 -0.00209
v -0.00124 -0.57223 -0.00209
v -0.01176 -0.57223 -0.00209
v -0.01206 -0.57226 -0.00209
v -0.00095 -0.57226 -0.00209
v -0.00129 -0.57230 -0.00209
v -0.01172 -0.57230 -0.00209
v -0.01206 -0.57235 -0.00209
v -0.00094 -0.57235 -0.00209
v -0.00134 -0.57238 -0.00209
v -0.01167 -0.57238 -0.00209
v -0.01207 -0.57246 -0.00209
v -0.00094 -0.57246 -0.00209
v -0.00140 -0.57248 -0.00209
v -0.01161 -0.57248 -0.00209
v -0.01207 -0.57258 -0.00209
v -0.00094 -0.57258 -0.00209
v -0.00147 -0.57259 -0.00209
v -0.01154 -0.57259 -0.00209
v -0.01207 -0.57273 -0.00209
v -0.00094 -0.57273 -0.00209
v -0.01137 -0.57283 -0.00209
v -0.00163 -0.57283 -0.00209
v -0.00865 -0.57344 -0.00209
v -0.00435 -0.57345 -0.00209
v -0.01207 -0.58682 -0.00209
v -0.00094 -0.58682 -0.00209
v -0.01113 -0.57321 -0.00209
v -0.00188 -0.57321 -0.00209
v -0.01082 -0.57370 -0.00209
v -0.00219 -0.57370 -0.00209
v -0.00816 -0.57419 -0.00209
v -0.00485 -0.57420 -0.00209
v -0.00256 -0.57427 -0.00209
v -0.01045 -0.57427 -0.00209
v -0.00773 -0.57484 -0.00209
v -0.00528 -0.57485 -0.00209
v -0.00297 -0.57490 -0.00209
v -0.01004 -0.57490 -0.00209
v -0.00740 -0.57536 -0.00209
v -0.00561 -0.57536 -0.00209
v -0.00340 -0.57556 -0.00209
v -0.00961 -0.57556 -0.00209
v -0.00725 -0.57559 -0.00209
v -0.00576 -0.57559 -0.00209
v -0.00384 -0.57624 -0.00209
v -0.00917 -0.57624 -0.00209
v -0.00589 -0.57578 -0.00209
v -0.00712 -0.57578 -0.00209
v -0.00600 -0.57595 -0.00209
v -0.00701 -0.57595 -0.00209
v -0.00609 -0.57610 -0.00209
v -0.00692 -0.57610 -0.00209
v -0.00616 -0.57622 -0.00209
v -0.00685 -0.57622 -0.00209
v -0.00622 -0.57632 -0.00209
v -0.00678 -0.57632 -0.00209
v -0.00428 -0.57691 -0.00209
v -0.00873 -0.57691 -0.00209
v -0.00628 -0.57640 -0.00209
v -0.00673 -0.57640 -0.00209
v -0.00632 -0.57646 -0.00209
v -0.00668 -0.57646 -0.00209
v -0.00637 -0.57650 -0.00209
v -0.00664 -0.57650 -0.00209
v -0.00641 -0.57653 -0.00209
v -0.00660 -0.57653 -0.00209
v -0.00645 -0.57654 -0.00209
v -0.00655 -0.57654 -0.00209
v -0.00650 -0.57655 -0.00209
v -0.00469 -0.57754 -0.00209
v -0.00832 -0.57754 -0.00209
v -0.00506 -0.57812 -0.00209
v -0.00794 -0.57812 -0.00209
v -0.00539 -0.57861 -0.00209
v -0.00762 -0.57861 -0.00209
v -0.00564 -0.57899 -0.00209
v -0.00737 -0.57899 -0.00209
v -0.00724 -0.57917 -0.00209
v -0.00577 -0.57917 -0.00209
v -0.00713 -0.57932 -0.00209
v -0.00588 -0.57932 -0.00209
v -0.00703 -0.57945 -0.00209
v -0.00597 -0.57945 -0.00209
v -0.00695 -0.57956 -0.00209
v -0.00606 -0.57956 -0.00209
v -0.00688 -0.57965 -0.00209
v -0.00613 -0.57965 -0.00209
v -0.00681 -0.57972 -0.00209
v -0.00619 -0.57972 -0.00209
v -0.00675 -0.57978 -0.00209
v -0.00625 -0.57978 -0.00209
v -0.00670 -0.57982 -0.00209
v -0.00631 -0.57982 -0.00209
v -0.00665 -0.57985 -0.00209
v -0.00636 -0.57985 -0.00209
v -0.00660 -0.57987 -0.00209
v -0.00641 -0.57987 -0.00209
v -0.00655 -0.57988 -0.00209
v -0.00645 -0.57988 -0.00209
v -0.00650 -0.57988 -0.00209
v -0.01432 -0.58697 -0.00209
v -0.01208 -0.58697 -0.00209
v -0.00093 -0.58697 -0.00209
v 0.00131 -0.58697 -0.00209
v -0.01429 -0.58712 -0.00209
v -0.01211 -0.58712 -0.00209
v -0.00090 -0.58712 -0.00209
v 0.00128 -0.58712 -0.00209
v -0.01216 -0.58726 -0.00209
v 0.00124 -0.58726 -0.00209
v -0.01424 -0.58726 -0.00209
v -0.00085 -0.58726 -0.00209
v -0.01222 -0.58739 -0.00209
v 0.00117 -0.58739 -0.00209
v -0.01418 -0.58739 -0.00209
v -0.00078 -0.58739 -0.00209
v -0.01231 -0.58751 -0.00209
v 0.00109 -0.58751 -0.00209
v -0.01410 -0.58751 -0.00209
v -0.00070 -0.58751 -0.00209
v -0.01240 -0.58762 -0.00209
v 0.00099 -0.58762 -0.00209
v -0.01400 -0.58762 -0.00209
v -0.00061 -0.58762 -0.00209
v -0.01251 -0.58771 -0.00209
v 0.00089 -0.58771 -0.00209
v -0.01389 -0.58771 -0.00209
v -0.00050 -0.58771 -0.00209
v -0.01263 -0.58779 -0.00209
v 0.00076 -0.58779 -0.00209
v -0.01377 -0.58779 -0.00209
v -0.00038 -0.58779 -0.00209
v -0.01276 -0.58786 -0.00209
v 0.00064 -0.58786 -0.00209
v -0.01364 -0.58786 -0.00209
v -0.00025 -0.58786 -0.00209
v -0.01290 -0.58791 -0.00209
v 0.00049 -0.58791 -0.00209
v -0.01350 -0.58791 -0.00209
v -0.00011 -0.58791 -0.00209
v -0.01305 -0.58794 -0.00209
v 0.00035 -0.58794 -0.00209
v -0.01336 -0.58794 -0.00209
v 0.00004 -0.58794 -0.00209
v -0.01320 -0.58795 -0.00209
v 0.00019 -0.58795 -0.00209
v -0.01194 -0.58682 -0.00206
v -0.01195 -0.58699 -0.00206
v -0.01208 -0.58697 -0.00209
v -0.01207 -0.58682 -0.00209
v -0.01182 -0.58682 -0.00199
v -0.01184 -0.58700 -0.00199
v -0.01175 -0.58683 -0.00188
v -0.01176 -0.58701 -0.00188
v -0.01172 -0.58683 -0.00174
v -0.01174 -0.58702 -0.00174
v -0.01198 -0.58715 -0.00206
v -0.01211 -0.58712 -0.00209
v -0.01187 -0.58718 -0.00199
v -0.01180 -0.58720 -0.00188
v -0.01177 -0.58721 -0.00174
v -0.01204 -0.58731 -0.00206
v -0.01216 -0.58726 -0.00209
v -0.01193 -0.58735 -0.00199
v -0.01186 -0.58738 -0.00188
v -0.01184 -0.58739 -0.00174
v -0.01211 -0.58746 -0.00206
v -0.01222 -0.58739 -0.00209
v -0.01201 -0.58751 -0.00199
v -0.01195 -0.58755 -0.00188
v -0.01192 -0.58756 -0.00174
v -0.01220 -0.58759 -0.00206
v -0.01231 -0.58751 -0.00209
v -0.01211 -0.58766 -0.00199
v -0.01205 -0.58771 -0.00188
v -0.01203 -0.58772 -0.00174
v -0.01231 -0.58771 -0.00206
v -0.01240 -0.58762 -0.00209
v -0.01223 -0.58779 -0.00199
v -0.01217 -0.58784 -0.00188
v -0.01215 -0.58786 -0.00174
v -0.01243 -0.58782 -0.00206
v -0.01251 -0.58771 -0.00209
v -0.01236 -0.58791 -0.00199
v -0.01231 -0.58797 -0.00188
v -0.01230 -0.58799 -0.00174
v -0.01256 -0.58791 -0.00206
v -0.01263 -0.58779 -0.00209
v -0.01251 -0.58801 -0.00199
v -0.01247 -0.58807 -0.00188
v -0.01245 -0.58809 -0.00174
v -0.01271 -0.58798 -0.00206
v -0.01276 -0.58786 -0.00209
v -0.01266 -0.58809 -0.00199
v -0.01264 -0.58816 -0.00188
v -0.01263 -0.58818 -0.00174
v -0.01286 -0.58804 -0.00206
v -0.01290 -0.58791 -0.00209
v -0.01283 -0.58815 -0.00199
v -0.01282 -0.58822 -0.00188
v -0.01281 -0.58824 -0.00174
v -0.01303 -0.58807 -0.00206
v -0.01305 -0.58794 -0.00209
v -0.01302 -0.58818 -0.00199
v -0.01300 -0.58826 -0.00188
v -0.01300 -0.58828 -0.00174
v -0.01320 -0.58808 -0.00206
v -0.01320 -0.58795 -0.00209
v -0.01320 -0.58819 -0.00199
v -0.01320 -0.58827 -0.00188
v -0.01320 -0.58830 -0.00174
v -0.01337 -0.58807 -0.00206
v -0.01336 -0.58794 -0.00209
v -0.01339 -0.58818 -0.00199
v -0.01340 -0.58826 -0.00188
v -0.01340 -0.58828 -0.00174
v -0.01354 -0.58804 -0.00206
v -0.01350 -0.58791 -0.00209
v -0.01357 -0.58815 -0.00199
v -0.01359 -0.58822 -0.00188
v -0.01359 -0.58824 -0.00174
v -0.01369 -0.58798 -0.00206
v -0.01364 -0.58786 -0.00209
v -0.01374 -0.58809 -0.00199
v -0.01377 -0.58816 -0.00188
v -0.01378 -0.58818 -0.00174
v -0.01384 -0.58791 -0.00206
v -0.01377 -0.58779 -0.00209
v -0.01390 -0.58801 -0.00199
v -0.01394 -0.58807 -0.00188
v -0.01395 -0.58809 -0.00174
v -0.01397 -0.58782 -0.00206
v -0.01389 -0.58771 -0.00209
v -0.01404 -0.58791 -0.00199
v -0.01409 -0.58797 -0.00188
v -0.01411 -0.58799 -0.00174
v -0.01410 -0.58771 -0.00206
v -0.01400 -0.58762 -0.00209
v -0.01418 -0.58779 -0.00199
v -0.01423 -0.58784 -0.00188
v -0.01425 -0.58786 -0.00174
v -0.01420 -0.58759 -0.00206
v -0.01410 -0.58751 -0.00209
v -0.01429 -0.58766 -0.00199
v -0.01435 -0.58771 -0.00188
v -0.01437 -0.58772 -0.00174
v -0.01429 -0.58746 -0.00206
v -0.01418 -0.58739 -0.00209
v -0.01439 -0.58751 -0.00199
v -0.01446 -0.58755 -0.00188
v -0.01448 -0.58756 -0.00174
v -0.01437 -0.58731 -0.00206
v -0.01424 -0.58726 -0.00209
v -0.01447 -0.58735 -0.00199
v -0.01454 -0.58738 -0.00188
v -0.01457 -0.58739 -0.00174
v -0.01442 -0.58715 -0.00206
v -0.01429 -0.58712 -0.00209
v -0.01453 -0.58718 -0.00199
v -0.01460 -0.58720 -0.00188
v -0.01463 -0.58721 -0.00174
v -0.01446 -0.58699 -0.00206
v -0.01432 -0.58697 -0.00209
v -0.01457 -0.58700 -0.00199
v -0.01464 -0.58701 -0.00188
v -0.01467 -0.58702 -0.00174
v -0.01447 -0.58682 -0.00206
v -0.01433 -0.58682 -0.00209
v -0.01458 -0.58682 -0.00199
v -0.01465 -0.58683 -0.00188
v -0.01468 -0.58683 -0.00174
v -0.01447 -0.57000 -0.00206
v -0.01433 -0.57000 -0.00209
v -0.01458 -0.57000 -0.00199
v -0.01465 -0.57000 -0.00188
v -0.01468 -0.57000 -0.00174
v -0.01447 -0.56965 -0.00206
v -0.01433 -0.56965 -0.00209
v -0.01458 -0.56965 -0.00199
v -0.01465 -0.56965 -0.00188
v -0.01468 -0.56965 -0.00174
v -0.01446 -0.56935 -0.00206
v -0.01433 -0.56936 -0.00209
v -0.01457 -0.56935 -0.00199
v -0.01465 -0.56935 -0.00188
v -0.01468 -0.56935 -0.00174
v -0.01446 -0.56909 -0.00206
v -0.01432 -0.56910 -0.00209
v -0.01457 -0.56909 -0.00199
v -0.01465 -0.56909 -0.00188
v -0.01467 -0.56909 -0.00174
v -0.01445 -0.56887 -0.00206
v -0.01432 -0.56887 -0.00209
v -0.01456 -0.56886 -0.00199
v -0.01464 -0.56886 -0.00188
v -0.01466 -0.56886 -0.00174
v -0.01444 -0.56867 -0.00206
v -0.01431 -0.56868 -0.00209
v -0.01456 -0.56867 -0.00199
v -0.01463 -0.56866 -0.00188
v -0.01466 -0.56866 -0.00174
v -0.01443 -0.56851 -0.00206
v -0.01430 -0.56852 -0.00209
v -0.01455 -0.56850 -0.00199
v -0.01462 -0.56850 -0.00188
v -0.01465 -0.56850 -0.00174
v -0.01442 -0.56837 -0.00206
v -0.01429 -0.56839 -0.00209
v -0.01454 -0.56837 -0.00199
v -0.01461 -0.56836 -0.00188
v -0.01464 -0.56836 -0.00174
v -0.01441 -0.56826 -0.00206
v -0.01428 -0.56827 -0.00209
v -0.01452 -0.56825 -0.00199
v -0.01460 -0.56824 -0.00188
v -0.01463 -0.56824 -0.00174
v -0.01440 -0.56817 -0.00206
v -0.01427 -0.56818 -0.00209
v -0.01452 -0.56815 -0.00199
v -0.01459 -0.56815 -0.00188
v -0.01462 -0.56814 -0.00174
v -0.01439 -0.56809 -0.00206
v -0.01426 -0.56811 -0.00209
v -0.01451 -0.56808 -0.00199
v -0.01458 -0.56807 -0.00188
v -0.01461 -0.56806 -0.00174
v -0.01438 -0.56803 -0.00206
v -0.01425 -0.56805 -0.00209
v -0.01449 -0.56801 -0.00199
v -0.01457 -0.56800 -0.00188
v -0.01460 -0.56800 -0.00174
v -0.01438 -0.56798 -0.00206
v -0.01424 -0.56800 -0.00209
v -0.01449 -0.56795 -0.00199
v -0.01456 -0.56794 -0.00188
v -0.01459 -0.56793 -0.00174
v -0.01435 -0.56789 -0.00206
v -0.01422 -0.56792 -0.00209
v -0.01446 -0.56786 -0.00199
v -0.01454 -0.56784 -0.00188
v -0.01456 -0.56784 -0.00174
v -0.01433 -0.56780 -0.00206
v -0.01420 -0.56784 -0.00209
v -0.01443 -0.56776 -0.00199
v -0.01451 -0.56774 -0.00188
v -0.01453 -0.56773 -0.00174
v -0.01429 -0.56770 -0.00206
v -0.01417 -0.56775 -0.00209
v -0.01440 -0.56766 -0.00199
v -0.01447 -0.56763 -0.00188
v -0.01449 -0.56762 -0.00174
v -0.01425 -0.56760 -0.00206
v -0.01413 -0.56766 -0.00209
v -0.01435 -0.56755 -0.00199
v -0.01441 -0.56751 -0.00188
v -0.01444 -0.56750 -0.00174
v -0.01419 -0.56750 -0.00206
v -0.01408 -0.56757 -0.00209
v -0.01429 -0.56744 -0.00199
v -0.01435 -0.56740 -0.00188
v -0.01437 -0.56739 -0.00174
v -0.01412 -0.56741 -0.00206
v -0.01402 -0.56749 -0.00209
v -0.01421 -0.56733 -0.00199
v -0.01427 -0.56729 -0.00188
v -0.01429 -0.56727 -0.00174
v -0.01404 -0.56731 -0.00206
v -0.01395 -0.56741 -0.00209
v -0.01412 -0.56723 -0.00199
v -0.01417 -0.56718 -0.00188
v -0.01419 -0.56716 -0.00174
v -0.01394 -0.56723 -0.00206
v -0.01386 -0.56734 -0.00209
v -0.01401 -0.56714 -0.00199
v -0.01405 -0.56708 -0.00188
v -0.01407 -0.56706 -0.00174
v -0.01383 -0.56716 -0.00206
v -0.01377 -0.56728 -0.00209
v -0.01388 -0.56706 -0.00199
v -0.01392 -0.56700 -0.00188
v -0.01393 -0.56697 -0.00174
v -0.01371 -0.56711 -0.00206
v -0.01366 -0.56724 -0.00209
v -0.01374 -0.56700 -0.00199
v -0.01376 -0.56693 -0.00188
v -0.01377 -0.56690 -0.00174
v -0.01357 -0.56708 -0.00206
v -0.01354 -0.56721 -0.00209
v -0.01358 -0.56696 -0.00199
v -0.01359 -0.56689 -0.00188
v -0.01360 -0.56686 -0.00174
v -0.01341 -0.56707 -0.00206
v -0.01341 -0.56720 -0.00209
v -0.01342 -0.56695 -0.00199
v -0.01342 -0.56688 -0.00188
v -0.01342 -0.56685 -0.00174
v -0.01333 -0.56707 -0.00206
v -0.01334 -0.56720 -0.00209
v -0.01333 -0.56695 -0.00199
v -0.01332 -0.56688 -0.00188
v -0.01332 -0.56685 -0.00174
v -0.01326 -0.56707 -0.00206
v -0.01327 -0.56721 -0.00209
v -0.01324 -0.56696 -0.00199
v -0.01324 -0.56689 -0.00188
v -0.01323 -0.56686 -0.00174
v -0.01318 -0.56708 -0.00206
v -0.01320 -0.56722 -0.00209
v -0.01316 -0.56697 -0.00199
v -0.01315 -0.56690 -0.00188
v -0.01315 -0.56687 -0.00174
v -0.01310 -0.56710 -0.00206
v -0.01313 -0.56723 -0.00209
v -0.01308 -0.56699 -0.00199
v -0.01306 -0.56691 -0.00188
v -0.01306 -0.56689 -0.00174
v -0.01302 -0.56712 -0.00206
v -0.01306 -0.56725 -0.00209
v -0.01299 -0.56701 -0.00199
v -0.01297 -0.56694 -0.00188
v -0.01296 -0.56691 -0.00174
v -0.01294 -0.56714 -0.00206
v -0.01299 -0.56727 -0.00209
v -0.01291 -0.56704 -0.00199
v -0.01288 -0.56697 -0.00188
v -0.01287 -0.56694 -0.00174
v -0.01287 -0.56717 -0.00206
v -0.01292 -0.56730 -0.00209
v -0.01282 -0.56707 -0.00199
v -0.01279 -0.56700 -0.00188
v -0.01278 -0.56698 -0.00174
v -0.01280 -0.56721 -0.00206
v -0.01286 -0.56733 -0.00209
v -0.01274 -0.56711 -0.00199
v -0.01271 -0.56704 -0.00188
v -0.01269 -0.56702 -0.00174
v -0.01272 -0.56725 -0.00206
v -0.01280 -0.56736 -0.00209
v -0.01266 -0.56715 -0.00199
v -0.01262 -0.56709 -0.00188
v -0.01261 -0.56707 -0.00174
v -0.01266 -0.56730 -0.00206
v -0.01274 -0.56740 -0.00209
v -0.01259 -0.56721 -0.00199
v -0.01254 -0.56715 -0.00188
v -0.01252 -0.56712 -0.00174
v -0.01259 -0.56735 -0.00206
v -0.01268 -0.56745 -0.00209
v -0.01252 -0.56727 -0.00199
v -0.01246 -0.56721 -0.00188
v -0.01244 -0.56719 -0.00174
v -0.01253 -0.56741 -0.00206
v -0.01264 -0.56750 -0.00209
v -0.01245 -0.56734 -0.00199
v -0.01239 -0.56729 -0.00188
v -0.01237 -0.56727 -0.00174
v -0.01239 -0.56760 -0.00206
v -0.01250 -0.56768 -0.00209
v -0.01230 -0.56754 -0.00199
v -0.01224 -0.56749 -0.00188
v -0.01222 -0.56748 -0.00174
v -0.01212 -0.56799 -0.00206
v -0.01223 -0.56806 -0.00209
v -0.01203 -0.56792 -0.00199
v -0.01197 -0.56788 -0.00188
v -0.01195 -0.56786 -0.00174
v -0.01175 -0.56853 -0.00206
v -0.01186 -0.56861 -0.00209
v -0.01166 -0.56847 -0.00199
v -0.01160 -0.56843 -0.00188
v -0.01158 -0.56841 -0.00174
v -0.01130 -0.56921 -0.00206
v -0.01141 -0.56928 -0.00209
v -0.01120 -0.56915 -0.00199
v -0.01114 -0.56910 -0.00188
v -0.01112 -0.56909 -0.00174
v -0.01078 -0.56998 -0.00206
v -0.01090 -0.57005 -0.00209
v -0.01069 -0.56992 -0.00199
v -0.01063 -0.56988 -0.00188
v -0.01060 -0.56986 -0.00174
v -0.01023 -0.57082 -0.00206
v -0.01034 -0.57089 -0.00209
v -0.01013 -0.57075 -0.00199
v -0.01007 -0.57071 -0.00188
v -0.01005 -0.57070 -0.00174
v -0.00966 -0.57168 -0.00206
v -0.00977 -0.57176 -0.00209
v -0.00956 -0.57162 -0.00199
v -0.00950 -0.57158 -0.00188
v -0.00948 -0.57156 -0.00174
v -0.00909 -0.57254 -0.00206
v -0.00920 -0.57262 -0.00209
v -0.00899 -0.57248 -0.00199
v -0.00893 -0.57244 -0.00188
v -0.00891 -0.57242 -0.00174
v -0.00854 -0.57337 -0.00206
v -0.00865 -0.57344 -0.00209
v -0.00845 -0.57331 -0.00199
v -0.00839 -0.57326 -0.00188
v -0.00836 -0.57325 -0.00174
v -0.00805 -0.57412 -0.00206
v -0.00816 -0.57419 -0.00209
v -0.00795 -0.57406 -0.00199
v -0.00789 -0.57402 -0.00188
v -0.00787 -0.57400 -0.00174
v -0.00762 -0.57477 -0.00206
v -0.00773 -0.57484 -0.00209
v -0.00753 -0.57471 -0.00199
v -0.00746 -0.57467 -0.00188
v -0.00744 -0.57465 -0.00174
v -0.00728 -0.57528 -0.00206
v -0.00740 -0.57536 -0.00209
v -0.00719 -0.57522 -0.00199
v -0.00713 -0.57518 -0.00188
v -0.00711 -0.57516 -0.00174
v -0.00713 -0.57551 -0.00206
v -0.00725 -0.57559 -0.00209
v -0.00704 -0.57545 -0.00199
v -0.00698 -0.57541 -0.00188
v -0.00695 -0.57540 -0.00174
v -0.00700 -0.57571 -0.00206
v -0.00712 -0.57578 -0.00209
v -0.00691 -0.57565 -0.00199
v -0.00685 -0.57561 -0.00188
v -0.00682 -0.57560 -0.00174
v -0.00690 -0.57588 -0.00206
v -0.00701 -0.57595 -0.00209
v -0.00680 -0.57583 -0.00199
v -0.00674 -0.57578 -0.00188
v -0.00671 -0.57577 -0.00174
v -0.00681 -0.57603 -0.00206
v -0.00692 -0.57610 -0.00209
v -0.00671 -0.57597 -0.00199
v -0.00665 -0.57593 -0.00188
v -0.00662 -0.57592 -0.00174
v -0.00673 -0.57615 -0.00206
v -0.00685 -0.57622 -0.00209
v -0.00664 -0.57609 -0.00199
v -0.00657 -0.57605 -0.00188
v -0.00655 -0.57604 -0.00174
v -0.00667 -0.57625 -0.00206
v -0.00678 -0.57632 -0.00209
v -0.00658 -0.57618 -0.00199
v -0.00651 -0.57614 -0.00188
v -0.00649 -0.57613 -0.00174
v -0.00662 -0.57632 -0.00206
v -0.00673 -0.57640 -0.00209
v -0.00653 -0.57625 -0.00199
v -0.00647 -0.57620 -0.00188
v -0.00645 -0.57619 -0.00174
v -0.00658 -0.57637 -0.00206
v -0.00668 -0.57646 -0.00209
v -0.00650 -0.57629 -0.00199
v -0.00644 -0.57624 -0.00188
v -0.00642 -0.57622 -0.00174
v -0.00656 -0.57639 -0.00206
v -0.00664 -0.57650 -0.00209
v -0.00648 -0.57631 -0.00199
v -0.00644 -0.57625 -0.00188
v -0.00642 -0.57622 -0.00174
v -0.00654 -0.57641 -0.00206
v -0.00660 -0.57653 -0.00209
v -0.00649 -0.57630 -0.00199
v -0.00645 -0.57624 -0.00188
v -0.00644 -0.57621 -0.00174
v -0.00652 -0.57641 -0.00206
v -0.00655 -0.57654 -0.00209
v -0.00650 -0.57630 -0.00199
v -0.00648 -0.57622 -0.00188
v -0.00648 -0.57620 -0.00174
v -0.00650 -0.57641 -0.00206
v -0.00650 -0.57655 -0.00209
v -0.00650 -0.57630 -0.00199
v -0.00650 -0.57622 -0.00188
v -0.00650 -0.57620 -0.00174
v -0.00648 -0.57641 -0.00206
v -0.00645 -0.57654 -0.00209
v -0.00651 -0.57630 -0.00199
v -0.00652 -0.57622 -0.00188
v -0.00653 -0.57620 -0.00174
v -0.00647 -0.57641 -0.00206
v -0.00641 -0.57653 -0.00209
v -0.00652 -0.57630 -0.00199
v -0.00655 -0.57624 -0.00188
v -0.00657 -0.57621 -0.00174
v -0.00645 -0.57639 -0.00206
v -0.00637 -0.57650 -0.00209
v -0.00652 -0.57631 -0.00199
v -0.00657 -0.57625 -0.00188
v -0.00659 -0.57622 -0.00174
v -0.00642 -0.57637 -0.00206
v -0.00632 -0.57646 -0.00209
v -0.00651 -0.57629 -0.00199
v -0.00656 -0.57624 -0.00188
v -0.00658 -0.57622 -0.00174
v -0.00639 -0.57632 -0.00206
v -0.00628 -0.57640 -0.00209
v -0.00648 -0.57625 -0.00199
v -0.00654 -0.57620 -0.00188
v -0.00656 -0.57619 -0.00174
v -0.00634 -0.57625 -0.00206
v -0.00622 -0.57632 -0.00209
v -0.00643 -0.57618 -0.00199
v -0.00649 -0.57614 -0.00188
v -0.00651 -0.57613 -0.00174
v -0.00628 -0.57615 -0.00206
v -0.00616 -0.57622 -0.00209
v -0.00637 -0.57609 -0.00199
v -0.00643 -0.57605 -0.00188
v -0.00646 -0.57604 -0.00174
v -0.00620 -0.57603 -0.00206
v -0.00609 -0.57610 -0.00209
v -0.00630 -0.57597 -0.00199
v -0.00636 -0.57593 -0.00188
v -0.00638 -0.57592 -0.00174
v -0.00611 -0.57588 -0.00206
v -0.00600 -0.57595 -0.00209
v -0.00621 -0.57583 -0.00199
v -0.00627 -0.57578 -0.00188
v -0.00629 -0.57577 -0.00174
v -0.00600 -0.57571 -0.00206
v -0.00589 -0.57578 -0.00209
v -0.00610 -0.57565 -0.00199
v -0.00616 -0.57561 -0.00188
v -0.00618 -0.57560 -0.00174
v -0.00587 -0.57551 -0.00206
v -0.00576 -0.57559 -0.00209
v -0.00597 -0.57545 -0.00199
v -0.00603 -0.57541 -0.00188
v -0.00605 -0.57540 -0.00174
v -0.00572 -0.57528 -0.00206
v -0.00561 -0.57536 -0.00209
v -0.00582 -0.57522 -0.00199
v -0.00588 -0.57518 -0.00188
v -0.00590 -0.57516 -0.00174
v -0.00539 -0.57478 -0.00206
v -0.00528 -0.57485 -0.00209
v -0.00548 -0.57471 -0.00199
v -0.00554 -0.57467 -0.00188
v -0.00557 -0.57466 -0.00174
v -0.00496 -0.57413 -0.00206
v -0.00485 -0.57420 -0.00209
v -0.00505 -0.57407 -0.00199
v -0.00512 -0.57403 -0.00188
v -0.00514 -0.57401 -0.00174
v -0.00446 -0.57338 -0.00206
v -0.00435 -0.57345 -0.00209
v -0.00456 -0.57332 -0.00199
v -0.00462 -0.57327 -0.00188
v -0.00464 -0.57326 -0.00174
v -0.00392 -0.57256 -0.00206
v -0.00381 -0.57263 -0.00209
v -0.00402 -0.57249 -0.00199
v -0.00408 -0.57245 -0.00188
v -0.00410 -0.57244 -0.00174
v -0.00335 -0.57169 -0.00206
v -0.00324 -0.57177 -0.00209
v -0.00345 -0.57163 -0.00199
v -0.00351 -0.57159 -0.00188
v -0.00353 -0.57158 -0.00174
v -0.00278 -0.57083 -0.00206
v -0.00267 -0.57090 -0.00209
v -0.00287 -0.57077 -0.00199
v -0.00294 -0.57072 -0.00188
v -0.00296 -0.57071 -0.00174
v -0.00222 -0.56999 -0.00206
v -0.00211 -0.57006 -0.00209
v -0.00232 -0.56993 -0.00199
v -0.00238 -0.56989 -0.00188
v -0.00240 -0.56987 -0.00174
v -0.00171 -0.56922 -0.00206
v -0.00160 -0.56929 -0.00209
v -0.00180 -0.56915 -0.00199
v -0.00186 -0.56911 -0.00188
v -0.00189 -0.56910 -0.00174
v -0.00126 -0.56854 -0.00206
v -0.00114 -0.56861 -0.00209
v -0.00135 -0.56847 -0.00199
v -0.00141 -0.56843 -0.00188
v -0.00143 -0.56842 -0.00174
v -0.00088 -0.56799 -0.00206
v -0.00077 -0.56806 -0.00209
v -0.00098 -0.56792 -0.00199
v -0.00104 -0.56788 -0.00188
v -0.00106 -0.56787 -0.00174
v -0.00062 -0.56760 -0.00206
v -0.00051 -0.56768 -0.00209
v -0.00071 -0.56754 -0.00199
v -0.00077 -0.56749 -0.00188
v -0.00079 -0.56748 -0.00174
v -0.00047 -0.56741 -0.00206
v -0.00037 -0.56750 -0.00209
v -0.00056 -0.56734 -0.00199
v -0.00062 -0.56729 -0.00188
v -0.00064 -0.56727 -0.00174
v -0.00042 -0.56735 -0.00206
v -0.00032 -0.56745 -0.00209
v -0.00049 -0.56727 -0.00199
v -0.00054 -0.56721 -0.00188
v -0.00056 -0.56719 -0.00174
v -0.00035 -0.56730 -0.00206
v -0.00027 -0.56740 -0.00209
v -0.00042 -0.56721 -0.00199
v -0.00047 -0.56715 -0.00188
v -0.00048 -0.56712 -0.00174
v -0.00028 -0.56725 -0.00206
v -0.00021 -0.56736 -0.00209
v -0.00034 -0.56715 -0.00199
v -0.00038 -0.56709 -0.00188
v -0.00040 -0.56707 -0.00174
v -0.00021 -0.56721 -0.00206
v -0.00015 -0.56733 -0.00209
v -0.00026 -0.56711 -0.00199
v -0.00030 -0.56704 -0.00188
v -0.00031 -0.56702 -0.00174
v -0.00014 -0.56717 -0.00206
v -0.00009 -0.56730 -0.00209
v -0.00018 -0.56707 -0.00199
v -0.00021 -0.56700 -0.00188
v -0.00022 -0.56698 -0.00174
v -0.00006 -0.56714 -0.00206
v -0.00002 -0.56727 -0.00209
v -0.00010 -0.56704 -0.00199
v -0.00013 -0.56697 -0.00188
v -0.00013 -0.56694 -0.00174
v 0.00002 -0.56712 -0.00206
v 0.00005 -0.56725 -0.00209
v -0.00002 -0.56701 -0.00199
v -0.00004 -0.56694 -0.00188
v -0.00004 -0.56691 -0.00174
v 0.00009 -0.56710 -0.00206
v 0.00012 -0.56723 -0.00209
v 0.00007 -0.56699 -0.00199
v 0.00005 -0.56691 -0.00188
v 0.00005 -0.56689 -0.00174
v 0.00017 -0.56708 -0.00206
v 0.00019 -0.56722 -0.00209
v 0.00015 -0.56697 -0.00199
v 0.00014 -0.56690 -0.00188
v 0.00014 -0.56687 -0.00174
v 0.00025 -0.56707 -0.00206
v 0.00026 -0.56721 -0.00209
v 0.00024 -0.56696 -0.00199
v 0.00023 -0.56689 -0.00188
v 0.00023 -0.56686 -0.00174
v 0.00033 -0.56707 -0.00206
v 0.00034 -0.56720 -0.00209
v 0.00032 -0.56695 -0.00199
v 0.00032 -0.56688 -0.00188
v 0.00032 -0.56685 -0.00174
v 0.00041 -0.56707 -0.00206
v 0.00040 -0.56720 -0.00209
v 0.00041 -0.56695 -0.00199
v 0.00041 -0.56688 -0.00188
v 0.00041 -0.56685 -0.00174
v 0.00056 -0.56708 -0.00206
v 0.00054 -0.56721 -0.00209
v 0.00057 -0.56696 -0.00199
v 0.00059 -0.56689 -0.00188
v 0.00059 -0.56686 -0.00174
v 0.00070 -0.56711 -0.00206
v 0.00066 -0.56724 -0.00209
v 0.00073 -0.56700 -0.00199
v 0.00076 -0.56693 -0.00188
v 0.00077 -0.56690 -0.00174
v 0.00082 -0.56716 -0.00206
v 0.00076 -0.56728 -0.00209
v 0.00088 -0.56706 -0.00199
v 0.00091 -0.56700 -0.00188
v 0.00092 -0.56697 -0.00174
v 0.00094 -0.56723 -0.00206
v 0.00086 -0.56734 -0.00209
v 0.00100 -0.56714 -0.00199
v 0.00105 -0.56708 -0.00188
v 0.00106 -0.56706 -0.00174
v 0.00103 -0.56731 -0.00206
v 0.00094 -0.56741 -0.00209
v 0.00111 -0.56723 -0.00199
v 0.00116 -0.56718 -0.00188
v 0.00118 -0.56716 -0.00174
v 0.00111 -0.56741 -0.00206
v 0.00101 -0.56749 -0.00209
v 0.00120 -0.56733 -0.00199
v 0.00126 -0.56729 -0.00188
v 0.00128 -0.56727 -0.00174
v 0.00118 -0.56750 -0.00206
v 0.00107 -0.56757 -0.00209
v 0.00128 -0.56744 -0.00199
v 0.00134 -0.56740 -0.00188
v 0.00136 -0.56739 -0.00174
v 0.00124 -0.56760 -0.00206
v 0.00112 -0.56766 -0.00209
v 0.00134 -0.56755 -0.00199
v 0.00141 -0.56751 -0.00188
v 0.00143 -0.56750 -0.00174
v 0.00128 -0.56770 -0.00206
v 0.00116 -0.56775 -0.00209
v 0.00139 -0.56766 -0.00199
v 0.00146 -0.56763 -0.00188
v 0.00148 -0.56762 -0.00174
v 0.00132 -0.56780 -0.00206
v 0.00119 -0.56784 -0.00209
v 0.00143 -0.56776 -0.00199
v 0.00150 -0.56774 -0.00188
v 0.00152 -0.56773 -0.00174
v 0.00135 -0.56789 -0.00206
v 0.00122 -0.56792 -0.00209
v 0.00146 -0.56786 -0.00199
v 0.00153 -0.56784 -0.00188
v 0.00155 -0.56784 -0.00174
v 0.00137 -0.56798 -0.00206
v 0.00124 -0.56800 -0.00209
v 0.00148 -0.56795 -0.00199
v 0.00155 -0.56794 -0.00188
v 0.00158 -0.56793 -0.00174
v 0.00138 -0.56803 -0.00206
v 0.00124 -0.56805 -0.00209
v 0.00149 -0.56801 -0.00199
v 0.00156 -0.56800 -0.00188
v 0.00159 -0.56800 -0.00174
v 0.00138 -0.56809 -0.00206
v 0.00125 -0.56811 -0.00209
v 0.00150 -0.56808 -0.00199
v 0.00157 -0.56807 -0.00188
v 0.00160 -0.56806 -0.00174
v 0.00139 -0.56817 -0.00206
v 0.00126 -0.56818 -0.00209
v 0.00151 -0.56815 -0.00199
v 0.00158 -0.56815 -0.00188
v 0.00161 -0.56814 -0.00174
v 0.00140 -0.56826 -0.00206
v 0.00127 -0.56827 -0.00209
v 0.00152 -0.56825 -0.00199
v 0.00159 -0.56824 -0.00188
v 0.00162 -0.56824 -0.00174
v 0.00142 -0.56837 -0.00206
v 0.00128 -0.56839 -0.00209
v 0.00153 -0.56837 -0.00199
v 0.00160 -0.56836 -0.00188
v 0.00163 -0.56836 -0.00174
v 0.00143 -0.56851 -0.00206
v 0.00129 -0.56852 -0.00209
v 0.00154 -0.56850 -0.00199
v 0.00161 -0.56850 -0.00188
v 0.00164 -0.56850 -0.00174
v 0.00143 -0.56867 -0.00206
v 0.00130 -0.56868 -0.00209
v 0.00155 -0.56867 -0.00199
v 0.00162 -0.56866 -0.00188
v 0.00165 -0.56866 -0.00174
v 0.00144 -0.56887 -0.00206
v 0.00131 -0.56887 -0.00209
v 0.00155 -0.56886 -0.00199
v 0.00163 -0.56886 -0.00188
v 0.00166 -0.56886 -0.00174
v 0.00145 -0.56909 -0.00206
v 0.00132 -0.56910 -0.00209
v 0.00156 -0.56909 -0.00199
v 0.00164 -0.56909 -0.00188
v 0.00166 -0.56909 -0.00174
v 0.00145 -0.56935 -0.00206
v 0.00132 -0.56936 -0.00209
v 0.00157 -0.56935 -0.00199
v 0.00164 -0.56935 -0.00188
v 0.00167 -0.56935 -0.00174
v 0.00146 -0.56965 -0.00206
v 0.00132 -0.56965 -0.00209
v 0.00157 -0.56965 -0.00199
v 0.00165 -0.56965 -0.00188
v 0.00167 -0.56965 -0.00174
v 0.00146 -0.57000 -0.00206
v 0.00133 -0.57000 -0.00209
v 0.00157 -0.57000 -0.00199
v 0.00165 -0.57000 -0.00188
v 0.00167 -0.57000 -0.00174
v 0.00146 -0.58682 -0.00206
v 0.00133 -0.58682 -0.00209
v 0.00157 -0.58682 -0.00199
v 0.00165 -0.58683 -0.00188
v 0.00167 -0.58683 -0.00174
v 0.00145 -0.58699 -0.00206
v 0.00131 -0.58697 -0.00209
v 0.00156 -0.58700 -0.00199
v 0.00163 -0.58701 -0.00188
v 0.00166 -0.58702 -0.00174
v 0.00141 -0.58715 -0.00206
v 0.00128 -0.58712 -0.00209
v 0.00152 -0.58718 -0.00199
v 0.00160 -0.58720 -0.00188
v 0.00162 -0.58721 -0.00174
v 0.00136 -0.58731 -0.00206
v 0.00124 -0.58726 -0.00209
v 0.00146 -0.58735 -0.00199
v 0.00153 -0.58738 -0.00188
v 0.00156 -0.58739 -0.00174
v 0.00129 -0.58746 -0.00206
v 0.00117 -0.58739 -0.00209
v 0.00138 -0.58751 -0.00199
v 0.00145 -0.58755 -0.00188
v 0.00147 -0.58756 -0.00174
v 0.00120 -0.58759 -0.00206
v 0.00109 -0.58751 -0.00209
v 0.00128 -0.58766 -0.00199
v 0.00135 -0.58771 -0.00188
v 0.00137 -0.58772 -0.00174
v 0.00109 -0.58771 -0.00206
v 0.00099 -0.58762 -0.00209
v 0.00117 -0.58779 -0.00199
v 0.00122 -0.58784 -0.00188
v 0.00124 -0.58786 -0.00174
v 0.00097 -0.58782 -0.00206
v 0.00089 -0.58771 -0.00209
v 0.00104 -0.58791 -0.00199
v 0.00108 -0.58797 -0.00188
v 0.00110 -0.58799 -0.00174
v 0.00083 -0.58791 -0.00206
v 0.00076 -0.58779 -0.00209
v 0.00089 -0.58801 -0.00199
v 0.00093 -0.58807 -0.00188
v 0.00094 -0.58809 -0.00174
v 0.00069 -0.58798 -0.00206
v 0.00064 -0.58786 -0.00209
v 0.00073 -0.58809 -0.00199
v 0.00076 -0.58816 -0.00188
v 0.00077 -0.58818 -0.00174
v 0.00053 -0.58804 -0.00206
v 0.00049 -0.58791 -0.00209
v 0.00056 -0.58815 -0.00199
v 0.00058 -0.58822 -0.00188
v 0.00059 -0.58824 -0.00174
v 0.00037 -0.58807 -0.00206
v 0.00035 -0.58794 -0.00209
v 0.00038 -0.58818 -0.00199
v 0.00039 -0.58826 -0.00188
v 0.00040 -0.58828 -0.00174
v 0.00019 -0.58808 -0.00206
v 0.00019 -0.58795 -0.00209
v 0.00019 -0.58819 -0.00199
v 0.00019 -0.58827 -0.00188
v 0.00019 -0.58830 -0.00174
v 0.00002 -0.58807 -0.00206
v 0.00004 -0.58794 -0.00209
v 0.00001 -0.58818 -0.00199
v -0.00000 -0.58826 -0.00188
v -0.00001 -0.58828 -0.00174
v -0.00014 -0.58804 -0.00206
v -0.00011 -0.58791 -0.00209
v -0.00017 -0.58815 -0.00199
v -0.00019 -0.58822 -0.00188
v -0.00020 -0.58824 -0.00174
v -0.00030 -0.58798 -0.00206
v -0.00025 -0.58786 -0.00209
v -0.00034 -0.58809 -0.00199
v -0.00037 -0.58816 -0.00188
v -0.00038 -0.58818 -0.00174
v -0.00044 -0.58791 -0.00206
v -0.00038 -0.58779 -0.00209
v -0.00050 -0.58801 -0.00199
v -0.00054 -0.58807 -0.00188
v -0.00055 -0.58809 -0.00174
v -0.00058 -0.58782 -0.00206
v -0.00050 -0.58771 -0.00209
v -0.00065 -0.58791 -0.00199
v -0.00069 -0.58797 -0.00188
v -0.00071 -0.58799 -0.00174
v -0.00070 -0.58771 -0.00206
v -0.00061 -0.58762 -0.00209
v -0.00078 -0.58779 -0.00199
v -0.00083 -0.58784 -0.00188
v -0.00085 -0.58786 -0.00174
v -0.00081 -0.58759 -0.00206
v -0.00070 -0.58751 -0.00209
v -0.00090 -0.58766 -0.00199
v -0.00096 -0.58771 -0.00188
v -0.00098 -0.58772 -0.00174
v -0.00090 -0.58746 -0.00206
v -0.00078 -0.58739 -0.00209
v -0.00100 -0.58751 -0.00199
v -0.00106 -0.58755 -0.00188
v -0.00108 -0.58756 -0.00174
v -0.00097 -0.58731 -0.00206
v -0.00085 -0.58726 -0.00209
v -0.00108 -0.58735 -0.00199
v -0.00114 -0.58738 -0.00188
v -0.00117 -0.58739 -0.00174
v -0.00103 -0.58715 -0.00206
v -0.00090 -0.58712 -0.00209
v -0.00113 -0.58718 -0.00199
v -0.00121 -0.58720 -0.00188
v -0.00123 -0.58721 -0.00174
v -0.00106 -0.58699 -0.00206
v -0.00093 -0.58697 -0.00209
v -0.00117 -0.58700 -0.00199
v -0.00125 -0.58701 -0.00188
v -0.00127 -0.58702 -0.00174
v -0.00107 -0.58682 -0.00206
v -0.00094 -0.58682 -0.00209
v -0.00118 -0.58682 -0.00199
v -0.00126 -0.58683 -0.00188
v -0.00128 -0.58683 -0.00174
v -0.00107 -0.57273 -0.00206
v -0.00094 -0.57273 -0.00209
v -0.00118 -0.57274 -0.00199
v -0.00126 -0.57274 -0.00188
v -0.00128 -0.57274 -0.00174
v -0.00107 -0.57259 -0.00206
v -0.00094 -0.57258 -0.00209
v -0.00118 -0.57259 -0.00199
v -0.00126 -0.57259 -0.00188
v -0.00129 -0.57259 -0.00174
v -0.00107 -0.57246 -0.00206
v -0.00094 -0.57246 -0.00209
v -0.00119 -0.57246 -0.00199
v -0.00126 -0.57246 -0.00188
v -0.00129 -0.57246 -0.00174
v -0.00108 -0.57235 -0.00206
v -0.00094 -0.57235 -0.00209
v -0.00119 -0.57236 -0.00199
v -0.00126 -0.57236 -0.00188
v -0.00129 -0.57236 -0.00174
v -0.00108 -0.57227 -0.00206
v -0.00095 -0.57226 -0.00209
v -0.00119 -0.57228 -0.00199
v -0.00127 -0.57228 -0.00188
v -0.00129 -0.57228 -0.00174
v -0.00109 -0.57220 -0.00206
v -0.00095 -0.57219 -0.00209
v -0.00120 -0.57221 -0.00199
v -0.00127 -0.57222 -0.00188
v -0.00130 -0.57222 -0.00174
v -0.00109 -0.57215 -0.00206
v -0.00096 -0.57213 -0.00209
v -0.00120 -0.57217 -0.00199
v -0.00128 -0.57218 -0.00188
v -0.00130 -0.57219 -0.00174
v -0.00110 -0.57212 -0.00206
v -0.00097 -0.57209 -0.00209
v -0.00121 -0.57215 -0.00199
v -0.00128 -0.57217 -0.00188
v -0.00131 -0.57218 -0.00174
v -0.00110 -0.57211 -0.00206
v -0.00098 -0.57206 -0.00209
v -0.00120 -0.57216 -0.00199
v -0.00128 -0.57218 -0.00188
v -0.00130 -0.57219 -0.00174
v -0.00110 -0.57212 -0.00206
v -0.00099 -0.57204 -0.00209
v -0.00119 -0.57219 -0.00199
v -0.00125 -0.57223 -0.00188
v -0.00127 -0.57225 -0.00174
v -0.00108 -0.57214 -0.00206
v -0.00100 -0.57203 -0.00209
v -0.00114 -0.57223 -0.00199
v -0.00119 -0.57230 -0.00188
v -0.00120 -0.57232 -0.00174
v -0.00105 -0.57215 -0.00206
v -0.00101 -0.57202 -0.00209
v -0.00108 -0.57226 -0.00199
v -0.00110 -0.57234 -0.00188
v -0.00111 -0.57236 -0.00174
v -0.00103 -0.57216 -0.00206
v -0.00103 -0.57202 -0.00209
v -0.00103 -0.57227 -0.00199
v -0.00103 -0.57234 -0.00188
v -0.00103 -0.57237 -0.00174
v -0.00104 -0.57216 -0.00206
v -0.00106 -0.57202 -0.00209
v -0.00102 -0.57227 -0.00199
v -0.00101 -0.57234 -0.00188
v -0.00101 -0.57237 -0.00174
v -0.00104 -0.57216 -0.00206
v -0.00109 -0.57203 -0.00209
v -0.00100 -0.57226 -0.00199
v -0.00097 -0.57233 -0.00188
v -0.00097 -0.57236 -0.00174
v -0.00104 -0.57215 -0.00206
v -0.00111 -0.57204 -0.00209
v -0.00097 -0.57225 -0.00199
v -0.00093 -0.57231 -0.00188
v -0.00092 -0.57233 -0.00174
v -0.00104 -0.57216 -0.00206
v -0.00113 -0.57206 -0.00209
v -0.00096 -0.57224 -0.00199
v -0.00090 -0.57229 -0.00188
v -0.00089 -0.57231 -0.00174
v -0.00105 -0.57217 -0.00206
v -0.00116 -0.57209 -0.00209
v -0.00096 -0.57224 -0.00199
v -0.00090 -0.57228 -0.00188
v -0.00088 -0.57230 -0.00174
v -0.00107 -0.57220 -0.00206
v -0.00118 -0.57212 -0.00209
v -0.00097 -0.57226 -0.00199
v -0.00091 -0.57230 -0.00188
v -0.00089 -0.57231 -0.00174
v -0.00110 -0.57224 -0.00206
v -0.00121 -0.57217 -0.00209
v -0.00100 -0.57230 -0.00199
v -0.00093 -0.57234 -0.00188
v -0.00091 -0.57235 -0.00174
v -0.00113 -0.57230 -0.00206
v -0.00124 -0.57223 -0.00209
v -0.00103 -0.57235 -0.00199
v -0.00097 -0.57239 -0.00188
v -0.00094 -0.57241 -0.00174
v -0.00117 -0.57237 -0.00206
v -0.00129 -0.57230 -0.00209
v -0.00108 -0.57243 -0.00199
v -0.00101 -0.57246 -0.00188
v -0.00099 -0.57248 -0.00174
v -0.00122 -0.57245 -0.00206
v -0.00134 -0.57238 -0.00209
v -0.00113 -0.57251 -0.00199
v -0.00106 -0.57255 -0.00188
v -0.00104 -0.57256 -0.00174
v -0.00129 -0.57255 -0.00206
v -0.00140 -0.57248 -0.00209
v -0.00119 -0.57261 -0.00199
v -0.00113 -0.57265 -0.00188
v -0.00111 -0.57267 -0.00174
v -0.00136 -0.57266 -0.00206
v -0.00147 -0.57259 -0.00209
v -0.00127 -0.57272 -0.00199
v -0.00120 -0.57276 -0.00188
v -0.00118 -0.57278 -0.00174
v -0.00152 -0.57290 -0.00206
v -0.00163 -0.57283 -0.00209
v -0.00143 -0.57297 -0.00199
v -0.00136 -0.57301 -0.00188
v -0.00134 -0.57302 -0.00174
v -0.00177 -0.57328 -0.00206
v -0.00188 -0.57321 -0.00209
v -0.00167 -0.57334 -0.00199
v -0.00161 -0.57338 -0.00188
v -0.00158 -0.57340 -0.00174
v -0.00208 -0.57377 -0.00206
v -0.00219 -0.57370 -0.00209
v -0.00198 -0.57383 -0.00199
v -0.00192 -0.57387 -0.00188
v -0.00190 -0.57389 -0.00174
v -0.00245 -0.57434 -0.00206
v -0.00256 -0.57427 -0.00209
v -0.00235 -0.57440 -0.00199
v -0.00229 -0.57444 -0.00188
v -0.00227 -0.57446 -0.00174
v -0.00286 -0.57497 -0.00206
v -0.00297 -0.57490 -0.00209
v -0.00276 -0.57503 -0.00199
v -0.00270 -0.57507 -0.00188
v -0.00267 -0.57509 -0.00174
v -0.00329 -0.57564 -0.00206
v -0.00340 -0.57556 -0.00209
v -0.00319 -0.57570 -0.00199
v -0.00313 -0.57574 -0.00188
v -0.00311 -0.57575 -0.00174
v -0.00373 -0.57632 -0.00206
v -0.00384 -0.57624 -0.00209
v -0.00363 -0.57638 -0.00199
v -0.00357 -0.57642 -0.00188
v -0.00355 -0.57643 -0.00174
v -0.00416 -0.57698 -0.00206
v -0.00428 -0.57691 -0.00209
v -0.00407 -0.57705 -0.00199
v -0.00401 -0.57709 -0.00188
v -0.00398 -0.57710 -0.00174
v -0.00458 -0.57762 -0.00206
v -0.00469 -0.57754 -0.00209
v -0.00448 -0.57768 -0.00199
v -0.00442 -0.57772 -0.00188
v -0.00440 -0.57773 -0.00174
v -0.00495 -0.57819 -0.00206
v -0.00506 -0.57812 -0.00209
v -0.00486 -0.57825 -0.00199
v -0.00479 -0.57829 -0.00188
v -0.00477 -0.57831 -0.00174
v -0.00527 -0.57868 -0.00206
v -0.00539 -0.57861 -0.00209
v -0.00518 -0.57874 -0.00199
v -0.00512 -0.57878 -0.00188
v -0.00509 -0.57880 -0.00174
v -0.00553 -0.57906 -0.00206
v -0.00564 -0.57899 -0.00209
v -0.00544 -0.57913 -0.00199
v -0.00537 -0.57917 -0.00188
v -0.00535 -0.57918 -0.00174
v -0.00566 -0.57924 -0.00206
v -0.00577 -0.57917 -0.00209
v -0.00556 -0.57931 -0.00199
v -0.00550 -0.57935 -0.00188
v -0.00548 -0.57937 -0.00174
v -0.00577 -0.57940 -0.00206
v -0.00588 -0.57932 -0.00209
v -0.00568 -0.57947 -0.00199
v -0.00562 -0.57951 -0.00188
v -0.00559 -0.57953 -0.00174
v -0.00587 -0.57953 -0.00206
v -0.00597 -0.57945 -0.00209
v -0.00577 -0.57960 -0.00199
v -0.00571 -0.57965 -0.00188
v -0.00569 -0.57966 -0.00174
v -0.00595 -0.57965 -0.00206
v -0.00606 -0.57956 -0.00209
v -0.00586 -0.57972 -0.00199
v -0.00580 -0.57976 -0.00188
v -0.00578 -0.57978 -0.00174
v -0.00603 -0.57974 -0.00206
v -0.00613 -0.57965 -0.00209
v -0.00594 -0.57981 -0.00199
v -0.00589 -0.57986 -0.00188
v -0.00587 -0.57988 -0.00174
v -0.00610 -0.57982 -0.00206
v -0.00619 -0.57972 -0.00209
v -0.00602 -0.57990 -0.00199
v -0.00596 -0.57995 -0.00188
v -0.00594 -0.57997 -0.00174
v -0.00617 -0.57988 -0.00206
v -0.00625 -0.57978 -0.00209
v -0.00609 -0.57997 -0.00199
v -0.00604 -0.58002 -0.00188
v -0.00603 -0.58004 -0.00174
v -0.00623 -0.57993 -0.00206
v -0.00631 -0.57982 -0.00209
v -0.00617 -0.58003 -0.00199
v -0.00613 -0.58009 -0.00188
v -0.00611 -0.58011 -0.00174
v -0.00630 -0.57997 -0.00206
v -0.00636 -0.57985 -0.00209
v -0.00625 -0.58007 -0.00199
v -0.00622 -0.58014 -0.00188
v -0.00621 -0.58017 -0.00174
v -0.00637 -0.58000 -0.00206
v -0.00641 -0.57987 -0.00209
v -0.00634 -0.58011 -0.00199
v -0.00632 -0.58018 -0.00188
v -0.00631 -0.58020 -0.00174
v -0.00644 -0.58001 -0.00206
v -0.00645 -0.57988 -0.00209
v -0.00642 -0.58012 -0.00199
v -0.00641 -0.58020 -0.00188
v -0.00641 -0.58022 -0.00174
v -0.00650 -0.58001 -0.00206
v -0.00650 -0.57988 -0.00209
v -0.00650 -0.58013 -0.00199
v -0.00650 -0.58020 -0.00188
v -0.00650 -0.58023 -0.00174
v -0.00657 -0.58001 -0.00206
v -0.00655 -0.57988 -0.00209
v -0.00658 -0.58012 -0.00199
v -0.00660 -0.58020 -0.00188
v -0.00660 -0.58022 -0.00174
v -0.00664 -0.58000 -0.00206
v -0.00660 -0.57987 -0.00209
v -0.00667 -0.58011 -0.00199
v -0.00669 -0.58018 -0.00188
v -0.00670 -0.58020 -0.00174
v -0.00671 -0.57997 -0.00206
v -0.00665 -0.57985 -0.00209
v -0.00676 -0.58007 -0.00199
v -0.00679 -0.58014 -0.00188
v -0.00680 -0.58017 -0.00174
v -0.00678 -0.57993 -0.00206
v -0.00670 -0.57982 -0.00209
v -0.00684 -0.58003 -0.00199
v -0.00688 -0.58009 -0.00188
v -0.00690 -0.58011 -0.00174
v -0.00684 -0.57988 -0.00206
v -0.00675 -0.57978 -0.00209
v -0.00692 -0.57997 -0.00199
v -0.00696 -0.58002 -0.00188
v -0.00698 -0.58004 -0.00174
v -0.00691 -0.57982 -0.00206
v -0.00681 -0.57972 -0.00209
v -0.00699 -0.57990 -0.00199
v -0.00704 -0.57995 -0.00188
v -0.00706 -0.57997 -0.00174
v -0.00698 -0.57974 -0.00206
v -0.00688 -0.57965 -0.00209
v -0.00706 -0.57981 -0.00199
v -0.00712 -0.57986 -0.00188
v -0.00714 -0.57988 -0.00174
v -0.00706 -0.57965 -0.00206
v -0.00695 -0.57956 -0.00209
v -0.00714 -0.57972 -0.00199
v -0.00720 -0.57976 -0.00188
v -0.00722 -0.57978 -0.00174
v -0.00714 -0.57953 -0.00206
v -0.00703 -0.57945 -0.00209
v -0.00723 -0.57960 -0.00199
v -0.00729 -0.57965 -0.00188
v -0.00731 -0.57966 -0.00174
v -0.00724 -0.57940 -0.00206
v -0.00713 -0.57932 -0.00209
v -0.00733 -0.57947 -0.00199
v -0.00739 -0.57951 -0.00188
v -0.00741 -0.57953 -0.00174
v -0.00735 -0.57924 -0.00206
v -0.00724 -0.57917 -0.00209
v -0.00744 -0.57931 -0.00199
v -0.00751 -0.57935 -0.00188
v -0.00753 -0.57937 -0.00174
v -0.00748 -0.57906 -0.00206
v -0.00737 -0.57899 -0.00209
v -0.00757 -0.57913 -0.00199
v -0.00763 -0.57917 -0.00188
v -0.00766 -0.57918 -0.00174
v -0.00773 -0.57868 -0.00206
v -0.00762 -0.57861 -0.00209
v -0.00783 -0.57874 -0.00199
v -0.00789 -0.57878 -0.00188
v -0.00791 -0.57880 -0.00174
v -0.00806 -0.57819 -0.00206
v -0.00794 -0.57812 -0.00209
v -0.00815 -0.57825 -0.00199
v -0.00821 -0.57829 -0.00188
v -0.00824 -0.57831 -0.00174
v -0.00843 -0.57762 -0.00206
v -0.00832 -0.57754 -0.00209
v -0.00853 -0.57768 -0.00199
v -0.00859 -0.57772 -0.00188
v -0.00861 -0.57773 -0.00174
v -0.00884 -0.57698 -0.00206
v -0.00873 -0.57691 -0.00209
v -0.00894 -0.57705 -0.00199
v -0.00900 -0.57709 -0.00188
v -0.00902 -0.57710 -0.00174
v -0.00928 -0.57632 -0.00206
v -0.00917 -0.57624 -0.00209
v -0.00937 -0.57638 -0.00199
v -0.00944 -0.57642 -0.00188
v -0.00946 -0.57643 -0.00174
v -0.00972 -0.57564 -0.00206
v -0.00961 -0.57556 -0.00209
v -0.00981 -0.57570 -0.00199
v -0.00988 -0.57574 -0.00188
v -0.00990 -0.57575 -0.00174
v -0.01015 -0.57497 -0.00206
v -0.01004 -0.57490 -0.00209
v -0.01025 -0.57503 -0.00199
v -0.01031 -0.57507 -0.00188
v -0.01033 -0.57509 -0.00174
v -0.01056 -0.57434 -0.00206
v -0.01045 -0.57427 -0.00209
v -0.01065 -0.57440 -0.00199
v -0.01072 -0.57444 -0.00188
v -0.01074 -0.57446 -0.00174
v -0.01093 -0.57377 -0.00206
v -0.01082 -0.57370 -0.00209
v -0.01102 -0.57383 -0.00199
v -0.01109 -0.57387 -0.00188
v -0.01111 -0.57389 -0.00174
v -0.01124 -0.57328 -0.00206
v -0.01113 -0.57321 -0.00209
v -0.01134 -0.57334 -0.00199
v -0.01140 -0.57338 -0.00188
v -0.01142 -0.57340 -0.00174
v -0.01149 -0.57290 -0.00206
v -0.01137 -0.57283 -0.00209
v -0.01158 -0.57297 -0.00199
v -0.01165 -0.57301 -0.00188
v -0.01167 -0.57302 -0.00174
v -0.01165 -0.57266 -0.00206
v -0.01154 -0.57259 -0.00209
v -0.01174 -0.57272 -0.00199
v -0.01180 -0.57276 -0.00188
v -0.01183 -0.57278 -0.00174
v -0.01172 -0.57255 -0.00206
v -0.01161 -0.57248 -0.00209
v -0.01182 -0.57261 -0.00199
v -0.01188 -0.57265 -0.00188
v -0.01190 -0.57267 -0.00174
v -0.01178 -0.57245 -0.00206
v -0.01167 -0.57238 -0.00209
v -0.01188 -0.57251 -0.00199
v -0.01194 -0.57255 -0.00188
v -0.01197 -0.57256 -0.00174
v -0.01184 -0.57237 -0.00206
v -0.01172 -0.57230 -0.00209
v -0.01193 -0.57243 -0.00199
v -0.01200 -0.57246 -0.00188
v -0.01202 -0.57248 -0.00174
v -0.01188 -0.57230 -0.00206
v -0.01176 -0.57223 -0.00209
v -0.01197 -0.57235 -0.00199
v -0.01204 -0.57239 -0.00188
v -0.01206 -0.57241 -0.00174
v -0.01191 -0.57224 -0.00206
v -0.01180 -0.57217 -0.00209
v -0.01201 -0.57230 -0.00199
v -0.01207 -0.57234 -0.00188
v -0.01209 -0.57235 -0.00174
v -0.01194 -0.57220 -0.00206
v -0.01183 -0.57212 -0.00209
v -0.01203 -0.57226 -0.00199
v -0.01210 -0.57230 -0.00188
v -0.01212 -0.57231 -0.00174
v -0.01196 -0.57217 -0.00206
v -0.01185 -0.57209 -0.00209
v -0.01205 -0.57224 -0.00199
v -0.01211 -0.57228 -0.00188
v -0.01213 -0.57230 -0.00174
v -0.01197 -0.57216 -0.00206
v -0.01187 -0.57206 -0.00209
v -0.01205 -0.57224 -0.00199
v -0.01210 -0.57229 -0.00188
v -0.01212 -0.57231 -0.00174
v -0.01197 -0.57215 -0.00206
v -0.01189 -0.57204 -0.00209
v -0.01203 -0.57225 -0.00199
v -0.01208 -0.57231 -0.00188
v -0.01209 -0.57233 -0.00174
v -0.01197 -0.57216 -0.00206
v -0.01192 -0.57203 -0.00209
v -0.01201 -0.57226 -0.00199
v -0.01203 -0.57233 -0.00188
v -0.01204 -0.57236 -0.00174
v -0.01197 -0.57216 -0.00206
v -0.01195 -0.57202 -0.00209
v -0.01198 -0.57227 -0.00199
v -0.01200 -0.57234 -0.00188
v -0.01200 -0.57237 -0.00174
v -0.01198 -0.57216 -0.00206
v -0.01198 -0.57202 -0.00209
v -0.01197 -0.57227 -0.00199
v -0.01197 -0.57234 -0.00188
v -0.01197 -0.57237 -0.00174
v -0.01196 -0.57215 -0.00206
v -0.01200 -0.57202 -0.00209
v -0.01193 -0.57226 -0.00199
v -0.01191 -0.57234 -0.00188
v -0.01190 -0.57236 -0.00174
v -0.01193 -0.57214 -0.00206
v -0.01201 -0.57203 -0.00209
v -0.01186 -0.57223 -0.00199
v -0.01182 -0.57230 -0.00188
v -0.01180 -0.57232 -0.00174
v -0.01191 -0.57212 -0.00206
v -0.01202 -0.57204 -0.00209
v -0.01182 -0.57219 -0.00199
v -0.01176 -0.57223 -0.00188
v -0.01174 -0.57225 -0.00174
v -0.01191 -0.57211 -0.00206
v -0.01203 -0.57206 -0.00209
v -0.01180 -0.57216 -0.00199
v -0.01173 -0.57218 -0.00188
v -0.01171 -0.57219 -0.00174
v -0.01191 -0.57212 -0.00206
v -0.01204 -0.57209 -0.00209
v -0.01180 -0.57215 -0.00199
v -0.01173 -0.57217 -0.00188
v -0.01170 -0.57218 -0.00174
v -0.01192 -0.57215 -0.00206
v -0.01205 -0.57213 -0.00209
v -0.01180 -0.57217 -0.00199
v -0.01173 -0.57218 -0.00188
v -0.01170 -0.57219 -0.00174
v -0.01192 -0.57220 -0.00206
v -0.01205 -0.57219 -0.00209
v -0.01181 -0.57221 -0.00199
v -0.01173 -0.57222 -0.00188
v -0.01171 -0.57222 -0.00174
v -0.01193 -0.57227 -0.00206
v -0.01206 -0.57226 -0.00209
v -0.01182 -0.57228 -0.00199
v -0.01174 -0.57228 -0.00188
v -0.01171 -0.57228 -0.00174
v -0.01193 -0.57235 -0.00206
v -0.01206 -0.57235 -0.00209
v -0.01182 -0.57236 -0.00199
v -0.01174 -0.57236 -0.00188
v -0.01172 -0.57236 -0.00174
v -0.01193 -0.57246 -0.00206
v -0.01207 -0.57246 -0.00209
v -0.01182 -0.57246 -0.00199
v -0.01175 -0.57246 -0.00188
v -0.01172 -0.57246 -0.00174
v -0.01194 -0.57259 -0.00206
v -0.01207 -0.57258 -0.00209
v -0.01182 -0.57259 -0.00199
v -0.01175 -0.57259 -0.00188
v -0.01172 -0.57259 -0.00174
v -0.01194 -0.57273 -0.00206
v -0.01207 -0.57273 -0.00209
v -0.01182 -0.57274 -0.00199
v -0.01175 -0.57274 -0.00188
v -0.01172 -0.57274 -0.00174
v -0.01172 -0.58683 -0.00035
v -0.01174 -0.58702 -0.00035
v -0.01174 -0.58702 -0.00174
v -0.01172 -0.58683 -0.00174
v -0.01177 -0.58721 -0.00035
v -0.01177 -0.58721 -0.00174
v -0.01184 -0.58739 -0.00035
v -0.01184 -0.58739 -0.00174
v -0.01192 -0.58756 -0.00035
v -0.01192 -0.58756 -0.00174
v -0.01203 -0.58772 -0.00035
v -0.01203 -0.58772 -0.00174
v -0.01215 -0.58786 -0.00035
v -0.01215 -0.58786 -0.00174
v -0.01230 -0.58799 -0.00035
v -0.01230 -0.58799 -0.00174
v -0.01245 -0.58809 -0.00035
v -0.01245 -0.58809 -0.00174
v -0.01263 -0.58818 -0.00035
v -0.01263 -0.58818 -0.00174
v -0.01281 -0.58824 -0.00035
v -0.01281 -0.58824 -0.00174
v -0.01300 -0.58828 -0.00035
v -0.01300 -0.58828 -0.00174
v -0.01320 -0.58830 -0.00035
v -0.01320 -0.58830 -0.00174
v -0.01340 -0.58828 -0.00035
v -0.01340 -0.58828 -0.00174
v -0.01359 -0.58824 -0.00035
v -0.01359 -0.58824 -0.00174
v -0.01378 -0.58818 -0.00035
v -0.01378 -0.58818 -0.00174
v -0.01395 -0.58809 -0.00035
v -0.01395 -0.58809 -0.00174
v -0.01411 -0.58799 -0.00035
v -0.01411 -0.58799 -0.00174
v -0.01425 -0.58786 -0.00035
v -0.01425 -0.58786 -0.00174
v -0.01437 -0.58772 -0.00035
v -0.01437 -0.58772 -0.00174
v -0.01448 -0.58756 -0.00035
v -0.01448 -0.58756 -0.00174
v -0.01457 -0.58739 -0.00035
v -0.01457 -0.58739 -0.00174
v -0.01463 -0.58721 -0.00035
v -0.01463 -0.58721 -0.00174
v -0.01467 -0.58702 -0.00035
v -0.01467 -0.58702 -0.00174
v -0.01468 -0.58683 -0.00035
v -0.01468 -0.58683 -0.00174
v -0.01468 -0.57000 -0.00035
v -0.01468 -0.57000 -0.00174
v -0.01468 -0.56965 -0.00035
v -0.01468 -0.56965 -0.00174
v -0.01468 -0.56935 -0.00035
v -0.01468 -0.56935 -0.00174
v -0.01467 -0.56909 -0.00035
v -0.01467 -0.56909 -0.00174
v -0.01466 -0.56886 -0.00035
v -0.01466 -0.56886 -0.00174
v -0.01466 -0.56866 -0.00035
v -0.01466 -0.56866 -0.00174
v -0.01465 -0.56850 -0.00035
v -0.01465 -0.56850 -0.00174
v -0.01464 -0.56836 -0.00035
v -0.01464 -0.56836 -0.00174
v -0.01463 -0.56824 -0.00035
v -0.01463 -0.56824 -0.00174
v -0.01462 -0.56814 -0.00035
v -0.01462 -0.56814 -0.00174
v -0.01461 -0.56806 -0.00035
v -0.01461 -0.56806 -0.00174
v -0.01460 -0.56800 -0.00035
v -0.01460 -0.56800 -0.00174
v -0.01459 -0.56793 -0.00035
v -0.01459 -0.56793 -0.00174
v -0.01456 -0.56784 -0.00035
v -0.01456 -0.56784 -0.00174
v -0.01453 -0.56773 -0.00035
v -0.01453 -0.56773 -0.00174
v -0.01449 -0.56762 -0.00035
v -0.01449 -0.56762 -0.00174
v -0.01444 -0.56750 -0.00035
v -0.01444 -0.56750 -0.00174
v -0.01437 -0.56739 -0.00035
v -0.01437 -0.56739 -0.00174
v -0.01429 -0.56727 -0.00035
v -0.01429 -0.56727 -0.00174
v -0.01419 -0.56716 -0.00035
v -0.01419 -0.56716 -0.00174
v -0.01407 -0.56706 -0.00035
v -0.01407 -0.56706 -0.00174
v -0.01393 -0.56697 -0.00035
v -0.01393 -0.56697 -0.00174
v -0.01377 -0.56690 -0.00035
v -0.01377 -0.56690 -0.00174
v -0.01360 -0.56686 -0.00035
v -0.01360 -0.56686 -0.00174
v -0.01342 -0.56685 -0.00035
v -0.01342 -0.56685 -0.00174
v -0.01332 -0.56685 -0.00035
v -0.01332 -0.56685 -0.00174
v -0.01323 -0.56686 -0.00035
v -0.01323 -0.56686 -0.00174
v -0.01315 -0.56687 -0.00035
v -0.01315 -0.56687 -0.00174
v -0.01306 -0.56689 -0.00035
v -0.01306 -0.56689 -0.00174
v -0.01296 -0.56691 -0.00035
v -0.01296 -0.56691 -0.00174
v -0.01287 -0.56694 -0.00035
v -0.01287 -0.56694 -0.00174
v -0.01278 -0.56698 -0.00035
v -0.01278 -0.56698 -0.00174
v -0.01269 -0.56702 -0.00035
v -0.01269 -0.56702 -0.00174
v -0.01261 -0.56707 -0.00035
v -0.01261 -0.56707 -0.00174
v -0.01252 -0.56712 -0.00035
v -0.01252 -0.56712 -0.00174
v -0.01244 -0.56719 -0.00035
v -0.01244 -0.56719 -0.00174
v -0.01237 -0.56727 -0.00035
v -0.01237 -0.56727 -0.00174
v -0.01222 -0.56748 -0.00035
v -0.01222 -0.56748 -0.00174
v -0.01195 -0.56786 -0.00035
v -0.01195 -0.56786 -0.00174
v -0.01158 -0.56841 -0.00035
v -0.01158 -0.56841 -0.00174
v -0.01112 -0.56909 -0.00035
v -0.01112 -0.56909 -0.00174
v -0.01060 -0.56986 -0.00035
v -0.01060 -0.56986 -0.00174
v -0.01005 -0.57070 -0.00035
v -0.01005 -0.57070 -0.00174
v -0.00948 -0.57156 -0.00035
v -0.00948 -0.57156 -0.00174
v -0.00891 -0.57242 -0.00035
v -0.00891 -0.57242 -0.00174
v -0.00836 -0.57325 -0.00035
v -0.00836 -0.57325 -0.00174
v -0.00787 -0.57400 -0.00035
v -0.00787 -0.57400 -0.00174
v -0.00744 -0.57465 -0.00035
v -0.00744 -0.57465 -0.00174
v -0.00711 -0.57516 -0.00035
v -0.00711 -0.57516 -0.00174
v -0.00695 -0.57540 -0.00035
v -0.00695 -0.57540 -0.00174
v -0.00682 -0.57560 -0.00035
v -0.00682 -0.57560 -0.00174
v -0.00671 -0.57577 -0.00035
v -0.00671 -0.57577 -0.00174
v -0.00662 -0.57592 -0.00035
v -0.00662 -0.57592 -0.00174
v -0.00655 -0.57604 -0.00035
v -0.00655 -0.57604 -0.00174
v -0.00649 -0.57613 -0.00035
v -0.00649 -0.57613 -0.00174
v -0.00645 -0.57619 -0.00035
v -0.00645 -0.57619 -0.00174
v -0.00642 -0.57622 -0.00035
v -0.00642 -0.57622 -0.00174
v -0.00642 -0.57622 -0.00035
v -0.00642 -0.57622 -0.00174
v -0.00644 -0.57621 -0.00035
v -0.00644 -0.57621 -0.00174
v -0.00648 -0.57620 -0.00035
v -0.00648 -0.57620 -0.00174
v -0.00650 -0.57620 -0.00035
v -0.00650 -0.57620 -0.00174
v -0.00653 -0.57620 -0.00035
v -0.00653 -0.57620 -0.00174
v -0.00657 -0.57621 -0.00035
v -0.00657 -0.57621 -0.00174
v -0.00659 -0.57622 -0.00035
v -0.00659 -0.57622 -0.00174
v -0.00658 -0.57622 -0.00035
v -0.00658 -0.57622 -0.00174
v -0.00656 -0.57619 -0.00035
v -0.00656 -0.57619 -0.00174
v -0.00651 -0.57613 -0.00035
v -0.00651 -0.57613 -0.00174
v -0.00646 -0.57604 -0.00035
v -0.00646 -0.57604 -0.00174
v -0.00638 -0.57592 -0.00035
v -0.00638 -0.57592 -0.00174
v -0.00629 -0.57577 -0.00035
v -0.00629 -0.57577 -0.00174
v -0.00618 -0.57560 -0.00035
v -0.00618 -0.57560 -0.00174
v -0.00605 -0.57540 -0.00035
v -0.00605 -0.57540 -0.00174
v -0.00590 -0.57516 -0.00035
v -0.00590 -0.57516 -0.00174
v -0.00557 -0.57466 -0.00035
v -0.00557 -0.57466 -0.00174
v -0.00514 -0.57401 -0.00035
v -0.00514 -0.57401 -0.00174
v -0.00464 -0.57326 -0.00035
v -0.00464 -0.57326 -0.00174
v -0.00410 -0.57244 -0.00035
v -0.00410 -0.57244 -0.00174
v -0.00353 -0.57158 -0.00035
v -0.00353 -0.57158 -0.00174
v -0.00296 -0.57071 -0.00035
v -0.00296 -0.57071 -0.00174
v -0.00240 -0.56987 -0.00035
v -0.00240 -0.56987 -0.00174
v -0.00189 -0.56910 -0.00035
v -0.00189 -0.56910 -0.00174
v -0.00143 -0.56842 -0.00035
v -0.00143 -0.56842 -0.00174
v -0.00106 -0.56787 -0.00035
v -0.00106 -0.56787 -0.00174
v -0.00079 -0.56748 -0.00035
v -0.00079 -0.56748 -0.00174
v -0.00064 -0.56727 -0.00035
v -0.00064 -0.56727 -0.00174
v -0.00056 -0.56719 -0.00035
v -0.00056 -0.56719 -0.00174
v -0.00048 -0.56712 -0.00035
v -0.00048 -0.56712 -0.00174
v -0.00040 -0.56707 -0.00035
v -0.00040 -0.56707 -0.00174
v -0.00031 -0.56702 -0.00035
v -0.00031 -0.56702 -0.00174
v -0.00022 -0.56698 -0.00035
v -0.00022 -0.56698 -0.00174
v -0.00013 -0.56694 -0.00035
v -0.00013 -0.56694 -0.00174
v -0.00004 -0.56691 -0.00035
v -0.00004 -0.56691 -0.00174
v 0.00005 -0.56689 -0.00035
v 0.00005 -0.56689 -0.00174
v 0.00014 -0.56687 -0.00035
v 0.00014 -0.56687 -0.00174
v 0.00023 -0.56686 -0.00035
v 0.00023 -0.56686 -0.00174
v 0.00032 -0.56685 -0.00035
v 0.00032 -0.56685 -0.00174
v 0.00041 -0.56685 -0.00035
v 0.00041 -0.56685 -0.00174
v 0.00059 -0.56686 -0.00035
v 0.00059 -0.56686 -0.00174
v 0.00077 -0.56690 -0.00035
v 0.00077 -0.56690 -0.00174
v 0.00092 -0.56697 -0.00035
v 0.00092 -0.56697 -0.00174
v 0.00106 -0.56706 -0.00035
v 0.00106 -0.56706 -0.00174
v 0.00118 -0.56716 -0.00035
v 0.00118 -0.56716 -0.00174
v 0.00128 -0.56727 -0.00035
v 0.00128 -0.56727 -0.00174
v 0.00136 -0.56739 -0.00035
v 0.00136 -0.56739 -0.00174
v 0.00143 -0.56750 -0.00035
v 0.00143 -0.56750 -0.00174
v 0.00148 -0.56762 -0.00035
v 0.00148 -0.56762 -0.00174
v 0.00152 -0.56773 -0.00035
v 0.00152 -0.56773 -0.00174
v 0.00155 -0.56784 -0.00035
v 0.00155 -0.56784 -0.00174
v 0.00158 -0.56793 -0.00035
v 0.00158 -0.56793 -0.00174
v 0.00159 -0.56800 -0.00035
v 0.00159 -0.56800 -0.00174
v 0.00160 -0.56806 -0.00035
v 0.00160 -0.56806 -0.00174
v 0.00161 -0.56814 -0.00035
v 0.00161 -0.56814 -0.00174
v 0.00162 -0.56824 -0.00035
v 0.00162 -0.56824 -0.00174
v 0.00163 -0.56836 -0.00035
v 0.00163 -0.56836 -0.00174
v 0.00164 -0.56850 -0.00035
v 0.00164 -0.56850 -0.00174
v 0.00165 -0.56866 -0.00035
v 0.00165 -0.56866 -0.00174
v 0.00166 -0.56886 -0.00035
v 0.00166 -0.56886 -0.00174
v 0.00166 -0.56909 -0.00035
v 0.00166 -0.56909 -0.00174
v 0.00167 -0.56935 -0.00035
v 0.00167 -0.56935 -0.00174
v 0.00167 -0.56965 -0.00035
v 0.00167 -0.56965 -0.00174
v 0.00167 -0.57000 -0.00035
v 0.00167 -0.57000 -0.00174
v 0.00167 -0.58683 -0.00035
v 0.00167 -0.58683 -0.00174
v 0.00166 -0.58702 -0.00035
v 0.00166 -0.58702 -0.00174
v 0.00162 -0.58721 -0.00035
v 0.00162 -0.58721 -0.00174
v 0.00156 -0.58739 -0.00035
v 0.00156 -0.58739 -0.00174
v 0.00147 -0.58756 -0.00035
v 0.00147 -0.58756 -0.00174
v 0.00137 -0.58772 -0.00035
v 0.00137 -0.58772 -0.00174
v 0.00124 -0.58786 -0.00035
v 0.00124 -0.58786 -0.00174
v 0.00110 -0.58799 -0.00035
v 0.00110 -0.58799 -0.00174
v 0.00094 -0.58809 -0.00035
v 0.00094 -0.58809 -0.00174
v 0.00077 -0.58818 -0.00035
v 0.00077 -0.58818 -0.00174
v 0.00059 -0.58824 -0.00035
v 0.00059 -0.58824 -0.00174
v 0.00040 -0.58828 -0.00035
v 0.00040 -0.58828 -0.00174
v 0.00019 -0.58830 -0.00035
v 0.00019 -0.58830 -0.00174
v -0.00001 -0.58828 -0.00035
v -0.00001 -0.58828 -0.00174
v -0.00020 -0.58824 -0.00035
v -0.00020 -0.58824 -0.00174
v -0.00038 -0.58818 -0.00035
v -0.00038 -0.58818 -0.00174
v -0.00055 -0.58809 -0.00035
v -0.00055 -0.58809 -0.00174
v -0.00071 -0.58799 -0.00035
v -0.00071 -0.58799 -0.00174
v -0.00085 -0.58786 -0.00035
v -0.00085 -0.58786 -0.00174
v -0.00098 -0.58772 -0.00035
v -0.00098 -0.58772 -0.00174
v -0.00108 -0.58756 -0.00035
v -0.00108 -0.58756 -0.00174
v -0.00117 -0.58739 -0.00035
v -0.00117 -0.58739 -0.00174
v -0.00123 -0.58721 -0.00035
v -0.00123 -0.58721 -0.00174
v -0.00127 -0.58702 -0.00035
v -0.00127 -0.58702 -0.00174
v -0.00128 -0.58683 -0.00035
v -0.00128 -0.58683 -0.00174
v -0.00128 -0.57274 -0.00035
v -0.00128 -0.57274 -0.00174
v -0.00129 -0.57259 -0.00035
v -0.00129 -0.57259 -0.00174
v -0.00129 -0.57246 -0.00035
v -0.00129 -0.57246 -0.00174
v -0.00129 -0.57236 -0.00035
v -0.00129 -0.57236 -0.00174
v -0.00129 -0.57228 -0.00035
v -0.00129 -0.57228 -0.00174
v -0.00130 -0.57222 -0.00035
v -0.00130 -0.57222 -0.00174
v -0.00130 -0.57219 -0.00035
v -0.00130 -0.57219 -0.00174
v -0.00131 -0.57218 -0.00035
v -0.00131 -0.57218 -0.00174
v -0.00130 -0.57219 -0.00035
v -0.00130 -0.57219 -0.00174
v -0.00127 -0.57225 -0.00035
v -0.00127 -0.57225 -0.00174
v -0.00120 -0.57232 -0.00035
v -0.00120 -0.57232 -0.00174
v -0.00111 -0.57236 -0.00035
v -0.00111 -0.57236 -0.00174
v -0.00103 -0.57237 -0.00035
v -0.00103 -0.57237 -0.00174
v -0.00101 -0.57237 -0.00035
v -0.00101 -0.57237 -0.00174
v -0.00097 -0.57236 -0.00035
v -0.00097 -0.57236 -0.00174
v -0.00092 -0.57233 -0.00035
v -0.00092 -0.57233 -0.00174
v -0.00089 -0.57231 -0.00035
v -0.00089 -0.57231 -0.00174
v -0.00088 -0.57230 -0.00035
v -0.00088 -0.57230 -0.00174
v -0.00089 -0.57231 -0.00035
v -0.00089 -0.57231 -0.00174
v -0.00091 -0.57235 -0.00035
v -0.00091 -0.57235 -0.00174
v -0.00094 -0.57241 -0.00035
v -0.00094 -0.57241 -0.00174
v -0.00099 -0.57248 -0.00035
v -0.00099 -0.57248 -0.00174
v -0.00104 -0.57256 -0.00035
v -0.00104 -0.57256 -0.00174
v -0.00111 -0.57267 -0.00035
v -0.00111 -0.57267 -0.00174
v -0.00118 -0.57278 -0.00035
v -0.00118 -0.57278 -0.00174
v -0.00134 -0.57302 -0.00035
v -0.00134 -0.57302 -0.00174
v -0.00158 -0.57340 -0.00035
v -0.00158 -0.57340 -0.00174
v -0.00190 -0.57389 -0.00035
v -0.00190 -0.57389 -0.00174
v -0.00227 -0.57446 -0.00035
v -0.00227 -0.57446 -0.00174
v -0.00267 -0.57509 -0.00035
v -0.00267 -0.57509 -0.00174
v -0.00311 -0.57575 -0.00035
v -0.00311 -0.57575 -0.00174
v -0.00355 -0.57643 -0.00035
v -0.00355 -0.57643 -0.00174
v -0.00398 -0.57710 -0.00035
v -0.00398 -0.57710 -0.00174
v -0.00440 -0.57773 -0.00035
v -0.00440 -0.57773 -0.00174
v -0.00477 -0.57831 -0.00035
v -0.00477 -0.57831 -0.00174
v -0.00509 -0.57880 -0.00035
v -0.00509 -0.57880 -0.00174
v -0.00535 -0.57918 -0.00035
v -0.00535 -0.57918 -0.00174
v -0.00548 -0.57937 -0.00035
v -0.00548 -0.57937 -0.00174
v -0.00559 -0.57953 -0.00035
v -0.00559 -0.57953 -0.00174
v -0.00569 -0.57966 -0.00035
v -0.00569 -0.57966 -0.00174
v -0.00578 -0.57978 -0.00035
v -0.00578 -0.57978 -0.00174
v -0.00587 -0.57988 -0.00035
v -0.00587 -0.57988 -0.00174
v -0.00594 -0.57997 -0.00035
v -0.00594 -0.57997 -0.00174
v -0.00603 -0.58004 -0.00035
v -0.00603 -0.58004 -0.00174
v -0.00611 -0.58011 -0.00035
v -0.00611 -0.58011 -0.00174
v -0.00621 -0.58017 -0.00035
v -0.00621 -0.58017 -0.00174
v -0.00631 -0.58020 -0.00035
v -0.00631 -0.58020 -0.00174
v -0.00641 -0.58022 -0.00035
v -0.00641 -0.58022 -0.00174
v -0.00650 -0.58023 -0.00035
v -0.00650 -0.58023 -0.00174
v -0.00660 -0.58022 -0.00035
v -0.00660 -0.58022 -0.00174
v -0.00670 -0.58020 -0.00035
v -0.00670 -0.58020 -0.00174
v -0.00680 -0.58017 -0.00035
v -0.00680 -0.58017 -0.00174
v -0.00690 -0.58011 -0.00035
v -0.00690 -0.58011 -0.00174
v -0.00698 -0.58004 -0.00035
v -0.00698 -0.58004 -0.00174
v -0.00706 -0.57997 -0.00035
v -0.00706 -0.57997 -0.00174
v -0.00714 -0.57988 -0.00035
v -0.00714 -0.57988 -0.00174
v -0.00722 -0.57978 -0.00035
v -0.00722 -0.57978 -0.00174
v -0.00731 -0.57966 -0.00035
v -0.00731 -0.57966 -0.00174
v -0.00741 -0.57953 -0.00035
v -0.00741 -0.57953 -0.00174
v -0.00753 -0.57937 -0.00035
v -0.00753 -0.57937 -0.00174
v -0.00766 -0.57918 -0.00035
v -0.00766 -0.57918 -0.00174
v -0.00791 -0.57880 -0.00035
v -0.00791 -0.57880 -0.00174
v -0.00824 -0.57831 -0.00035
v -0.00824 -0.57831 -0.00174
v -0.00861 -0.57773 -0.00035
v -0.00861 -0.57773 -0.00174
v -0.00902 -0.57710 -0.00035
v -0.00902 -0.57710 -0.00174
v -0.00946 -0.57643 -0.00035
v -0.00946 -0.57643 -0.00174
v -0.00990 -0.57575 -0.00035
v -0.00990 -0.57575 -0.00174
v -0.01033 -0.57509 -0.00035
v -0.01033 -0.57509 -0.00174
v -0.01074 -0.57446 -0.00035
v -0.01074 -0.57446 -0.00174
v -0.01111 -0.57389 -0.00035
v -0.01111 -0.57389 -0.00174
v -0.01142 -0.57340 -0.00035
v -0.01142 -0.57340 -0.00174
v -0.01167 -0.57302 -0.00035
v -0.01167 -0.57302 -0.00174
v -0.01183 -0.57278 -0.00035
v -0.01183 -0.57278 -0.00174
v -0.01190 -0.57267 -0.00035
v -0.01190 -0.57267 -0.00174
v -0.01197 -0.57256 -0.00035
v -0.01197 -0.57256 -0.00174
v -0.01202 -0.57248 -0.00035
v -0.01202 -0.57248 -0.00174
v -0.01206 -0.57241 -0.00035
v -0.01206 -0.57241 -0.00174
v -0.01209 -0.57235 -0.00035
v -0.01209 -0.57235 -0.00174
v -0.01212 -0.57231 -0.00035
v -0.01212 -0.57231 -0.00174
v -0.01213 -0.57230 -0.00035
v -0.01213 -0.57230 -0.00174
v -0.01212 -0.57231 -0.00035
v -0.01212 -0.57231 -0.00174
v -0.01209 -0.57233 -0.00035
v -0.01209 -0.57233 -0.00174
v -0.01204 -0.57236 -0.00035
v -0.01204 -0.57236 -0.00174
v -0.01200 -0.57237 -0.00035
v -0.01200 -0.57237 -0.00174
v -0.01197 -0.57237 -0.00035
v -0.01197 -0.57237 -0.00174
v -0.01190 -0.57236 -0.00035
v -0.01190 -0.57236 -0.00174
v -0.01180 -0.57232 -0.00035
v -0.01180 -0.57232 -0.00174
v -0.01174 -0.57225 -0.00035
v -0.01174 -0.57225 -0.00174
v -0.01171 -0.57219 -0.00035
v -0.01171 -0.57219 -0.00174
v -0.01170 -0.57218 -0.00035
v -0.01170 -0.57218 -0.00174
v -0.01170 -0.57219 -0.00035
v -0.01170 -0.57219 -0.00174
v -0.01171 -0.57222 -0.00035
v -0.01171 -0.57222 -0.00174
v -0.01171 -0.57228 -0.00035
v -0.01171 -0.57228 -0.00174
v -0.01172 -0.57236 -0.00035
v -0.01172 -0.57236 -0.00174
v -0.01172 -0.57246 -0.00035
v -0.01172 -0.57246 -0.00174
v -0.01172 -0.57259 -0.00035
v -0.01172 -0.57259 -0.00174
v -0.01172 -0.57274 -0.00035
v -0.01172 -0.57274 -0.00174
v -0.01175 -0.58683 -0.00022
v -0.01176 -0.58701 -0.00022
v -0.01174 -0.58702 -0.00035
v -0.01172 -0.58683 -0.00035
v -0.01182 -0.58682 -0.00010
v -0.01184 -0.58700 -0.00010
v -0.01194 -0.58682 -0.00003
v -0.01195 -0.58699 -0.00003
v -0.01207 -0.58682 0.00000
v -0.01208 -0.58697 0.00000
v -0.01180 -0.58720 -0.00022
v -0.01177 -0.58721 -0.00035
v -0.01187 -0.58718 -0.00010
v -0.01198 -0.58715 -0.00003
v -0.01211 -0.58712 0.00000
v -0.01186 -0.58738 -0.00022
v -0.01184 -0.58739 -0.00035
v -0.01193 -0.58735 -0.00010
v -0.01204 -0.58731 -0.00003
v -0.01216 -0.58726 0.00000
v -0.01195 -0.58755 -0.00022
v -0.01192 -0.58756 -0.00035
v -0.01201 -0.58751 -0.00010
v -0.01211 -0.58746 -0.00003
v -0.01222 -0.58739 0.00000
v -0.01205 -0.58771 -0.00022
v -0.01203 -0.58772 -0.00035
v -0.01211 -0.58766 -0.00010
v -0.01220 -0.58759 -0.00003
v -0.01231 -0.58751 0.00000
v -0.01217 -0.58784 -0.00022
v -0.01215 -0.58786 -0.00035
v -0.01223 -0.58779 -0.00010
v -0.01231 -0.58771 -0.00003
v -0.01240 -0.58762 0.00000
v -0.01231 -0.58797 -0.00022
v -0.01230 -0.58799 -0.00035
v -0.01236 -0.58791 -0.00010
v -0.01243 -0.58782 -0.00003
v -0.01251 -0.58771 0.00000
v -0.01247 -0.58807 -0.00022
v -0.01245 -0.58809 -0.00035
v -0.01251 -0.58801 -0.00010
v -0.01256 -0.58791 -0.00003
v -0.01263 -0.58779 0.00000
v -0.01264 -0.58816 -0.00022
v -0.01263 -0.58818 -0.00035
v -0.01266 -0.58809 -0.00010
v -0.01271 -0.58798 -0.00003
v -0.01276 -0.58786 0.00000
v -0.01282 -0.58822 -0.00022
v -0.01281 -0.58824 -0.00035
v -0.01283 -0.58815 -0.00010
v -0.01286 -0.58804 -0.00003
v -0.01290 -0.58791 0.00000
v -0.01300 -0.58826 -0.00022
v -0.01300 -0.58828 -0.00035
v -0.01302 -0.58818 -0.00010
v -0.01303 -0.58807 -0.00003
v -0.01305 -0.58794 0.00000
v -0.01320 -0.58827 -0.00022
v -0.01320 -0.58830 -0.00035
v -0.01320 -0.58819 -0.00010
v -0.01320 -0.58808 -0.00003
v -0.01320 -0.58795 0.00000
v -0.01340 -0.58826 -0.00022
v -0.01340 -0.58828 -0.00035
v -0.01339 -0.58818 -0.00010
v -0.01337 -0.58807 -0.00003
v -0.01336 -0.58794 0.00000
v -0.01359 -0.58822 -0.00022
v -0.01359 -0.58824 -0.00035
v -0.01357 -0.58815 -0.00010
v -0.01354 -0.58804 -0.00003
v -0.01350 -0.58791 0.00000
v -0.01377 -0.58816 -0.00022
v -0.01378 -0.58818 -0.00035
v -0.01374 -0.58809 -0.00010
v -0.01369 -0.58798 -0.00003
v -0.01364 -0.58786 0.00000
v -0.01394 -0.58807 -0.00022
v -0.01395 -0.58809 -0.00035
v -0.01390 -0.58801 -0.00010
v -0.01384 -0.58791 -0.00003
v -0.01377 -0.58779 0.00000
v -0.01409 -0.58797 -0.00022
v -0.01411 -0.58799 -0.00035
v -0.01404 -0.58791 -0.00010
v -0.01397 -0.58782 -0.00003
v -0.01389 -0.58771 0.00000
v -0.01423 -0.58784 -0.00022
v -0.01425 -0.58786 -0.00035
v -0.01418 -0.58779 -0.00010
v -0.01410 -0.58771 -0.00003
v -0.01400 -0.58762 0.00000
v -0.01435 -0.58771 -0.00022
v -0.01437 -0.58772 -0.00035
v -0.01429 -0.58766 -0.00010
v -0.01420 -0.58759 -0.00003
v -0.01410 -0.58751 0.00000
v -0.01446 -0.58755 -0.00022
v -0.01448 -0.58756 -0.00035
v -0.01439 -0.58751 -0.00010
v -0.01429 -0.58746 -0.00003
v -0.01418 -0.58739 0.00000
v -0.01454 -0.58738 -0.00022
v -0.01457 -0.58739 -0.00035
v -0.01447 -0.58735 -0.00010
v -0.01437 -0.58731 -0.00003
v -0.01424 -0.58726 0.00000
v -0.01460 -0.58720 -0.00022
v -0.01463 -0.58721 -0.00035
v -0.01453 -0.58718 -0.00010
v -0.01442 -0.58715 -0.00003
v -0.01429 -0.58712 0.00000
v -0.01464 -0.58701 -0.00022
v -0.01467 -0.58702 -0.00035
v -0.01457 -0.58700 -0.00010
v -0.01446 -0.58699 -0.00003
v -0.01432 -0.58697 0.00000
v -0.01465 -0.58683 -0.00022
v -0.01468 -0.58683 -0.00035
v -0.01458 -0.58682 -0.00010
v -0.01447 -0.58682 -0.00003
v -0.01433 -0.58682 0.00000
v -0.01465 -0.57000 -0.00022
v -0.01468 -0.57000 -0.00035
v -0.01458 -0.57000 -0.00010
v -0.01447 -0.57000 -0.00003
v -0.01433 -0.57000 0.00000
v -0.01465 -0.56965 -0.00022
v -0.01468 -0.56965 -0.00035
v -0.01458 -0.56965 -0.00010
v -0.01447 -0.56965 -0.00003
v -0.01433 -0.56965 0.00000
v -0.01465 -0.56935 -0.00022
v -0.01468 -0.56935 -0.00035
v -0.01457 -0.56935 -0.00010
v -0.01446 -0.56935 -0.00003
v -0.01433 -0.56936 0.00000
v -0.01465 -0.56909 -0.00022
v -0.01467 -0.56909 -0.00035
v -0.01457 -0.56909 -0.00010
v -0.01446 -0.56909 -0.00003
v -0.01432 -0.56910 0.00000
v -0.01464 -0.56886 -0.00022
v -0.01466 -0.56886 -0.00035
v -0.01456 -0.56886 -0.00010
v -0.01445 -0.56887 -0.00003
v -0.01432 -0.56887 0.00000
v -0.01463 -0.56866 -0.00022
v -0.01466 -0.56866 -0.00035
v -0.01456 -0.56867 -0.00010
v -0.01444 -0.56867 -0.00003
v -0.01431 -0.56868 0.00000
v -0.01462 -0.56850 -0.00022
v -0.01465 -0.56850 -0.00035
v -0.01455 -0.56850 -0.00010
v -0.01443 -0.56851 -0.00003
v -0.01430 -0.56852 0.00000
v -0.01461 -0.56836 -0.00022
v -0.01464 -0.56836 -0.00035
v -0.01454 -0.56837 -0.00010
v -0.01442 -0.56837 -0.00003
v -0.01429 -0.56839 0.00000
v -0.01460 -0.56824 -0.00022
v -0.01463 -0.56824 -0.00035
v -0.01452 -0.56825 -0.00010
v -0.01441 -0.56826 -0.00003
v -0.01428 -0.56827 0.00000
v -0.01459 -0.56815 -0.00022
v -0.01462 -0.56814 -0.00035
v -0.01452 -0.56815 -0.00010
v -0.01440 -0.56817 -0.00003
v -0.01427 -0.56818 0.00000
v -0.01458 -0.56807 -0.00022
v -0.01461 -0.56806 -0.00035
v -0.01451 -0.56808 -0.00010
v -0.01439 -0.56809 -0.00003
v -0.01426 -0.56811 0.00000
v -0.01457 -0.56800 -0.00022
v -0.01460 -0.56800 -0.00035
v -0.01449 -0.56801 -0.00010
v -0.01438 -0.56803 -0.00003
v -0.01425 -0.56805 0.00000
v -0.01456 -0.56794 -0.00022
v -0.01459 -0.56793 -0.00035
v -0.01449 -0.56795 -0.00010
v -0.01438 -0.56798 -0.00003
v -0.01424 -0.56800 0.00000
v -0.01454 -0.56784 -0.00022
v -0.01456 -0.56784 -0.00035
v -0.01446 -0.56786 -0.00010
v -0.01435 -0.56789 -0.00003
v -0.01422 -0.56792 0.00000
v -0.01451 -0.56774 -0.00022
v -0.01453 -0.56773 -0.00035
v -0.01443 -0.56776 -0.00010
v -0.01433 -0.56780 -0.00003
v -0.01420 -0.56784 0.00000
v -0.01447 -0.56763 -0.00022
v -0.01449 -0.56762 -0.00035
v -0.01440 -0.56766 -0.00010
v -0.01429 -0.56770 -0.00003
v -0.01417 -0.56775 0.00000
v -0.01441 -0.56751 -0.00022
v -0.01444 -0.56750 -0.00035
v -0.01435 -0.56755 -0.00010
v -0.01425 -0.56760 -0.00003
v -0.01413 -0.56766 0.00000
v -0.01435 -0.56740 -0.00022
v -0.01437 -0.56739 -0.00035
v -0.01429 -0.56744 -0.00010
v -0.01419 -0.56750 -0.00003
v -0.01408 -0.56757 0.00000
v -0.01427 -0.56729 -0.00022
v -0.01429 -0.56727 -0.00035
v -0.01421 -0.56733 -0.00010
v -0.01412 -0.56741 -0.00003
v -0.01402 -0.56749 0.00000
v -0.01417 -0.56718 -0.00022
v -0.01419 -0.56716 -0.00035
v -0.01412 -0.56723 -0.00010
v -0.01404 -0.56731 -0.00003
v -0.01395 -0.56741 0.00000
v -0.01405 -0.56708 -0.00022
v -0.01407 -0.56706 -0.00035
v -0.01401 -0.56714 -0.00010
v -0.01394 -0.56723 -0.00003
v -0.01386 -0.56734 0.00000
v -0.01392 -0.56700 -0.00022
v -0.01393 -0.56697 -0.00035
v -0.01388 -0.56706 -0.00010
v -0.01383 -0.56716 -0.00003
v -0.01377 -0.56728 0.00000
v -0.01376 -0.56693 -0.00022
v -0.01377 -0.56690 -0.00035
v -0.01374 -0.56700 -0.00010
v -0.01371 -0.56711 -0.00003
v -0.01366 -0.56724 0.00000
v -0.01359 -0.56689 -0.00022
v -0.01360 -0.56686 -0.00035
v -0.01358 -0.56696 -0.00010
v -0.01357 -0.56708 -0.00003
v -0.01354 -0.56721 0.00000
v -0.01342 -0.56688 -0.00022
v -0.01342 -0.56685 -0.00035
v -0.01342 -0.56695 -0.00010
v -0.01341 -0.56707 -0.00003
v -0.01341 -0.56720 0.00000
v -0.01332 -0.56688 -0.00022
v -0.01332 -0.56685 -0.00035
v -0.01333 -0.56695 -0.00010
v -0.01333 -0.56707 -0.00003
v -0.01334 -0.56720 0.00000
v -0.01324 -0.56689 -0.00022
v -0.01323 -0.56686 -0.00035
v -0.01324 -0.56696 -0.00010
v -0.01326 -0.56707 -0.00003
v -0.01327 -0.56721 0.00000
v -0.01315 -0.56690 -0.00022
v -0.01315 -0.56687 -0.00035
v -0.01316 -0.56697 -0.00010
v -0.01318 -0.56708 -0.00003
v -0.01320 -0.56722 0.00000
v -0.01306 -0.56691 -0.00022
v -0.01306 -0.56689 -0.00035
v -0.01308 -0.56699 -0.00010
v -0.01310 -0.56710 -0.00003
v -0.01313 -0.56723 0.00000
v -0.01297 -0.56694 -0.00022
v -0.01296 -0.56691 -0.00035
v -0.01299 -0.56701 -0.00010
v -0.01302 -0.56712 -0.00003
v -0.01306 -0.56725 0.00000
v -0.01288 -0.56697 -0.00022
v -0.01287 -0.56694 -0.00035
v -0.01291 -0.56704 -0.00010
v -0.01294 -0.56714 -0.00003
v -0.01299 -0.56727 0.00000
v -0.01279 -0.56700 -0.00022
v -0.01278 -0.56698 -0.00035
v -0.01282 -0.56707 -0.00010
v -0.01287 -0.56717 -0.00003
v -0.01292 -0.56730 0.00000
v -0.01271 -0.56704 -0.00022
v -0.01269 -0.56702 -0.00035
v -0.01274 -0.56711 -0.00010
v -0.01280 -0.56721 -0.00003
v -0.01286 -0.56733 0.00000
v -0.01262 -0.56709 -0.00022
v -0.01261 -0.56707 -0.00035
v -0.01266 -0.56715 -0.00010
v -0.01272 -0.56725 -0.00003
v -0.01280 -0.56736 0.00000
v -0.01254 -0.56715 -0.00022
v -0.01252 -0.56712 -0.00035
v -0.01259 -0.56721 -0.00010
v -0.01266 -0.56730 -0.00003
v -0.01274 -0.56740 0.00000
v -0.01246 -0.56721 -0.00022
v -0.01244 -0.56719 -0.00035
v -0.01252 -0.56727 -0.00010
v -0.01259 -0.56735 -0.00003
v -0.01268 -0.56745 0.00000
v -0.01239 -0.56729 -0.00022
v -0.01237 -0.56727 -0.00035
v -0.01245 -0.56734 -0.00010
v -0.01253 -0.56741 -0.00003
v -0.01264 -0.56750 0.00000
v -0.01224 -0.56749 -0.00022
v -0.01222 -0.56748 -0.00035
v -0.01230 -0.56754 -0.00010
v -0.01239 -0.56760 -0.00003
v -0.01250 -0.56768 0.00000
v -0.01197 -0.56788 -0.00022
v -0.01195 -0.56786 -0.00035
v -0.01203 -0.56792 -0.00010
v -0.01212 -0.56799 -0.00003
v -0.01223 -0.56806 0.00000
v -0.01160 -0.56843 -0.00022
v -0.01158 -0.56841 -0.00035
v -0.01166 -0.56847 -0.00010
v -0.01175 -0.56853 -0.00003
v -0.01186 -0.56861 0.00000
v -0.01114 -0.56910 -0.00022
v -0.01112 -0.56909 -0.00035
v -0.01120 -0.56915 -0.00010
v -0.01130 -0.56921 -0.00003
v -0.01141 -0.56928 0.00000
v -0.01063 -0.56988 -0.00022
v -0.01060 -0.56986 -0.00035
v -0.01069 -0.56992 -0.00010
v -0.01078 -0.56998 -0.00003
v -0.01090 -0.57005 0.00000
v -0.01007 -0.57071 -0.00022
v -0.01005 -0.57070 -0.00035
v -0.01013 -0.57075 -0.00010
v -0.01023 -0.57082 -0.00003
v -0.01034 -0.57089 0.00000
v -0.00950 -0.57158 -0.00022
v -0.00948 -0.57156 -0.00035
v -0.00956 -0.57162 -0.00010
v -0.00966 -0.57168 -0.00003
v -0.00977 -0.57176 0.00000
v -0.00893 -0.57244 -0.00022
v -0.00891 -0.57242 -0.00035
v -0.00899 -0.57248 -0.00010
v -0.00909 -0.57254 -0.00003
v -0.00920 -0.57262 0.00000
v -0.00839 -0.57326 -0.00022
v -0.00836 -0.57325 -0.00035
v -0.00845 -0.57331 -0.00010
v -0.00854 -0.57337 -0.00003
v -0.00865 -0.57344 0.00000
v -0.00789 -0.57402 -0.00022
v -0.00787 -0.57400 -0.00035
v -0.00795 -0.57406 -0.00010
v -0.00805 -0.57412 -0.00003
v -0.00816 -0.57419 0.00000
v -0.00746 -0.57467 -0.00022
v -0.00744 -0.57465 -0.00035
v -0.00753 -0.57471 -0.00010
v -0.00762 -0.57477 -0.00003
v -0.00773 -0.57484 0.00000
v -0.00713 -0.57518 -0.00022
v -0.00711 -0.57516 -0.00035
v -0.00719 -0.57522 -0.00010
v -0.00728 -0.57528 -0.00003
v -0.00740 -0.57536 0.00000
v -0.00698 -0.57541 -0.00022
v -0.00695 -0.57540 -0.00035
v -0.00704 -0.57545 -0.00010
v -0.00713 -0.57551 -0.00003
v -0.00725 -0.57559 0.00000
v -0.00685 -0.57561 -0.00022
v -0.00682 -0.57560 -0.00035
v -0.00691 -0.57565 -0.00010
v -0.00700 -0.57571 -0.00003
v -0.00712 -0.57578 0.00000
v -0.00674 -0.57578 -0.00022
v -0.00671 -0.57577 -0.00035
v -0.00680 -0.57583 -0.00010
v -0.00690 -0.57588 -0.00003
v -0.00701 -0.57595 0.00000
v -0.00665 -0.57593 -0.00022
v -0.00662 -0.57592 -0.00035
v -0.00671 -0.57597 -0.00010
v -0.00681 -0.57603 -0.00003
v -0.00692 -0.57610 0.00000
v -0.00657 -0.57605 -0.00022
v -0.00655 -0.57604 -0.00035
v -0.00664 -0.57609 -0.00010
v -0.00673 -0.57615 -0.00003
v -0.00685 -0.57622 0.00000
v -0.00651 -0.57614 -0.00022
v -0.00649 -0.57613 -0.00035
v -0.00658 -0.57618 -0.00010
v -0.00667 -0.57625 -0.00003
v -0.00678 -0.57632 0.00000
v -0.00647 -0.57620 -0.00022
v -0.00645 -0.57619 -0.00035
v -0.00653 -0.57625 -0.00010
v -0.00662 -0.57632 -0.00003
v -0.00673 -0.57640 0.00000
v -0.00644 -0.57624 -0.00022
v -0.00642 -0.57622 -0.00035
v -0.00650 -0.57629 -0.00010
v -0.00658 -0.57637 -0.00003
v -0.00668 -0.57646 0.00000
v -0.00644 -0.57625 -0.00022
v -0.00642 -0.57622 -0.00035
v -0.00648 -0.57631 -0.00010
v -0.00656 -0.57639 -0.00003
v -0.00664 -0.57650 0.00000
v -0.00645 -0.57624 -0.00022
v -0.00644 -0.57621 -0.00035
v -0.00649 -0.57630 -0.00010
v -0.00654 -0.57641 -0.00003
v -0.00660 -0.57653 0.00000
v -0.00648 -0.57622 -0.00022
v -0.00648 -0.57620 -0.00035
v -0.00650 -0.57630 -0.00010
v -0.00652 -0.57641 -0.00003
v -0.00655 -0.57654 0.00000
v -0.00650 -0.57622 -0.00022
v -0.00650 -0.57620 -0.00035
v -0.00650 -0.57630 -0.00010
v -0.00650 -0.57641 -0.00003
v -0.00650 -0.57655 0.00000
v -0.00652 -0.57622 -0.00022
v -0.00653 -0.57620 -0.00035
v -0.00651 -0.57630 -0.00010
v -0.00648 -0.57641 -0.00003
v -0.00645 -0.57654 0.00000
v -0.00655 -0.57624 -0.00022
v -0.00657 -0.57621 -0.00035
v -0.00652 -0.57630 -0.00010
v -0.00647 -0.57641 -0.00003
v -0.00641 -0.57653 0.00000
v -0.00657 -0.57625 -0.00022
v -0.00659 -0.57622 -0.00035
v -0.00652 -0.57631 -0.00010
v -0.00645 -0.57639 -0.00003
v -0.00637 -0.57650 0.00000
v -0.00656 -0.57624 -0.00022
v -0.00658 -0.57622 -0.00035
v -0.00651 -0.57629 -0.00010
v -0.00642 -0.57637 -0.00003
v -0.00632 -0.57646 0.00000
v -0.00654 -0.57620 -0.00022
v -0.00656 -0.57619 -0.00035
v -0.00648 -0.57625 -0.00010
v -0.00639 -0.57632 -0.00003
v -0.00628 -0.57640 0.00000
v -0.00649 -0.57614 -0.00022
v -0.00651 -0.57613 -0.00035
v -0.00643 -0.57618 -0.00010
v -0.00634 -0.57625 -0.00003
v -0.00622 -0.57632 0.00000
v -0.00643 -0.57605 -0.00022
v -0.00646 -0.57604 -0.00035
v -0.00637 -0.57609 -0.00010
v -0.00628 -0.57615 -0.00003
v -0.00616 -0.57622 0.00000
v -0.00636 -0.57593 -0.00022
v -0.00638 -0.57592 -0.00035
v -0.00630 -0.57597 -0.00010
v -0.00620 -0.57603 -0.00003
v -0.00609 -0.57610 0.00000
v -0.00627 -0.57578 -0.00022
v -0.00629 -0.57577 -0.00035
v -0.00621 -0.57583 -0.00010
v -0.00611 -0.57588 -0.00003
v -0.00600 -0.57595 0.00000
v -0.00616 -0.57561 -0.00022
v -0.00618 -0.57560 -0.00035
v -0.00610 -0.57565 -0.00010
v -0.00600 -0.57571 -0.00003
v -0.00589 -0.57578 0.00000
v -0.00603 -0.57541 -0.00022
v -0.00605 -0.57540 -0.00035
v -0.00597 -0.57545 -0.00010
v -0.00587 -0.57551 -0.00003
v -0.00576 -0.57559 0.00000
v -0.00588 -0.57518 -0.00022
v -0.00590 -0.57516 -0.00035
v -0.00582 -0.57522 -0.00010
v -0.00572 -0.57528 -0.00003
v -0.00561 -0.57536 0.00000
v -0.00554 -0.57467 -0.00022
v -0.00557 -0.57466 -0.00035
v -0.00548 -0.57471 -0.00010
v -0.00539 -0.57478 -0.00003
v -0.00528 -0.57485 0.00000
v -0.00512 -0.57403 -0.00022
v -0.00514 -0.57401 -0.00035
v -0.00505 -0.57407 -0.00010
v -0.00496 -0.57413 -0.00003
v -0.00485 -0.57420 0.00000
v -0.00462 -0.57327 -0.00022
v -0.00464 -0.57326 -0.00035
v -0.00456 -0.57332 -0.00010
v -0.00446 -0.57338 -0.00003
v -0.00435 -0.57345 0.00000
v -0.00408 -0.57245 -0.00022
v -0.00410 -0.57244 -0.00035
v -0.00402 -0.57249 -0.00010
v -0.00392 -0.57256 -0.00003
v -0.00381 -0.57263 0.00000
v -0.00351 -0.57159 -0.00022
v -0.00353 -0.57158 -0.00035
v -0.00345 -0.57163 -0.00010
v -0.00335 -0.57169 -0.00003
v -0.00324 -0.57177 0.00000
v -0.00294 -0.57072 -0.00022
v -0.00296 -0.57071 -0.00035
v -0.00287 -0.57077 -0.00010
v -0.00278 -0.57083 -0.00003
v -0.00267 -0.57090 0.00000
v -0.00238 -0.56989 -0.00022
v -0.00240 -0.56987 -0.00035
v -0.00232 -0.56993 -0.00010
v -0.00222 -0.56999 -0.00003
v -0.00211 -0.57006 0.00000
v -0.00186 -0.56911 -0.00022
v -0.00189 -0.56910 -0.00035
v -0.00180 -0.56915 -0.00010
v -0.00171 -0.56922 -0.00003
v -0.00160 -0.56929 0.00000
v -0.00141 -0.56843 -0.00022
v -0.00143 -0.56842 -0.00035
v -0.00135 -0.56847 -0.00010
v -0.00126 -0.56854 -0.00003
v -0.00114 -0.56861 0.00000
v -0.00104 -0.56788 -0.00022
v -0.00106 -0.56787 -0.00035
v -0.00098 -0.56792 -0.00010
v -0.00088 -0.56799 -0.00003
v -0.00077 -0.56806 0.00000
v -0.00077 -0.56749 -0.00022
v -0.00079 -0.56748 -0.00035
v -0.00071 -0.56754 -0.00010
v -0.00062 -0.56760 -0.00003
v -0.00051 -0.56768 0.00000
v -0.00062 -0.56729 -0.00022
v -0.00064 -0.56727 -0.00035
v -0.00056 -0.56734 -0.00010
v -0.00047 -0.56741 -0.00003
v -0.00037 -0.56750 0.00000
v -0.00054 -0.56721 -0.00022
v -0.00056 -0.56719 -0.00035
v -0.00049 -0.56727 -0.00010
v -0.00042 -0.56735 -0.00003
v -0.00032 -0.56745 0.00000
v -0.00047 -0.56715 -0.00022
v -0.00048 -0.56712 -0.00035
v -0.00042 -0.56721 -0.00010
v -0.00035 -0.56730 -0.00003
v -0.00027 -0.56740 0.00000
v -0.00038 -0.56709 -0.00022
v -0.00040 -0.56707 -0.00035
v -0.00034 -0.56715 -0.00010
v -0.00028 -0.56725 -0.00003
v -0.00021 -0.56736 0.00000
v -0.00030 -0.56704 -0.00022
v -0.00031 -0.56702 -0.00035
v -0.00026 -0.56711 -0.00010
v -0.00021 -0.56721 -0.00003
v -0.00015 -0.56733 0.00000
v -0.00021 -0.56700 -0.00022
v -0.00022 -0.56698 -0.00035
v -0.00018 -0.56707 -0.00010
v -0.00014 -0.56717 -0.00003
v -0.00009 -0.56730 0.00000
v -0.00013 -0.56697 -0.00022
v -0.00013 -0.56694 -0.00035
v -0.00010 -0.56704 -0.00010
v -0.00006 -0.56714 -0.00003
v -0.00002 -0.56727 0.00000
v -0.00004 -0.56694 -0.00022
v -0.00004 -0.56691 -0.00035
v -0.00002 -0.56701 -0.00010
v 0.00002 -0.56712 -0.00003
v 0.00005 -0.56725 0.00000
v 0.00005 -0.56691 -0.00022
v 0.00005 -0.56689 -0.00035
v 0.00007 -0.56699 -0.00010
v 0.00009 -0.56710 -0.00003
v 0.00012 -0.56723 0.00000
v 0.00014 -0.56690 -0.00022
v 0.00014 -0.56687 -0.00035
v 0.00015 -0.56697 -0.00010
v 0.00017 -0.56708 -0.00003
v 0.00019 -0.56722 0.00000
v 0.00023 -0.56689 -0.00022
v 0.00023 -0.56686 -0.00035
v 0.00024 -0.56696 -0.00010
v 0.00025 -0.56707 -0.00003
v 0.00026 -0.56721 0.00000
v 0.00032 -0.56688 -0.00022
v 0.00032 -0.56685 -0.00035
v 0.00032 -0.56695 -0.00010
v 0.00033 -0.56707 -0.00003
v 0.00034 -0.56720 0.00000
v 0.00041 -0.56688 -0.00022
v 0.00041 -0.56685 -0.00035
v 0.00041 -0.56695 -0.00010
v 0.00041 -0.56707 -0.00003
v 0.00040 -0.56720 0.00000
v 0.00059 -0.56689 -0.00022
v 0.00059 -0.56686 -0.00035
v 0.00057 -0.56696 -0.00010
v 0.00056 -0.56708 -0.00003
v 0.00054 -0.56721 0.00000
v 0.00076 -0.56693 -0.00022
v 0.00077 -0.56690 -0.00035
v 0.00073 -0.56700 -0.00010
v 0.00070 -0.56711 -0.00003
v 0.00066 -0.56724 0.00000
v 0.00091 -0.56700 -0.00022
v 0.00092 -0.56697 -0.00035
v 0.00088 -0.56706 -0.00010
v 0.00082 -0.56716 -0.00003
v 0.00076 -0.56728 0.00000
v 0.00105 -0.56708 -0.00022
v 0.00106 -0.56706 -0.00035
v 0.00100 -0.56714 -0.00010
v 0.00094 -0.56723 -0.00003
v 0.00086 -0.56734 0.00000
v 0.00116 -0.56718 -0.00022
v 0.00118 -0.56716 -0.00035
v 0.00111 -0.56723 -0.00010
v 0.00103 -0.56731 -0.00003
v 0.00094 -0.56741 0.00000
v 0.00126 -0.56729 -0.00022
v 0.00128 -0.56727 -0.00035
v 0.00120 -0.56733 -0.00010
v 0.00111 -0.56741 -0.00003
v 0.00101 -0.56749 0.00000
v 0.00134 -0.56740 -0.00022
v 0.00136 -0.56739 -0.00035
v 0.00128 -0.56744 -0.00010
v 0.00118 -0.56750 -0.00003
v 0.00107 -0.56757 0.00000
v 0.00141 -0.56751 -0.00022
v 0.00143 -0.56750 -0.00035
v 0.00134 -0.56755 -0.00010
v 0.00124 -0.56760 -0.00003
v 0.00112 -0.56766 0.00000
v 0.00146 -0.56763 -0.00022
v 0.00148 -0.56762 -0.00035
v 0.00139 -0.56766 -0.00010
v 0.00128 -0.56770 -0.00003
v 0.00116 -0.56775 0.00000
v 0.00150 -0.56774 -0.00022
v 0.00152 -0.56773 -0.00035
v 0.00143 -0.56776 -0.00010
v 0.00132 -0.56780 -0.00003
v 0.00119 -0.56784 0.00000
v 0.00153 -0.56784 -0.00022
v 0.00155 -0.56784 -0.00035
v 0.00146 -0.56786 -0.00010
v 0.00135 -0.56789 -0.00003
v 0.00122 -0.56792 0.00000
v 0.00155 -0.56794 -0.00022
v 0.00158 -0.56793 -0.00035
v 0.00148 -0.56795 -0.00010
v 0.00137 -0.56798 -0.00003
v 0.00124 -0.56800 0.00000
v 0.00156 -0.56800 -0.00022
v 0.00159 -0.56800 -0.00035
v 0.00149 -0.56801 -0.00010
v 0.00138 -0.56803 -0.00003
v 0.00124 -0.56805 0.00000
v 0.00157 -0.56807 -0.00022
v 0.00160 -0.56806 -0.00035
v 0.00150 -0.56808 -0.00010
v 0.00138 -0.56809 -0.00003
v 0.00125 -0.56811 0.00000
v 0.00158 -0.56815 -0.00022
v 0.00161 -0.56814 -0.00035
v 0.00151 -0.56815 -0.00010
v 0.00139 -0.56817 -0.00003
v 0.00126 -0.56818 0.00000
v 0.00159 -0.56824 -0.00022
v 0.00162 -0.56824 -0.00035
v 0.00152 -0.56825 -0.00010
v 0.00140 -0.56826 -0.00003
v 0.00127 -0.56827 0.00000
v 0.00160 -0.56836 -0.00022
v 0.00163 -0.56836 -0.00035
v 0.00153 -0.56837 -0.00010
v 0.00142 -0.56837 -0.00003
v 0.00128 -0.56839 0.00000
v 0.00161 -0.56850 -0.00022
v 0.00164 -0.56850 -0.00035
v 0.00154 -0.56850 -0.00010
v 0.00143 -0.56851 -0.00003
v 0.00129 -0.56852 0.00000
v 0.00162 -0.56866 -0.00022
v 0.00165 -0.56866 -0.00035
v 0.00155 -0.56867 -0.00010
v 0.00143 -0.56867 -0.00003
v 0.00130 -0.56868 0.00000
v 0.00163 -0.56886 -0.00022
v 0.00166 -0.56886 -0.00035
v 0.00155 -0.56886 -0.00010
v 0.00144 -0.56887 -0.00003
v 0.00131 -0.56887 0.00000
v 0.00164 -0.56909 -0.00022
v 0.00166 -0.56909 -0.00035
v 0.00156 -0.56909 -0.00010
v 0.00145 -0.56909 -0.00003
v 0.00132 -0.56910 0.00000
v 0.00164 -0.56935 -0.00022
v 0.00167 -0.56935 -0.00035
v 0.00157 -0.56935 -0.00010
v 0.00145 -0.56935 -0.00003
v 0.00132 -0.56936 0.00000
v 0.00165 -0.56965 -0.00022
v 0.00167 -0.56965 -0.00035
v 0.00157 -0.56965 -0.00010
v 0.00146 -0.56965 -0.00003
v 0.00132 -0.56965 0.00000
v 0.00165 -0.57000 -0.00022
v 0.00167 -0.57000 -0.00035
v 0.00157 -0.57000 -0.00010
v 0.00146 -0.57000 -0.00003
v 0.00133 -0.57000 0.00000
v 0.00165 -0.58683 -0.00022
v 0.00167 -0.58683 -0.00035
v 0.00157 -0.58682 -0.00010
v 0.00146 -0.58682 -0.00003
v 0.00133 -0.58682 0.00000
v 0.00163 -0.58701 -0.00022
v 0.00166 -0.58702 -0.00035
v 0.00156 -0.58700 -0.00010
v 0.00145 -0.58699 -0.00003
v 0.00131 -0.58697 0.00000
v 0.00160 -0.58720 -0.00022
v 0.00162 -0.58721 -0.00035
v 0.00152 -0.58718 -0.00010
v 0.00141 -0.58715 -0.00003
v 0.00128 -0.58712 0.00000
v 0.00153 -0.58738 -0.00022
v 0.00156 -0.58739 -0.00035
v 0.00146 -0.58735 -0.00010
v 0.00136 -0.58731 -0.00003
v 0.00124 -0.58726 0.00000
v 0.00145 -0.58755 -0.00022
v 0.00147 -0.58756 -0.00035
v 0.00138 -0.58751 -0.00010
v 0.00129 -0.58746 -0.00003
v 0.00117 -0.58739 0.00000
v 0.00135 -0.58771 -0.00022
v 0.00137 -0.58772 -0.00035
v 0.00128 -0.58766 -0.00010
v 0.00120 -0.58759 -0.00003
v 0.00109 -0.58751 0.00000
v 0.00122 -0.58784 -0.00022
v 0.00124 -0.58786 -0.00035
v 0.00117 -0.58779 -0.00010
v 0.00109 -0.58771 -0.00003
v 0.00099 -0.58762 0.00000
v 0.00108 -0.58797 -0.00022
v 0.00110 -0.58799 -0.00035
v 0.00104 -0.58791 -0.00010
v 0.00097 -0.58782 -0.00003
v 0.00089 -0.58771 0.00000
v 0.00093 -0.58807 -0.00022
v 0.00094 -0.58809 -0.00035
v 0.00089 -0.58801 -0.00010
v 0.00083 -0.58791 -0.00003
v 0.00076 -0.58779 0.00000
v 0.00076 -0.58816 -0.00022
v 0.00077 -0.58818 -0.00035
v 0.00073 -0.58809 -0.00010
v 0.00069 -0.58798 -0.00003
v 0.00064 -0.58786 0.00000
v 0.00058 -0.58822 -0.00022
v 0.00059 -0.58824 -0.00035
v 0.00056 -0.58815 -0.00010
v 0.00053 -0.58804 -0.00003
v 0.00049 -0.58791 0.00000
v 0.00039 -0.58826 -0.00022
v 0.00040 -0.58828 -0.00035
v 0.00038 -0.58818 -0.00010
v 0.00037 -0.58807 -0.00003
v 0.00035 -0.58794 0.00000
v 0.00019 -0.58827 -0.00022
v 0.00019 -0.58830 -0.00035
v 0.00019 -0.58819 -0.00010
v 0.00019 -0.58808 -0.00003
v 0.00019 -0.58795 0.00000
v -0.00000 -0.58826 -0.00022
v -0.00001 -0.58828 -0.00035
v 0.00001 -0.58818 -0.00010
v 0.00002 -0.58807 -0.00003
v 0.00004 -0.58794 0.00000
v -0.00019 -0.58822 -0.00022
v -0.00020 -0.58824 -0.00035
v -0.00017 -0.58815 -0.00010
v -0.00014 -0.58804 -0.00003
v -0.00011 -0.58791 0.00000
v -0.00037 -0.58816 -0.00022
v -0.00038 -0.58818 -0.00035
v -0.00034 -0.58809 -0.00010
v -0.00030 -0.58798 -0.00003
v -0.00025 -0.58786 0.00000
v -0.00054 -0.58807 -0.00022
v -0.00055 -0.58809 -0.00035
v -0.00050 -0.58801 -0.00010
v -0.00044 -0.58791 -0.00003
v -0.00038 -0.58779 0.00000
v -0.00069 -0.58797 -0.00022
v -0.00071 -0.58799 -0.00035
v -0.00065 -0.58791 -0.00010
v -0.00058 -0.58782 -0.00003
v -0.00050 -0.58771 0.00000
v -0.00083 -0.58784 -0.00022
v -0.00085 -0.58786 -0.00035
v -0.00078 -0.58779 -0.00010
v -0.00070 -0.58771 -0.00003
v -0.00061 -0.58762 0.00000
v -0.00096 -0.58771 -0.00022
v -0.00098 -0.58772 -0.00035
v -0.00090 -0.58766 -0.00010
v -0.00081 -0.58759 -0.00003
v -0.00070 -0.58751 0.00000
v -0.00106 -0.58755 -0.00022
v -0.00108 -0.58756 -0.00035
v -0.00100 -0.58751 -0.00010
v -0.00090 -0.58746 -0.00003
v -0.00078 -0.58739 0.00000
v -0.00114 -0.58738 -0.00022
v -0.00117 -0.58739 -0.00035
v -0.00108 -0.58735 -0.00010
v -0.00097 -0.58731 -0.00003
v -0.00085 -0.58726 0.00000
v -0.00121 -0.58720 -0.00022
v -0.00123 -0.58721 -0.00035
v -0.00113 -0.58718 -0.00010
v -0.00103 -0.58715 -0.00003
v -0.00090 -0.58712 0.00000
v -0.00125 -0.58701 -0.00022
v -0.00127 -0.58702 -0.00035
v -0.00117 -0.58700 -0.00010
v -0.00106 -0.58699 -0.00003
v -0.00093 -0.58697 0.00000
v -0.00126 -0.58683 -0.00022
v -0.00128 -0.58683 -0.00035
v -0.00118 -0.58682 -0.00010
v -0.00107 -0.58682 -0.00003
v -0.00094 -0.58682 0.00000
v -0.00126 -0.57274 -0.00022
v -0.00128 -0.57274 -0.00035
v -0.00118 -0.57274 -0.00010
v -0.00107 -0.57273 -0.00003
v -0.00094 -0.57273 0.00000
v -0.00126 -0.57259 -0.00022
v -0.00129 -0.57259 -0.00035
v -0.00118 -0.57259 -0.00010
v -0.00107 -0.57259 -0.00003
v -0.00094 -0.57258 0.00000
v -0.00126 -0.57246 -0.00022
v -0.00129 -0.57246 -0.00035
v -0.00119 -0.57246 -0.00010
v -0.00107 -0.57246 -0.00003
v -0.00094 -0.57246 0.00000
v -0.00126 -0.57236 -0.00022
v -0.00129 -0.57236 -0.00035
v -0.00119 -0.57236 -0.00010
v -0.00108 -0.57235 -0.00003
v -0.00094 -0.57235 0.00000
v -0.00127 -0.57228 -0.00022
v -0.00129 -0.57228 -0.00035
v -0.00119 -0.57228 -0.00010
v -0.00108 -0.57227 -0.00003
v -0.00095 -0.57226 0.00000
v -0.00127 -0.57222 -0.00022
v -0.00130 -0.57222 -0.00035
v -0.00120 -0.57221 -0.00010
v -0.00109 -0.57220 -0.00003
v -0.00095 -0.57219 0.00000
v -0.00128 -0.57218 -0.00022
v -0.00130 -0.57219 -0.00035
v -0.00120 -0.57217 -0.00010
v -0.00109 -0.57215 -0.00003
v -0.00096 -0.57213 0.00000
v -0.00128 -0.57217 -0.00022
v -0.00131 -0.57218 -0.00035
v -0.00121 -0.57215 -0.00010
v -0.00110 -0.57212 -0.00003
v -0.00097 -0.57209 0.00000
v -0.00128 -0.57218 -0.00022
v -0.00130 -0.57219 -0.00035
v -0.00120 -0.57216 -0.00010
v -0.00110 -0.57211 -0.00003
v -0.00098 -0.57206 0.00000
v -0.00125 -0.57223 -0.00022
v -0.00127 -0.57225 -0.00035
v -0.00119 -0.57219 -0.00010
v -0.00110 -0.57212 -0.00003
v -0.00099 -0.57204 0.00000
v -0.00119 -0.57230 -0.00022
v -0.00120 -0.57232 -0.00035
v -0.00114 -0.57223 -0.00010
v -0.00108 -0.57214 -0.00003
v -0.00100 -0.57203 0.00000
v -0.00110 -0.57234 -0.00022
v -0.00111 -0.57236 -0.00035
v -0.00108 -0.57226 -0.00010
v -0.00105 -0.57215 -0.00003
v -0.00101 -0.57202 0.00000
v -0.00103 -0.57234 -0.00022
v -0.00103 -0.57237 -0.00035
v -0.00103 -0.57227 -0.00010
v -0.00103 -0.57216 -0.00003
v -0.00103 -0.57202 0.00000
v -0.00101 -0.57234 -0.00022
v -0.00101 -0.57237 -0.00035
v -0.00102 -0.57227 -0.00010
v -0.00104 -0.57216 -0.00003
v -0.00106 -0.57202 0.00000
v -0.00097 -0.57233 -0.00022
v -0.00097 -0.57236 -0.00035
v -0.00100 -0.57226 -0.00010
v -0.00104 -0.57216 -0.00003
v -0.00109 -0.57203 0.00000
v -0.00093 -0.57231 -0.00022
v -0.00092 -0.57233 -0.00035
v -0.00097 -0.57225 -0.00010
v -0.00104 -0.57215 -0.00003
v -0.00111 -0.57204 0.00000
v -0.00090 -0.57229 -0.00022
v -0.00089 -0.57231 -0.00035
v -0.00096 -0.57224 -0.00010
v -0.00104 -0.57216 -0.00003
v -0.00113 -0.57206 0.00000
v -0.00090 -0.57228 -0.00022
v -0.00088 -0.57230 -0.00035
v -0.00096 -0.57224 -0.00010
v -0.00105 -0.57217 -0.00003
v -0.00116 -0.57209 0.00000
v -0.00091 -0.57230 -0.00022
v -0.00089 -0.57231 -0.00035
v -0.00097 -0.57226 -0.00010
v -0.00107 -0.57220 -0.00003
v -0.00118 -0.57212 0.00000
v -0.00093 -0.57234 -0.00022
v -0.00091 -0.57235 -0.00035
v -0.00100 -0.57230 -0.00010
v -0.00110 -0.57224 -0.00003
v -0.00121 -0.57217 0.00000
v -0.00097 -0.57239 -0.00022
v -0.00094 -0.57241 -0.00035
v -0.00103 -0.57235 -0.00010
v -0.00113 -0.57230 -0.00003
v -0.00124 -0.57223 0.00000
v -0.00101 -0.57246 -0.00022
v -0.00099 -0.57248 -0.00035
v -0.00108 -0.57243 -0.00010
v -0.00117 -0.57237 -0.00003
v -0.00129 -0.57230 0.00000
v -0.00106 -0.57255 -0.00022
v -0.00104 -0.57256 -0.00035
v -0.00113 -0.57251 -0.00010
v -0.00122 -0.57245 -0.00003
v -0.00134 -0.57238 0.00000
v -0.00113 -0.57265 -0.00022
v -0.00111 -0.57267 -0.00035
v -0.00119 -0.57261 -0.00010
v -0.00129 -0.57255 -0.00003
v -0.00140 -0.57248 0.00000
v -0.00120 -0.57276 -0.00022
v -0.00118 -0.57278 -0.00035
v -0.00127 -0.57272 -0.00010
v -0.00136 -0.57266 -0.00003
v -0.00147 -0.57259 0.00000
v -0.00136 -0.57301 -0.00022
v -0.00134 -0.57302 -0.00035
v -0.00143 -0.57297 -0.00010
v -0.00152 -0.57290 -0.00003
v -0.00163 -0.57283 0.00000
v -0.00161 -0.57338 -0.00022
v -0.00158 -0.57340 -0.00035
v -0.00167 -0.57334 -0.00010
v -0.00177 -0.57328 -0.00003
v -0.00188 -0.57321 0.00000
v -0.00192 -0.57387 -0.00022
v -0.00190 -0.57389 -0.00035
v -0.00198 -0.57383 -0.00010
v -0.00208 -0.57377 -0.00003
v -0.00219 -0.57370 0.00000
v -0.00229 -0.57444 -0.00022
v -0.00227 -0.57446 -0.00035
v -0.00235 -0.57440 -0.00010
v -0.00245 -0.57434 -0.00003
v -0.00256 -0.57427 0.00000
v -0.00270 -0.57507 -0.00022
v -0.00267 -0.57509 -0.00035
v -0.00276 -0.57503 -0.00010
v -0.00286 -0.57497 -0.00003
v -0.00297 -0.57490 0.00000
v -0.00313 -0.57574 -0.00022
v -0.00311 -0.57575 -0.00035
v -0.00319 -0.57570 -0.00010
v -0.00329 -0.57564 -0.00003
v -0.00340 -0.57556 0.00000
v -0.00357 -0.57642 -0.00022
v -0.00355 -0.57643 -0.00035
v -0.00363 -0.57638 -0.00010
v -0.00373 -0.57632 -0.00003
v -0.00384 -0.57624 0.00000
v -0.00401 -0.57709 -0.00022
v -0.00398 -0.57710 -0.00035
v -0.00407 -0.57705 -0.00010
v -0.00416 -0.57698 -0.00003
v -0.00428 -0.57691 0.00000
v -0.00442 -0.57772 -0.00022
v -0.00440 -0.57773 -0.00035
v -0.00448 -0.57768 -0.00010
v -0.00458 -0.57762 -0.00003
v -0.00469 -0.57754 0.00000
v -0.00479 -0.57829 -0.00022
v -0.00477 -0.57831 -0.00035
v -0.00486 -0.57825 -0.00010
v -0.00495 -0.57819 -0.00003
v -0.00506 -0.57812 0.00000
v -0.00512 -0.57878 -0.00022
v -0.00509 -0.57880 -0.00035
v -0.00518 -0.57874 -0.00010
v -0.00527 -0.57868 -0.00003
v -0.00539 -0.57861 0.00000
v -0.00537 -0.57917 -0.00022
v -0.00535 -0.57918 -0.00035
v -0.00544 -0.57913 -0.00010
v -0.00553 -0.57906 -0.00003
v -0.00564 -0.57899 0.00000
v -0.00550 -0.57935 -0.00022
v -0.00548 -0.57937 -0.00035
v -0.00556 -0.57931 -0.00010
v -0.00566 -0.57924 -0.00003
v -0.00577 -0.57917 0.00000
v -0.00562 -0.57951 -0.00022
v -0.00559 -0.57953 -0.00035
v -0.00568 -0.57947 -0.00010
v -0.00577 -0.57940 -0.00003
v -0.00588 -0.57932 0.00000
v -0.00571 -0.57965 -0.00022
v -0.00569 -0.57966 -0.00035
v -0.00577 -0.57960 -0.00010
v -0.00587 -0.57953 -0.00003
v -0.00597 -0.57945 0.00000
v -0.00580 -0.57976 -0.00022
v -0.00578 -0.57978 -0.00035
v -0.00586 -0.57972 -0.00010
v -0.00595 -0.57965 -0.00003
v -0.00606 -0.57956 0.00000
v -0.00589 -0.57986 -0.00022
v -0.00587 -0.57988 -0.00035
v -0.00594 -0.57981 -0.00010
v -0.00603 -0.57974 -0.00003
v -0.00613 -0.57965 0.00000
v -0.00596 -0.57995 -0.00022
v -0.00594 -0.57997 -0.00035
v -0.00602 -0.57990 -0.00010
v -0.00610 -0.57982 -0.00003
v -0.00619 -0.57972 0.00000
v -0.00604 -0.58002 -0.00022
v -0.00603 -0.58004 -0.00035
v -0.00609 -0.57997 -0.00010
v -0.00617 -0.57988 -0.00003
v -0.00625 -0.57978 0.00000
v -0.00613 -0.58009 -0.00022
v -0.00611 -0.58011 -0.00035
v -0.00617 -0.58003 -0.00010
v -0.00623 -0.57993 -0.00003
v -0.00631 -0.57982 0.00000
v -0.00622 -0.58014 -0.00022
v -0.00621 -0.58017 -0.00035
v -0.00625 -0.58007 -0.00010
v -0.00630 -0.57997 -0.00003
v -0.00636 -0.57985 0.00000
v -0.00632 -0.58018 -0.00022
v -0.00631 -0.58020 -0.00035
v -0.00634 -0.58011 -0.00010
v -0.00637 -0.58000 -0.00003
v -0.00641 -0.57987 0.00000
v -0.00641 -0.58020 -0.00022
v -0.00641 -0.58022 -0.00035
v -0.00642 -0.58012 -0.00010
v -0.00644 -0.58001 -0.00003
v -0.00645 -0.57988 0.00000
v -0.00650 -0.58020 -0.00022
v -0.00650 -0.58023 -0.00035
v -0.00650 -0.58013 -0.00010
v -0.00650 -0.58001 -0.00003
v -0.00650 -0.57988 0.00000
v -0.00660 -0.58020 -0.00022
v -0.00660 -0.58022 -0.00035
v -0.00658 -0.58012 -0.00010
v -0.00657 -0.58001 -0.00003
v -0.00655 -0.57988 0.00000
v -0.00669 -0.58018 -0.00022
v -0.00670 -0.58020 -0.00035
v -0.00667 -0.58011 -0.00010
v -0.00664 -0.58000 -0.00003
v -0.00660 -0.57987 0.00000
v -0.00679 -0.58014 -0.00022
v -0.00680 -0.58017 -0.00035
v -0.00676 -0.58007 -0.00010
v -0.00671 -0.57997 -0.00003
v -0.00665 -0.57985 0.00000
v -0.00688 -0.58009 -0.00022
v -0.00690 -0.58011 -0.00035
v -0.00684 -0.58003 -0.00010
v -0.00678 -0.57993 -0.00003
v -0.00670 -0.57982 0.00000
v -0.00696 -0.58002 -0.00022
v -0.00698 -0.58004 -0.00035
v -0.00692 -0.57997 -0.00010
v -0.00684 -0.57988 -0.00003
v -0.00675 -0.57978 0.00000
v -0.00704 -0.57995 -0.00022
v -0.00706 -0.57997 -0.00035
v -0.00699 -0.57990 -0.00010
v -0.00691 -0.57982 -0.00003
v -0.00681 -0.57972 0.00000
v -0.00712 -0.57986 -0.00022
v -0.00714 -0.57988 -0.00035
v -0.00706 -0.57981 -0.00010
v -0.00698 -0.57974 -0.00003
v -0.00688 -0.57965 0.00000
v -0.00720 -0.57976 -0.00022
v -0.00722 -0.57978 -0.00035
v -0.00714 -0.57972 -0.00010
v -0.00706 -0.57965 -0.00003
v -0.00695 -0.57956 0.00000
v -0.00729 -0.57965 -0.00022
v -0.00731 -0.57966 -0.00035
v -0.00723 -0.57960 -0.00010
v -0.00714 -0.57953 -0.00003
v -0.00703 -0.57945 0.00000
v -0.00739 -0.57951 -0.00022
v -0.00741 -0.57953 -0.00035
v -0.00733 -0.57947 -0.00010
v -0.00724 -0.57940 -0.00003
v -0.00713 -0.57932 0.00000
v -0.00751 -0.57935 -0.00022
v -0.00753 -0.57937 -0.00035
v -0.00744 -0.57931 -0.00010
v -0.00735 -0.57924 -0.00003
v -0.00724 -0.57917 0.00000
v -0.00763 -0.57917 -0.00022
v -0.00766 -0.57918 -0.00035
v -0.00757 -0.57913 -0.00010
v -0.00748 -0.57906 -0.00003
v -0.00737 -0.57899 0.00000
v -0.00789 -0.57878 -0.00022
v -0.00791 -0.57880 -0.00035
v -0.00783 -0.57874 -0.00010
v -0.00773 -0.57868 -0.00003
v -0.00762 -0.57861 0.00000
v -0.00821 -0.57829 -0.00022
v -0.00824 -0.57831 -0.00035
v -0.00815 -0.57825 -0.00010
v -0.00806 -0.57819 -0.00003
v -0.00794 -0.57812 0.00000
v -0.00859 -0.57772 -0.00022
v -0.00861 -0.57773 -0.00035
v -0.00853 -0.57768 -0.00010
v -0.00843 -0.57762 -0.00003
v -0.00832 -0.57754 0.00000
v -0.00900 -0.57709 -0.00022
v -0.00902 -0.57710 -0.00035
v -0.00894 -0.57705 -0.00010
v -0.00884 -0.57698 -0.00003
v -0.00873 -0.57691 0.00000
v -0.00944 -0.57642 -0.00022
v -0.00946 -0.57643 -0.00035
v -0.00937 -0.57638 -0.00010
v -0.00928 -0.57632 -0.00003
v -0.00917 -0.57624 0.00000
v -0.00988 -0.57574 -0.00022
v -0.00990 -0.57575 -0.00035
v -0.00981 -0.57570 -0.00010
v -0.00972 -0.57564 -0.00003
v -0.00961 -0.57556 0.00000
v -0.01031 -0.57507 -0.00022
v -0.01033 -0.57509 -0.00035
v -0.01025 -0.57503 -0.00010
v -0.01015 -0.57497 -0.00003
v -0.01004 -0.57490 0.00000
v -0.01072 -0.57444 -0.00022
v -0.01074 -0.57446 -0.00035
v -0.01065 -0.57440 -0.00010
v -0.01056 -0.57434 -0.00003
v -0.01045 -0.57427 0.00000
v -0.01109 -0.57387 -0.00022
v -0.01111 -0.57389 -0.00035
v -0.01102 -0.57383 -0.00010
v -0.01093 -0.57377 -0.00003
v -0.01082 -0.57370 0.00000
v -0.01140 -0.57338 -0.00022
v -0.01142 -0.57340 -0.00035
v -0.01134 -0.57334 -0.00010
v -0.01124 -0.57328 -0.00003
v -0.01113 -0.57321 0.00000
v -0.01165 -0.57301 -0.00022
v -0.01167 -0.57302 -0.00035
v -0.01158 -0.57297 -0.00010
v -0.01149 -0.57290 -0.00003
v -0.01137 -0.57283 0.00000
v -0.01180 -0.57276 -0.00022
v -0.01183 -0.57278 -0.00035
v -0.01174 -0.57272 -0.00010
v -0.01165 -0.57266 -0.00003
v -0.01154 -0.57259 0.00000
v -0.01188 -0.57265 -0.00022
v -0.01190 -0.57267 -0.00035
v -0.01182 -0.57261 -0.00010
v -0.01172 -0.57255 -0.00003
v -0.01161 -0.57248 0.00000
v -0.01194 -0.57255 -0.00022
v -0.01197 -0.57256 -0.00035
v -0.01188 -0.57251 -0.00010
v -0.01178 -0.57245 -0.00003
v -0.01167 -0.57238 0.00000
v -0.01200 -0.57246 -0.00022
v -0.01202 -0.57248 -0.00035
v -0.01193 -0.57243 -0.00010
v -0.01184 -0.57237 -0.00003
v -0.01172 -0.57230 0.00000
v -0.01204 -0.57239 -0.00022
v -0.01206 -0.57241 -0.00035
v -0.01197 -0.57235 -0.00010
v -0.01188 -0.57230 -0.00003
v -0.01176 -0.57223 0.00000
v -0.01207 -0.57234 -0.00022
v -0.01209 -0.57235 -0.00035
v -0.01201 -0.57230 -0.00010
v -0.01191 -0.57224 -0.00003
v -0.01180 -0.57217 0.00000
v -0.01210 -0.57230 -0.00022
v -0.01212 -0.57231 -0.00035
v -0.01203 -0.57226 -0.00010
v -0.01194 -0.57220 -0.00003
v -0.01183 -0.57212 0.00000
v -0.01211 -0.57228 -0.00022
v -0.01213 -0.57230 -0.00035
v -0.01205 -0.57224 -0.00010
v -0.01196 -0.57217 -0.00003
v -0.01185 -0.57209 0.00000
v -0.01210 -0.57229 -0.00022
v -0.01212 -0.57231 -0.00035
v -0.01205 -0.57224 -0.00010
v -0.01197 -0.57216 -0.00003
v -0.01187 -0.57206 0.00000
v -0.01208 -0.57231 -0.00022
v -0.01209 -0.57233 -0.00035
v -0.01203 -0.57225 -0.00010
v -0.01197 -0.57215 -0.00003
v -0.01189 -0.57204 0.00000
v -0.01203 -0.57233 -0.00022
v -0.01204 -0.57236 -0.00035
v -0.01201 -0.57226 -0.00010
v -0.01197 -0.57216 -0.00003
v -0.01192 -0.57203 0.00000
v -0.01200 -0.57234 -0.00022
v -0.01200 -0.57237 -0.00035
v -0.01198 -0.57227 -0.00010
v -0.01197 -0.57216 -0.00003
v -0.01195 -0.57202 0.00000
v -0.01197 -0.57234 -0.00022
v -0.01197 -0.57237 -0.00035
v -0.01197 -0.57227 -0.00010
v -0.01198 -0.57216 -0.00003
v -0.01198 -0.57202 0.00000
v -0.01191 -0.57234 -0.00022
v -0.01190 -0.57236 -0.00035
v -0.01193 -0.57226 -0.00010
v -0.01196 -0.57215 -0.00003
v -0.01200 -0.57202 0.00000
v -0.01182 -0.57230 -0.00022
v -0.01180 -0.57232 -0.00035
v -0.01186 -0.57223 -0.00010
v -0.01193 -0.57214 -0.00003
v -0.01201 -0.57203 0.00000
v -0.01176 -0.57223 -0.00022
v -0.01174 -0.57225 -0.00035
v -0.01182 -0.57219 -0.00010
v -0.01191 -0.57212 -0.00003
v -0.01202 -0.57204 0.00000
v -0.01173 -0.57218 -0.00022
v -0.01171 -0.57219 -0.00035
v -0.01180 -0.57216 -0.00010
v -0.01191 -0.57211 -0.00003
v -0.01203 -0.57206 0.00000
v -0.01173 -0.57217 -0.00022
v -0.01170 -0.57218 -0.00035
v -0.01180 -0.57215 -0.00010
v -0.01191 -0.57212 -0.00003
v -0.01204 -0.57209 0.00000
v -0.01173 -0.57218 -0.00022
v -0.01170 -0.57219 -0.00035
v -0.01180 -0.57217 -0.00010
v -0.01192 -0.57215 -0.00003
v -0.01205 -0.57213 0.00000
v -0.01173 -0.57222 -0.00022
v -0.01171 -0.57222 -0.00035
v -0.01181 -0.57221 -0.00010
v -0.01192 -0.57220 -0.00003
v -0.01205 -0.57219 0.00000
v -0.01174 -0.57228 -0.00022
v -0.01171 -0.57228 -0.00035
v -0.01182 -0.57228 -0.00010
v -0.01193 -0.57227 -0.00003
v -0.01206 -0.57226 0.00000
v -0.01174 -0.57236 -0.00022
v -0.01172 -0.57236 -0.00035
v -0.01182 -0.57236 -0.00010
v -0.01193 -0.57235 -0.00003
v -0.01206 -0.57235 0.00000
v -0.01175 -0.57246 -0.00022
v -0.01172 -0.57246 -0.00035
v -0.01182 -0.57246 -0.00010
v -0.01193 -0.57246 -0.00003
v -0.01207 -0.57246 0.00000
v -0.01175 -0.57259 -0.00022
v -0.01172 -0.57259 -0.00035
v -0.01182 -0.57259 -0.00010
v -0.01194 -0.57259 -0.00003
v -0.01207 -0.57258 0.00000
v -0.01175 -0.57274 -0.00022
v -0.01172 -0.57274 -0.00035
v -0.01182 -0.57274 -0.00010
v -0.01194 -0.57273 -0.00003
v -0.01207 -0.57273 0.00000
v 0.00581 -0.58685 -0.00206
v 0.00579 -0.58702 -0.00206
v 0.00566 -0.58701 -0.00209
v 0.00567 -0.58685 -0.00209
v 0.00592 -0.58685 -0.00199
v 0.00591 -0.58704 -0.00199
v 0.00599 -0.58686 -0.00188
v 0.00598 -0.58705 -0.00188
v 0.00602 -0.58686 -0.00174
v 0.00601 -0.58705 -0.00174
v 0.00576 -0.58719 -0.00206
v 0.00563 -0.58716 -0.00209
v 0.00587 -0.58722 -0.00199
v 0.00594 -0.58724 -0.00188
v 0.00597 -0.58725 -0.00174
v 0.00571 -0.58735 -0.00206
v 0.00558 -0.58730 -0.00209
v 0.00581 -0.58740 -0.00199
v 0.00588 -0.58743 -0.00188
v 0.00590 -0.58744 -0.00174
v 0.00563 -0.58751 -0.00206
v 0.00552 -0.58744 -0.00209
v 0.00573 -0.58756 -0.00199
v 0.00580 -0.58760 -0.00188
v 0.00582 -0.58761 -0.00174
v 0.00554 -0.58764 -0.00206
v 0.00543 -0.58756 -0.00209
v 0.00563 -0.58771 -0.00199
v 0.00569 -0.58776 -0.00188
v 0.00571 -0.58777 -0.00174
v 0.00543 -0.58777 -0.00206
v 0.00534 -0.58767 -0.00209
v 0.00551 -0.58785 -0.00199
v 0.00556 -0.58790 -0.00188
v 0.00558 -0.58792 -0.00174
v 0.00531 -0.58788 -0.00206
v 0.00523 -0.58777 -0.00209
v 0.00538 -0.58797 -0.00199
v 0.00542 -0.58803 -0.00188
v 0.00544 -0.58805 -0.00174
v 0.00517 -0.58797 -0.00206
v 0.00510 -0.58785 -0.00209
v 0.00523 -0.58807 -0.00199
v 0.00526 -0.58813 -0.00188
v 0.00528 -0.58815 -0.00174
v 0.00502 -0.58804 -0.00206
v 0.00497 -0.58792 -0.00209
v 0.00506 -0.58815 -0.00199
v 0.00509 -0.58822 -0.00188
v 0.00510 -0.58824 -0.00174
v 0.00486 -0.58810 -0.00206
v 0.00482 -0.58797 -0.00209
v 0.00489 -0.58821 -0.00199
v 0.00491 -0.58828 -0.00188
v 0.00491 -0.58830 -0.00174
v 0.00469 -0.58813 -0.00206
v 0.00467 -0.58800 -0.00209
v 0.00470 -0.58824 -0.00199
v 0.00471 -0.58832 -0.00188
v 0.00472 -0.58834 -0.00174
v 0.00451 -0.58814 -0.00206
v 0.00451 -0.58801 -0.00209
v 0.00451 -0.58825 -0.00199
v 0.00451 -0.58833 -0.00188
v 0.00451 -0.58836 -0.00174
v 0.00433 -0.58813 -0.00206
v 0.00435 -0.58800 -0.00209
v 0.00432 -0.58824 -0.00199
v 0.00431 -0.58832 -0.00188
v 0.00430 -0.58834 -0.00174
v 0.00416 -0.58810 -0.00206
v 0.00420 -0.58797 -0.00209
v 0.00413 -0.58821 -0.00199
v 0.00411 -0.58828 -0.00188
v 0.00411 -0.58830 -0.00174
v 0.00400 -0.58804 -0.00206
v 0.00405 -0.58792 -0.00209
v 0.00396 -0.58815 -0.00199
v 0.00393 -0.58822 -0.00188
v 0.00392 -0.58824 -0.00174
v 0.00385 -0.58797 -0.00206
v 0.00392 -0.58785 -0.00209
v 0.00380 -0.58807 -0.00199
v 0.00376 -0.58813 -0.00188
v 0.00374 -0.58815 -0.00174
v 0.00371 -0.58788 -0.00206
v 0.00380 -0.58777 -0.00209
v 0.00364 -0.58797 -0.00199
v 0.00360 -0.58803 -0.00188
v 0.00358 -0.58805 -0.00174
v 0.00359 -0.58777 -0.00206
v 0.00368 -0.58767 -0.00209
v 0.00351 -0.58785 -0.00199
v 0.00346 -0.58790 -0.00188
v 0.00344 -0.58792 -0.00174
v 0.00348 -0.58764 -0.00206
v 0.00359 -0.58756 -0.00209
v 0.00339 -0.58771 -0.00199
v 0.00333 -0.58776 -0.00188
v 0.00331 -0.58777 -0.00174
v 0.00339 -0.58751 -0.00206
v 0.00350 -0.58744 -0.00209
v 0.00329 -0.58756 -0.00199
v 0.00323 -0.58760 -0.00188
v 0.00320 -0.58761 -0.00174
v 0.00332 -0.58735 -0.00206
v 0.00344 -0.58730 -0.00209
v 0.00321 -0.58740 -0.00199
v 0.00314 -0.58743 -0.00188
v 0.00312 -0.58744 -0.00174
v 0.00326 -0.58719 -0.00206
v 0.00339 -0.58716 -0.00209
v 0.00315 -0.58722 -0.00199
v 0.00308 -0.58724 -0.00188
v 0.00305 -0.58725 -0.00174
v 0.00323 -0.58702 -0.00206
v 0.00336 -0.58701 -0.00209
v 0.00312 -0.58704 -0.00199
v 0.00304 -0.58705 -0.00188
v 0.00301 -0.58705 -0.00174
v 0.00322 -0.58685 -0.00206
v 0.00335 -0.58685 -0.00209
v 0.00310 -0.58685 -0.00199
v 0.00303 -0.58686 -0.00188
v 0.00300 -0.58686 -0.00174
v 0.00322 -0.56827 -0.00206
v 0.00335 -0.56827 -0.00209
v 0.00310 -0.56826 -0.00199
v 0.00303 -0.56826 -0.00188
v 0.00300 -0.56826 -0.00174
v 0.00323 -0.56809 -0.00206
v 0.00336 -0.56811 -0.00209
v 0.00312 -0.56808 -0.00199
v 0.00304 -0.56807 -0.00188
v 0.00301 -0.56806 -0.00174
v 0.00326 -0.56792 -0.00206
v 0.00339 -0.56796 -0.00209
v 0.00315 -0.56789 -0.00199
v 0.00308 -0.56787 -0.00188
v 0.00305 -0.56787 -0.00174
v 0.00332 -0.56776 -0.00206
v 0.00344 -0.56781 -0.00209
v 0.00321 -0.56772 -0.00199
v 0.00314 -0.56769 -0.00188
v 0.00312 -0.56768 -0.00174
v 0.00339 -0.56761 -0.00206
v 0.00350 -0.56768 -0.00209
v 0.00329 -0.56755 -0.00199
v 0.00323 -0.56752 -0.00188
v 0.00320 -0.56750 -0.00174
v 0.00348 -0.56747 -0.00206
v 0.00359 -0.56756 -0.00209
v 0.00339 -0.56740 -0.00199
v 0.00333 -0.56736 -0.00188
v 0.00331 -0.56734 -0.00174
v 0.00359 -0.56735 -0.00206
v 0.00368 -0.56744 -0.00209
v 0.00351 -0.56727 -0.00199
v 0.00346 -0.56722 -0.00188
v 0.00344 -0.56720 -0.00174
v 0.00371 -0.56724 -0.00206
v 0.00380 -0.56735 -0.00209
v 0.00364 -0.56715 -0.00199
v 0.00360 -0.56709 -0.00188
v 0.00358 -0.56707 -0.00174
v 0.00385 -0.56715 -0.00206
v 0.00392 -0.56726 -0.00209
v 0.00380 -0.56705 -0.00199
v 0.00376 -0.56699 -0.00188
v 0.00374 -0.56696 -0.00174
v 0.00400 -0.56707 -0.00206
v 0.00405 -0.56720 -0.00209
v 0.00396 -0.56697 -0.00199
v 0.00393 -0.56690 -0.00188
v 0.00392 -0.56688 -0.00174
v 0.00416 -0.56702 -0.00206
v 0.00420 -0.56715 -0.00209
v 0.00413 -0.56691 -0.00199
v 0.00411 -0.56684 -0.00188
v 0.00411 -0.56681 -0.00174
v 0.00433 -0.56699 -0.00206
v 0.00435 -0.56712 -0.00209
v 0.00432 -0.56687 -0.00199
v 0.00431 -0.56680 -0.00188
v 0.00430 -0.56677 -0.00174
v 0.00451 -0.56698 -0.00206
v 0.00451 -0.56711 -0.00209
v 0.00451 -0.56686 -0.00199
v 0.00451 -0.56679 -0.00188
v 0.00451 -0.56676 -0.00174
v 0.00469 -0.56699 -0.00206
v 0.00467 -0.56712 -0.00209
v 0.00470 -0.56687 -0.00199
v 0.00471 -0.56680 -0.00188
v 0.00472 -0.56677 -0.00174
v 0.00486 -0.56702 -0.00206
v 0.00482 -0.56715 -0.00209
v 0.00489 -0.56691 -0.00199
v 0.00491 -0.56684 -0.00188
v 0.00491 -0.56681 -0.00174
v 0.00502 -0.56707 -0.00206
v 0.00497 -0.56720 -0.00209
v 0.00506 -0.56697 -0.00199
v 0.00509 -0.56690 -0.00188
v 0.00510 -0.56688 -0.00174
v 0.00517 -0.56715 -0.00206
v 0.00510 -0.56726 -0.00209
v 0.00523 -0.56705 -0.00199
v 0.00526 -0.56699 -0.00188
v 0.00528 -0.56696 -0.00174
v 0.00531 -0.56724 -0.00206
v 0.00523 -0.56735 -0.00209
v 0.00538 -0.56715 -0.00199
v 0.00542 -0.56709 -0.00188
v 0.00544 -0.56707 -0.00174
v 0.00543 -0.56735 -0.00206
v 0.00534 -0.56744 -0.00209
v 0.00551 -0.56727 -0.00199
v 0.00556 -0.56722 -0.00188
v 0.00558 -0.56720 -0.00174
v 0.00554 -0.56747 -0.00206
v 0.00543 -0.56756 -0.00209
v 0.00563 -0.56740 -0.00199
v 0.00569 -0.56736 -0.00188
v 0.00571 -0.56734 -0.00174
v 0.00563 -0.56761 -0.00206
v 0.00552 -0.56768 -0.00209
v 0.00573 -0.56755 -0.00199
v 0.00580 -0.56752 -0.00188
v 0.00582 -0.56750 -0.00174
v 0.00571 -0.56776 -0.00206
v 0.00558 -0.56781 -0.00209
v 0.00581 -0.56772 -0.00199
v 0.00588 -0.56769 -0.00188
v 0.00590 -0.56768 -0.00174
v 0.00576 -0.56792 -0.00206
v 0.00563 -0.56796 -0.00209
v 0.00587 -0.56789 -0.00199
v 0.00594 -0.56787 -0.00188
v 0.00597 -0.56787 -0.00174
v 0.00579 -0.56809 -0.00206
v 0.00566 -0.56811 -0.00209
v 0.00591 -0.56808 -0.00199
v 0.00598 -0.56807 -0.00188
v 0.00601 -0.56806 -0.00174
v 0.00581 -0.56827 -0.00206
v 0.00567 -0.56827 -0.00209
v 0.00592 -0.56826 -0.00199
v 0.00599 -0.56826 -0.00188
v 0.00602 -0.56826 -0.00174
v 0.00602 -0.58686 -0.00035
v 0.00601 -0.58705 -0.00035
v 0.00601 -0.58705 -0.00174
v 0.00602 -0.58686 -0.00174
v 0.00597 -0.58725 -0.00035
v 0.00597 -0.58725 -0.00174
v 0.00590 -0.58744 -0.00035
v 0.00590 -0.58744 -0.00174
v 0.00582 -0.58761 -0.00035
v 0.00582 -0.58761 -0.00174
v 0.00571 -0.58777 -0.00035
v 0.00571 -0.58777 -0.00174
v 0.00558 -0.58792 -0.00035
v 0.00558 -0.58792 -0.00174
v 0.00544 -0.58805 -0.00035
v 0.00544 -0.58805 -0.00174
v 0.00528 -0.58815 -0.00035
v 0.00528 -0.58815 -0.00174
v 0.00510 -0.58824 -0.00035
v 0.00510 -0.58824 -0.00174
v 0.00491 -0.58830 -0.00035
v 0.00491 -0.58830 -0.00174
v 0.00472 -0.58834 -0.00035
v 0.00472 -0.58834 -0.00174
v 0.00451 -0.58836 -0.00035
v 0.00451 -0.58836 -0.00174
v 0.00430 -0.58834 -0.00035
v 0.00430 -0.58834 -0.00174
v 0.00411 -0.58830 -0.00035
v 0.00411 -0.58830 -0.00174
v 0.00392 -0.58824 -0.00035
v 0.00392 -0.58824 -0.00174
v 0.00374 -0.58815 -0.00035
v 0.00374 -0.58815 -0.00174
v 0.00358 -0.58805 -0.00035
v 0.00358 -0.58805 -0.00174
v 0.00344 -0.58792 -0.00035
v 0.00344 -0.58792 -0.00174
v 0.00331 -0.58777 -0.00035
v 0.00331 -0.58777 -0.00174
v 0.00320 -0.58761 -0.00035
v 0.00320 -0.58761 -0.00174
v 0.00312 -0.58744 -0.00035
v 0.00312 -0.58744 -0.00174
v 0.00305 -0.58725 -0.00035
v 0.00305 -0.58725 -0.00174
v 0.00301 -0.58705 -0.00035
v 0.00301 -0.58705 -0.00174
v 0.00300 -0.58686 -0.00035
v 0.00300 -0.58686 -0.00174
v 0.00300 -0.56826 -0.00035
v 0.00300 -0.56826 -0.00174
v 0.00301 -0.56806 -0.00035
v 0.00301 -0.56806 -0.00174
v 0.00305 -0.56787 -0.00035
v 0.00305 -0.56787 -0.00174
v 0.00312 -0.56768 -0.00035
v 0.00312 -0.56768 -0.00174
v 0.00320 -0.56750 -0.00035
v 0.00320 -0.56750 -0.00174
v 0.00331 -0.56734 -0.00035
v 0.00331 -0.56734 -0.00174
v 0.00344 -0.56720 -0.00035
v 0.00344 -0.56720 -0.00174
v 0.00358 -0.56707 -0.00035
v 0.00358 -0.56707 -0.00174
v 0.00374 -0.56696 -0.00035
v 0.00374 -0.56696 -0.00174
v 0.00392 -0.56688 -0.00035
v 0.00392 -0.56688 -0.00174
v 0.00411 -0.56681 -0.00035
v 0.00411 -0.56681 -0.00174
v 0.00430 -0.56677 -0.00035
v 0.00430 -0.56677 -0.00174
v 0.00451 -0.56676 -0.00035
v 0.00451 -0.56676 -0.00174
v 0.00472 -0.56677 -0.00035
v 0.00472 -0.56677 -0.00174
v 0.00491 -0.56681 -0.00035
v 0.00491 -0.56681 -0.00174
v 0.00510 -0.56688 -0.00035
v 0.00510 -0.56688 -0.00174
v 0.00528 -0.56696 -0.00035
v 0.00528 -0.56696 -0.00174
v 0.00544 -0.56707 -0.00035
v 0.00544 -0.56707 -0.00174
v 0.00558 -0.56720 -0.00035
v 0.00558 -0.56720 -0.00174
v 0.00571 -0.56734 -0.00035
v 0.00571 -0.56734 -0.00174
v 0.00582 -0.56750 -0.00035
v 0.00582 -0.56750 -0.00174
v 0.00590 -0.56768 -0.00035
v 0.00590 -0.56768 -0.00174
v 0.00597 -0.56787 -0.00035
v 0.00597 -0.56787 -0.00174
v 0.00601 -0.56806 -0.00035
v 0.00601 -0.56806 -0.00174
v 0.00602 -0.56826 -0.00035
v 0.00602 -0.56826 -0.00174
v 0.00599 -0.58686 -0.00022
v 0.00598 -0.58705 -0.00022
v 0.00601 -0.58705 -0.00035
v 0.00602 -0.58686 -0.00035
v 0.00592 -0.58685 -0.00010
v 0.00591 -0.58704 -0.00010
v 0.00581 -0.58685 -0.00003
v 0.00579 -0.58702 -0.00003
v 0.00567 -0.58685 0.00000
v 0.00566 -0.58701 0.00000
v 0.00594 -0.58724 -0.00022
v 0.00597 -0.58725 -0.00035
v 0.00587 -0.58722 -0.00010
v 0.00576 -0.58719 -0.00003
v 0.00563 -0.58716 0.00000
v 0.00588 -0.58743 -0.00022
v 0.00590 -0.58744 -0.00035
v 0.00581 -0.58740 -0.00010
v 0.00571 -0.58735 -0.00003
v 0.00558 -0.58730 0.00000
v 0.00580 -0.58760 -0.00022
v 0.00582 -0.58761 -0.00035
v 0.00573 -0.58756 -0.00010
v 0.00563 -0.58751 -0.00003
v 0.00552 -0.58744 0.00000
v 0.00569 -0.58776 -0.00022
v 0.00571 -0.58777 -0.00035
v 0.00563 -0.58771 -0.00010
v 0.00554 -0.58764 -0.00003
v 0.00543 -0.58756 0.00000
v 0.00556 -0.58790 -0.00022
v 0.00558 -0.58792 -0.00035
v 0.00551 -0.58785 -0.00010
v 0.00543 -0.58777 -0.00003
v 0.00534 -0.58767 0.00000
v 0.00542 -0.58803 -0.00022
v 0.00544 -0.58805 -0.00035
v 0.00538 -0.58797 -0.00010
v 0.00531 -0.58788 -0.00003
v 0.00523 -0.58777 0.00000
v 0.00526 -0.58813 -0.00022
v 0.00528 -0.58815 -0.00035
v 0.00523 -0.58807 -0.00010
v 0.00517 -0.58797 -0.00003
v 0.00510 -0.58785 0.00000
v 0.00509 -0.58822 -0.00022
v 0.00510 -0.58824 -0.00035
v 0.00506 -0.58815 -0.00010
v 0.00502 -0.58804 -0.00003
v 0.00497 -0.58792 0.00000
v 0.00491 -0.58828 -0.00022
v 0.00491 -0.58830 -0.00035
v 0.00489 -0.58821 -0.00010
v 0.00486 -0.58810 -0.00003
v 0.00482 -0.58797 0.00000
v 0.00471 -0.58832 -0.00022
v 0.00472 -0.58834 -0.00035
v 0.00470 -0.58824 -0.00010
v 0.00469 -0.58813 -0.00003
v 0.00467 -0.58800 0.00000
v 0.00451 -0.58833 -0.00022
v 0.00451 -0.58836 -0.00035
v 0.00451 -0.58825 -0.00010
v 0.00451 -0.58814 -0.00003
v 0.00451 -0.58801 0.00000
v 0.00431 -0.58832 -0.00022
v 0.00430 -0.58834 -0.00035
v 0.00432 -0.58824 -0.00010
v 0.00433 -0.58813 -0.00003
v 0.00435 -0.58800 0.00000
v 0.00411 -0.58828 -0.00022
v 0.00411 -0.58830 -0.00035
v 0.00413 -0.58821 -0.00010
v 0.00416 -0.58810 -0.00003
v 0.00420 -0.58797 0.00000
v 0.00393 -0.58822 -0.00022
v 0.00392 -0.58824 -0.00035
v 0.00396 -0.58815 -0.00010
v 0.00400 -0.58804 -0.00003
v 0.00405 -0.58792 0.00000
v 0.00376 -0.58813 -0.00022
v 0.00374 -0.58815 -0.00035
v 0.00380 -0.58807 -0.00010
v 0.00385 -0.58797 -0.00003
v 0.00392 -0.58785 0.00000
v 0.00360 -0.58803 -0.00022
v 0.00358 -0.58805 -0.00035
v 0.00364 -0.58797 -0.00010
v 0.00371 -0.58788 -0.00003
v 0.00380 -0.58777 0.00000
v 0.00346 -0.58790 -0.00022
v 0.00344 -0.58792 -0.00035
v 0.00351 -0.58785 -0.00010
v 0.00359 -0.58777 -0.00003
v 0.00368 -0.58767 0.00000
v 0.00333 -0.58776 -0.00022
v 0.00331 -0.58777 -0.00035
v 0.00339 -0.58771 -0.00010
v 0.00348 -0.58764 -0.00003
v 0.00359 -0.58756 0.00000
v 0.00323 -0.58760 -0.00022
v 0.00320 -0.58761 -0.00035
v 0.00329 -0.58756 -0.00010
v 0.00339 -0.58751 -0.00003
v 0.00350 -0.58744 0.00000
v 0.00314 -0.58743 -0.00022
v 0.00312 -0.58744 -0.00035
v 0.00321 -0.58740 -0.00010
v 0.00332 -0.58735 -0.00003
v 0.00344 -0.58730 0.00000
v 0.00308 -0.58724 -0.00022
v 0.00305 -0.58725 -0.00035
v 0.00315 -0.58722 -0.00010
v 0.00326 -0.58719 -0.00003
v 0.00339 -0.58716 0.00000
v 0.00304 -0.58705 -0.00022
v 0.00301 -0.58705 -0.00035
v 0.00312 -0.58704 -0.00010
v 0.00323 -0.58702 -0.00003
v 0.00336 -0.58701 0.00000
v 0.00303 -0.58686 -0.00022
v 0.00300 -0.58686 -0.00035
v 0.00310 -0.58685 -0.00010
v 0.00322 -0.58685 -0.00003
v 0.00335 -0.58685 0.00000
v 0.00303 -0.56826 -0.00022
v 0.00300 -0.56826 -0.00035
v 0.00310 -0.56826 -0.00010
v 0.00322 -0.56827 -0.00003
v 0.00335 -0.56827 0.00000
v 0.00304 -0.56807 -0.00022
v 0.00301 -0.56806 -0.00035
v 0.00312 -0.56808 -0.00010
v 0.00323 -0.56809 -0.00003
v 0.00336 -0.56811 0.00000
v 0.00308 -0.56787 -0.00022
v 0.00305 -0.56787 -0.00035
v 0.00315 -0.56789 -0.00010
v 0.00326 -0.56792 -0.00003
v 0.00339 -0.56796 0.00000
v 0.00314 -0.56769 -0.00022
v 0.00312 -0.56768 -0.00035
v 0.00321 -0.56772 -0.00010
v 0.00332 -0.56776 -0.00003
v 0.00344 -0.56781 0.00000
v 0.00323 -0.56752 -0.00022
v 0.00320 -0.56750 -0.00035
v 0.00329 -0.56755 -0.00010
v 0.00339 -0.56761 -0.00003
v 0.00350 -0.56768 0.00000
v 0.00333 -0.56736 -0.00022
v 0.00331 -0.56734 -0.00035
v 0.00339 -0.56740 -0.00010
v 0.00348 -0.56747 -0.00003
v 0.00359 -0.56756 0.00000
v 0.00346 -0.56722 -0.00022
v 0.00344 -0.56720 -0.00035
v 0.00351 -0.56727 -0.00010
v 0.00359 -0.56735 -0.00003
v 0.00368 -0.56744 0.00000
v 0.00360 -0.56709 -0.00022
v 0.00358 -0.56707 -0.00035
v 0.00364 -0.56715 -0.00010
v 0.00371 -0.56724 -0.00003
v 0.00380 -0.56735 0.00000
v 0.00376 -0.56699 -0.00022
v 0.00374 -0.56696 -0.00035
v 0.00380 -0.56705 -0.00010
v 0.00385 -0.56715 -0.00003
v 0.00392 -0.56726 0.00000
v 0.00393 -0.56690 -0.00022
v 0.00392 -0.56688 -0.00035
v 0.00396 -0.56697 -0.00010
v 0.00400 -0.56707 -0.00003
v 0.00405 -0.56720 0.00000
v 0.00411 -0.56684 -0.00022
v 0.00411 -0.56681 -0.00035
v 0.00413 -0.56691 -0.00010
v 0.00416 -0.56702 -0.00003
v 0.00420 -0.56715 0.00000
v 0.00431 -0.56680 -0.00022
v 0.00430 -0.56677 -0.00035
v 0.00432 -0.56687 -0.00010
v 0.00433 -0.56699 -0.00003
v 0.00435 -0.56712 0.00000
v 0.00451 -0.56679 -0.00022
v 0.00451 -0.56676 -0.00035
v 0.00451 -0.56686 -0.00010
v 0.00451 -0.56698 -0.00003
v 0.00451 -0.56711 0.00000
v 0.00471 -0.56680 -0.00022
v 0.00472 -0.56677 -0.00035
v 0.00470 -0.56687 -0.00010
v 0.00469 -0.56699 -0.00003
v 0.00467 -0.56712 0.00000
v 0.00491 -0.56684 -0.00022
v 0.00491 -0.56681 -0.00035
v 0.00489 -0.56691 -0.00010
v 0.00486 -0.56702 -0.00003
v 0.00482 -0.56715 0.00000
v 0.00509 -0.56690 -0.00022
v 0.00510 -0.56688 -0.00035
v 0.00506 -0.56697 -0.00010
v 0.00502 -0.56707 -0.00003
v 0.00497 -0.56720 0.00000
v 0.00526 -0.56699 -0.00022
v 0.00528 -0.56696 -0.00035
v 0.00523 -0.56705 -0.00010
v 0.00517 -0.56715 -0.00003
v 0.00510 -0.56726 0.00000
v 0.00542 -0.56709 -0.00022
v 0.00544 -0.56707 -0.00035
v 0.00538 -0.56715 -0.00010
v 0.00531 -0.56724 -0.00003
v 0.00523 -0.56735 0.00000
v 0.00556 -0.56722 -0.00022
v 0.00558 -0.56720 -0.00035
v 0.00551 -0.56727 -0.00010
v 0.00543 -0.56735 -0.00003
v 0.00534 -0.56744 0.00000
v 0.00569 -0.56736 -0.00022
v 0.00571 -0.56734 -0.00035
v 0.00563 -0.56740 -0.00010
v 0.00554 -0.56747 -0.00003
v 0.00543 -0.56756 0.00000
v 0.00580 -0.56752 -0.00022
v 0.00582 -0.56750 -0.00035
v 0.00573 -0.56755 -0.00010
v 0.00563 -0.56761 -0.00003
v 0.00552 -0.56768 0.00000
v 0.00588 -0.56769 -0.00022
v 0.00590 -0.56768 -0.00035
v 0.00581 -0.56772 -0.00010
v 0.00571 -0.56776 -0.00003
v 0.00558 -0.56781 0.00000
v 0.00594 -0.56787 -0.00022
v 0.00597 -0.56787 -0.00035
v 0.00587 -0.56789 -0.00010
v 0.00576 -0.56792 -0.00003
v 0.00563 -0.56796 0.00000
v 0.00598 -0.56807 -0.00022
v 0.00601 -0.56806 -0.00035
v 0.00591 -0.56808 -0.00010
v 0.00579 -0.56809 -0.00003
v 0.00566 -0.56811 0.00000
v 0.00599 -0.56826 -0.00022
v 0.00602 -0.56826 -0.00035
v 0.00592 -0.56826 -0.00010
v 0.00581 -0.56827 -0.00003
v 0.00567 -0.56827 0.00000
vt 0.459588 0.661838
vt 0.435495 0.607963
vt 0.438143 0.378446
vt 0.457164 0.334205
vt 0.013627 0.015949
vt 0.037546 0.983562
vt 0.025472 0.999910
vt 0.000090 0.000090
vt 0.665159 0.958245
vt 0.677778 0.973043
vt 0.665447 0.017406
vt 0.677778 0.001106
vt 0.489859 0.196695
vt 0.492578 0.195835
vt 0.491468 0.790561
vt 0.488970 0.789855
vt 0.154728 0.664606
vt 0.157100 0.792404
vt 0.147231 0.350333
vt 0.151497 0.793204
vt 0.138416 0.208104
vt 0.143701 0.208570
vt 0.502657 0.168595
vt 0.135475 0.177060
vt 0.093252 0.089343
vt 0.591939 0.093500
vt 0.150223 0.822842
vt 0.113124 0.908797
vt 0.502091 0.816777
vt 0.591959 0.887090
vt 0.523501 0.199856
vt 0.526525 0.216296
vt 0.525270 0.767042
vt 0.520828 0.781343
vt 0.399077 0.568290
vt 0.405627 0.409893
vt 0.199634 0.384469
vt 0.376507 0.372717
vt 0.363079 0.606232
vt 0.212590 0.604319
vt 0.343671 0.615744
vt 0.342709 0.623372
vt 0.232861 0.623138
vt 0.232192 0.615420
vt 0.178111 0.648023
vt 0.172927 0.647185
vt 0.207613 0.604259
vt 0.395881 0.649417
vt 0.403895 0.344524
vt 0.168966 0.357637
vt 0.195208 0.385576
vt 0.164495 0.358441
vt 0.160669 0.634772
vt 0.154399 0.369873
vt 0.185129 0.398247
vt 0.194612 0.591207
vt 0.437541 0.373061
vt 0.436133 0.367882
vt 0.433953 0.362963
vt 0.431063 0.358405
vt 0.427530 0.354329
vt 0.423452 0.350852
vt 0.418935 0.348072
vt 0.414097 0.346061
vt 0.409049 0.344870
vt 0.401763 0.648533
vt 0.407593 0.646708
vt 0.413214 0.643972
vt 0.418473 0.640392
vt 0.423222 0.636068
vt 0.427331 0.631129
vt 0.430687 0.625723
vt 0.433199 0.619991
vt 0.434813 0.614047
vt 0.368299 0.606115
vt 0.373363 0.605193
vt 0.378171 0.603448
vt 0.382622 0.600895
vt 0.386617 0.597580
vt 0.390069 0.593574
vt 0.393122 0.588774
vt 0.395843 0.583016
vt 0.398022 0.576145
vt 0.380984 0.373594
vt 0.385307 0.375062
vt 0.389399 0.377155
vt 0.393169 0.379880
vt 0.396526 0.383211
vt 0.399382 0.387105
vt 0.401821 0.391646
vt 0.403860 0.396942
vt 0.405287 0.403108
vt 0.360377 0.646475
vt 0.214435 0.645225
vt 0.233545 0.625575
vt 0.341958 0.625772
vt 0.362608 0.615135
vt 0.363482 0.640907
vt 0.344469 0.622418
vt 0.344973 0.617148
vt 0.212654 0.604539
vt 0.212827 0.613376
vt 0.211423 0.639632
vt 0.205902 0.645551
vt 0.368809 0.646849
vt 0.363012 0.606445
vt 0.218900 0.607237
vt 0.356890 0.608896
vt 0.343360 0.613266
vt 0.232594 0.612948
vt 0.192377 0.386595
vt 0.161213 0.359350
vt 0.189701 0.388384
vt 0.158421 0.361113
vt 0.187358 0.390955
vt 0.156242 0.363585
vt 0.185635 0.394340
vt 0.154861 0.366587
vt 0.169125 0.646339
vt 0.204371 0.603734
vt 0.165791 0.644505
vt 0.201202 0.602265
vt 0.163121 0.641805
vt 0.198251 0.599770
vt 0.161363 0.638455
vt 0.195795 0.596094
vt 0.943780 0.023652
vt 0.677959 0.023652
vt 0.677959 0.015781
vt 0.678403 0.010932
vt 0.679692 0.006558
vt 0.681700 0.003087
vt 0.684231 0.000858
vt 0.687035 0.000090
vt 0.934703 0.000090
vt 0.937508 0.000858
vt 0.940038 0.003087
vt 0.942046 0.006558
vt 0.943335 0.010933
vt 0.943780 0.015781
vt 0.154819 0.366563
vt 0.156207 0.363542
vt 0.172917 0.647286
vt 0.169107 0.646423
vt 0.161196 0.359280
vt 0.160621 0.634781
vt 0.163079 0.641857
vt 0.161316 0.638483
vt 0.165760 0.644576
vt 0.211368 0.641301
vt 0.211584 0.642828
vt 0.212148 0.644090
vt 0.213100 0.644927
vt 0.217215 0.607917
vt 0.215585 0.609152
vt 0.214131 0.610538
vt 0.213192 0.611961
vt 0.361691 0.646190
vt 0.362652 0.645369
vt 0.363244 0.644117
vt 0.363498 0.642586
vt 0.362294 0.613743
vt 0.361422 0.612316
vt 0.360043 0.610902
vt 0.358492 0.609628
vt 0.342877 0.625183
vt 0.343518 0.624534
vt 0.343969 0.623899
vt 0.344282 0.623219
vt 0.344160 0.614186
vt 0.344609 0.615002
vt 0.344867 0.615723
vt 0.344988 0.616417
vt 0.231136 0.622105
vt 0.231297 0.622913
vt 0.231585 0.623605
vt 0.232014 0.624260
vt 0.232635 0.624939
vt 0.231763 0.613816
vt 0.231279 0.614611
vt 0.230989 0.615326
vt 0.230838 0.616023
vt 0.230822 0.616768
vt 0.490549 0.192027
vt 0.492546 0.186238
vt 0.495419 0.180116
vt 0.498858 0.174108
vt 0.138694 0.183721
vt 0.141309 0.190647
vt 0.143120 0.197486
vt 0.143887 0.203719
vt 0.157379 0.797050
vt 0.156837 0.803019
vt 0.155334 0.809621
vt 0.153067 0.816347
vt 0.498203 0.811511
vt 0.494682 0.805767
vt 0.491735 0.799901
vt 0.489676 0.794333
vt 0.603586 0.084234
vt 0.603614 0.895798
vt 0.100912 0.917783
vt 0.080478 0.080606
vt 0.532636 0.205138
vt 0.562175 0.206156
vt 0.554683 0.225343
vt 0.540270 0.223276
vt 0.534139 0.233877
vt 0.533079 0.748502
vt 0.553615 0.754119
vt 0.538455 0.756051
vt 0.540430 0.226214
vt 0.554175 0.228508
vt 0.565742 0.779881
vt 0.564933 0.769795
vt 0.565341 0.212758
vt 0.566075 0.202658
vt 0.522348 0.784272
vt 0.531796 0.778319
vt 0.561803 0.776450
vt 0.539627 0.759446
vt 0.554269 0.757229
vt 0.565042 0.210231
vt 0.564330 0.208121
vt 0.563329 0.206690
vt 0.562957 0.775900
vt 0.563952 0.774455
vt 0.564651 0.772332
vt 0.530447 0.205876
vt 0.525949 0.771500
vt 0.555317 0.756609
vt 0.556152 0.755253
vt 0.556741 0.753320
vt 0.557064 0.750921
vt 0.555721 0.225958
vt 0.556550 0.227306
vt 0.557137 0.229232
vt 0.557461 0.231626
vt 0.527137 0.211913
vt 0.534789 0.229669
vt 0.528515 0.208252
vt 0.536178 0.226182
vt 0.538104 0.223934
vt 0.529494 0.777638
vt 0.537386 0.758838
vt 0.527431 0.775228
vt 0.535335 0.756569
vt 0.533821 0.752942
vt 0.067297 0.071214
vt 0.615791 0.074011
vt 0.053996 0.059866
vt 0.628071 0.062091
vt 0.040786 0.046437
vt 0.640368 0.048439
vt 0.027384 0.031474
vt 0.652947 0.033438
vt 0.088064 0.927596
vt 0.075226 0.939276
vt 0.062610 0.952944
vt 0.049901 0.968097
vt 0.615607 0.905231
vt 0.627691 0.916301
vt 0.639811 0.929033
vt 0.652242 0.943059
vt 0.695640 0.489405
vt 0.366453 0.489456
vt 0.366453 0.010606
vt 0.695641 0.010555
vt 0.706089 0.492675
vt 0.361959 0.492729
vt 0.706089 0.007282
vt 0.361959 0.007335
vt 0.740357 0.507291
vt 0.740357 0.992684
vt 0.739120 0.992684
vt 0.739120 0.507291
vt 0.732851 0.507291
vt 0.732851 0.992684
vt 0.731605 0.992684
vt 0.731605 0.507291
vt 0.746266 0.007184
vt 0.746266 0.485839
vt 0.745023 0.485835
vt 0.745023 0.007180
vt 0.746234 0.985848
vt 0.746234 0.507195
vt 0.747475 0.507190
vt 0.747475 0.985843
vt 0.742748 0.507291
vt 0.742748 0.992684
vt 0.739010 0.507300
vt 0.739010 0.992495
vt 0.736610 0.992487
vt 0.736610 0.507292
vt 0.739969 0.007278
vt 0.739969 0.492471
vt 0.737572 0.492481
vt 0.737572 0.007288
vt 0.735258 0.507291
vt 0.735258 0.992684
vt 0.015714 0.489488
vt 0.347077 0.489387
vt 0.351601 0.492657
vt 0.005196 0.492763
vt 0.015714 0.010656
vt 0.005196 0.007388
vt 0.347077 0.010555
vt 0.351601 0.007282
vt 0.749981 0.506975
vt 0.749981 0.971292
vt 0.748744 0.971292
vt 0.748744 0.506975
vt 0.748785 0.006965
vt 0.748785 0.471281
vt 0.747539 0.471281
vt 0.747539 0.006965
vt 0.735367 0.992483
vt 0.735367 0.507288
vt 0.736331 0.492485
vt 0.736331 0.007293
vt 0.000088 0.000088
vt 1.001281 0.000088
vt 1.001281 0.999912
vt 0.000088 0.999912
vt 0.500000 0.500000
vt 1.000000 0.500000
vt 1.000000 1.000000
vt 0.500000 1.000000
vt 0.000000 0.500000
vt 0.000000 1.000000
vt 0.000000 0.000000
vt 0.500000 0.000000
vt 1.000000 0.000000
vn 0.0000 0.0000 -1.0000
vn 0.0000 -1.0000 0.0000
vn 1.0000 0.0000 0.0000
vn 0.0000 1.0000 0.0000
vn -0.0004 -0.6236 -0.7817
vn -0.4058 0.0000 -0.9140
vn 0.0000 -0.7944 -0.6075
vn 0.4058 0.0000 -0.9140
vn 0.0000 0.5060 -0.8626
vn -0.0000 0.7657 -0.6432
vn 0.9997 -0.0000 -0.0246
vn 0.7500 0.0001 -0.6614
vn -0.7500 0.0001 -0.6614
vn 0.0000 -0.7657 -0.6432
vn 0.0000 0.0001 -1.0000
vn 0.7168 0.0730 -0.6935
vn 0.6451 0.2005 -0.7374
vn 0.5714 0.3065 -0.7613
vn 0.4983 0.3954 -0.7716
vn 0.4263 0.4715 -0.7720
vn 0.3548 0.5379 -0.7647
vn 0.2826 0.5971 -0.7508
vn 0.2082 0.6508 -0.7302
vn 0.1298 0.6999 -0.7023
vn 0.0453 0.7449 -0.6656
vn -0.7168 0.0730 -0.6935
vn -0.6451 0.2005 -0.7373
vn -0.5714 0.3065 -0.7613
vn -0.4983 0.3954 -0.7716
vn -0.4263 0.4715 -0.7720
vn -0.3548 0.5379 -0.7647
vn -0.2826 0.5971 -0.7508
vn -0.2082 0.6508 -0.7302
vn -0.1298 0.6999 -0.7023
vn -0.0453 0.7449 -0.6656
vn -0.7500 0.0000 -0.6614
vn 0.0109 0.0000 -0.9999
vn 0.0493 -0.9985 -0.0226
vn 0.7500 0.0000 -0.6614
vn 0.0080 -0.0000 1.0000
vn -0.6815 -0.1397 -0.7184
vn -0.5347 -0.3527 -0.7679
vn -0.3906 -0.5057 -0.7692
vn -0.2458 -0.6245 -0.7413
vn -0.0884 -0.7229 -0.6852
vn 0.6815 -0.1397 -0.7184
vn 0.5347 -0.3527 -0.7679
vn 0.3906 -0.5057 -0.7692
vn 0.2458 -0.6245 -0.7413
vn 0.0884 -0.7229 -0.6852
vn 0.0000 -0.0001 1.0000
vn 0.0001 0.0000 1.0000
vn -0.0001 -0.0001 1.0000
vn 0.0002 -0.0001 1.0000
vn 0.0001 -0.0001 1.0000
vn -0.0000 0.0002 1.0000
vn -0.0000 -0.0000 1.0000
vn 0.0000 0.0001 1.0000
vn 0.7500 0.0000 -0.6615
vn 0.7500 0.0001 -0.6615
vn 0.7499 0.0000 -0.6615
vn 0.0179 -0.1926 -0.9811
vn 0.0293 -0.5308 -0.8470
vn 0.0367 -0.7720 -0.6345
vn 0.0407 -0.9186 -0.3932
vn 0.0422 -0.9886 -0.1446
vn 0.0208 -0.1960 0.9804
vn 0.0423 -0.5455 0.8371
vn 0.0553 -0.7919 0.6081
vn 0.0608 -0.9337 0.3528
vn 0.0609 -0.9933 0.0979
vn 0.0422 0.9897 -0.1369
vn 0.0408 0.9212 -0.3869
vn 0.0368 0.7751 -0.6308
vn 0.0294 0.5327 -0.8458
vn 0.0179 0.1929 -0.9811
vn 0.0207 0.1957 0.9805
vn 0.0421 0.5435 0.8384
vn 0.0551 0.7888 0.6121
vn 0.0606 0.9313 0.3593
vn 0.0608 0.9925 0.1058
vn 0.0493 0.9987 -0.0146
vn -0.0560 0.0000 -0.9984
vn -0.0936 0.1186 -0.9885
vn -0.0831 0.2560 -0.9631
vn -0.0535 0.3741 -0.9258
vn -0.0187 0.4667 -0.8842
vn 0.0172 -0.8134 -0.5815
vn 0.0167 -0.8160 -0.5779
vn 0.0157 -0.8181 -0.5748
vn 0.0139 -0.8200 -0.5723
vn 0.0110 -0.8212 -0.5706
vn -0.0016 -0.7208 -0.6931
vn 0.0109 -0.7267 -0.6869
vn 0.0183 -0.7355 -0.6773
vn 0.0226 -0.7462 -0.6654
vn 0.0247 -0.7585 -0.6512
vn 0.0182 0.4680 -0.8835
vn 0.0521 0.3776 -0.9245
vn 0.0817 0.2606 -0.9620
vn 0.0929 0.1219 -0.9882
vn 0.0560 0.0000 -0.9984
vn -0.1397 0.0000 -0.9902
vn -0.2074 0.0000 -0.9783
vn -0.2741 0.0000 -0.9617
vn -0.3539 0.0000 -0.9353
vn 0.1397 0.0000 -0.9902
vn 0.2074 0.0000 -0.9783
vn 0.2741 0.0000 -0.9617
vn 0.3539 0.0000 -0.9353
vn 0.4091 0.5278 -0.7444
vn -0.0000 0.8846 -0.4664
vn -0.0000 0.6737 -0.7390
vn -0.4101 0.5277 -0.7439
vn -0.0000 0.5058 -0.8626
vn 0.0000 0.5059 -0.8626
vn 0.0000 0.5060 -0.8625
vn -0.4837 0.3322 -0.8097
vn -0.3978 -0.0852 -0.9135
vn -0.2509 -0.4491 -0.8575
vn -0.0843 -0.7119 -0.6972
vn 0.4836 0.3322 -0.8098
vn 0.3977 -0.0853 -0.9136
vn 0.2509 -0.4491 -0.8575
vn 0.0843 -0.7120 -0.6971
vn 0.0341 0.8579 -0.5127
vn 0.0903 0.8093 -0.5804
vn 0.1499 0.7559 -0.6373
vn 0.2354 0.6640 -0.7097
vn -0.2365 0.6636 -0.7098
vn -0.1507 0.7550 -0.6381
vn -0.0909 0.8082 -0.5818
vn -0.0343 0.8567 -0.5147
vn 0.0000 -0.8069 -0.5907
vn -0.0000 0.6739 -0.7388
vn -0.0000 0.6739 -0.7389
vn -0.0001 0.6736 -0.7391
vn 0.0000 0.6736 -0.7391
vn 0.0001 0.6739 -0.7388
vn 0.0000 0.6738 -0.7389
vn -0.0000 0.6738 -0.7390
vn -0.2724 0.0000 -0.9622
vn -0.6733 0.0000 -0.7394
vn -0.8727 0.0000 -0.4882
vn -0.9617 0.0000 -0.2742
vn -0.9961 0.0000 -0.0883
vn 0.0000 -0.2006 -0.9797
vn 0.0000 -0.5502 -0.8351
vn 0.0000 -0.7910 -0.6118
vn 0.0000 -0.9304 -0.3666
vn 0.0000 -0.9926 -0.1216
vn 0.2724 0.0000 -0.9622
vn 0.6733 0.0000 -0.7394
vn 0.8727 0.0000 -0.4882
vn 0.9617 0.0000 -0.2742
vn 0.9961 0.0000 -0.0883
vn 0.0000 0.2362 -0.9717
vn 0.0000 0.6160 -0.7877
vn 0.0000 0.8379 -0.5459
vn 0.0000 0.9491 -0.3149
vn 0.0000 0.9947 -0.1027
vn -1.0000 0.0000 0.0000
vn 0.0000 -0.0000 1.0000
vn 0.0000 0.0000 1.0000
vn 0.0003 0.0000 1.0000
vn -0.0001 0.0000 1.0000
vn 0.0002 0.0000 1.0000
vn 0.0001 0.0000 1.0000
vn -0.0010 0.0000 1.0000
vn 0.0013 0.0000 1.0000
vn -0.0017 0.0000 1.0000
vn 0.0017 0.0000 1.0000
vn -0.0013 0.0000 1.0000
vn 0.0010 0.0000 1.0000
vn 0.0119 0.0000 0.9999
vn -0.0011 0.0000 1.0000
vn -0.0116 0.0000 0.9999
vn -0.0007 0.0000 1.0000
vn -0.0002 0.0000 1.0000
vn 0.0063 0.0000 1.0000
vn 0.0045 0.0000 1.0000
vn 0.0015 0.0000 1.0000
vn -0.0019 0.0000 1.0000
vn -0.0006 0.0000 1.0000
vn -0.0003 0.0000 1.0000
vn 0.0000 0.0000 -1.0000
vn 0.0002 0.0000 -1.0000
vn -0.0001 0.0000 -1.0000
vn 0.0001 0.0000 -1.0000
vn -0.0002 0.0000 -1.0000
vn 0.0017 0.0000 -1.0000
vn -0.0017 0.0000 -1.0000
vn -0.0119 0.0000 -0.9999
vn 0.0120 0.0000 -0.9999
vn 0.0003 0.0000 -1.0000
vn 0.0349 0.0000 -0.9994
vn -0.0176 0.0000 -0.9998
vn 0.0044 0.0000 -1.0000
vn 0.0008 0.0000 -1.0000
vn -0.0003 0.0000 -1.0000
vn 0.3858 -0.0129 -0.9225
vn 0.3856 -0.0521 -0.9212
vn 0.1931 -0.0261 -0.9808
vn 0.1950 -0.0065 -0.9808
vn 0.7085 -0.0238 -0.7052
vn 0.7041 -0.0951 -0.7037
vn 0.9239 -0.0310 -0.3813
vn 0.9165 -0.1238 -0.3804
vn 0.9802 -0.0329 -0.1952
vn 0.9719 -0.1312 -0.1955
vn 0.3751 -0.1029 -0.9212
vn 0.1879 -0.0515 -0.9808
vn 0.6851 -0.1879 -0.7038
vn 0.8918 -0.2446 -0.3804
vn 0.9458 -0.2594 -0.1955
vn 0.3583 -0.1512 -0.9212
vn 0.1795 -0.0757 -0.9808
vn 0.6545 -0.2763 -0.7038
vn 0.8520 -0.3597 -0.3804
vn 0.9035 -0.3814 -0.1955
vn 0.3356 -0.1964 -0.9213
vn 0.1682 -0.0984 -0.9808
vn 0.6131 -0.3587 -0.7038
vn 0.7982 -0.4670 -0.3805
vn 0.8464 -0.4953 -0.1955
vn 0.3076 -0.2377 -0.9213
vn 0.1541 -0.1191 -0.9808
vn 0.5621 -0.4343 -0.7038
vn 0.7318 -0.5654 -0.3805
vn 0.7761 -0.5996 -0.1955
vn 0.2749 -0.2749 -0.9213
vn 0.1378 -0.1378 -0.9808
vn 0.5022 -0.5023 -0.7039
vn 0.6539 -0.6539 -0.3805
vn 0.6934 -0.6934 -0.1955
vn 0.2377 -0.3077 -0.9213
vn 0.1192 -0.1541 -0.9808
vn 0.4342 -0.5621 -0.7038
vn 0.5654 -0.7318 -0.3805
vn 0.5995 -0.7761 -0.1955
vn 0.1964 -0.3356 -0.9213
vn 0.0985 -0.1682 -0.9808
vn 0.3587 -0.6131 -0.7038
vn 0.4670 -0.7982 -0.3805
vn 0.4952 -0.8465 -0.1955
vn 0.1513 -0.3583 -0.9212
vn 0.0759 -0.1795 -0.9808
vn 0.2763 -0.6544 -0.7038
vn 0.3597 -0.8520 -0.3804
vn 0.3815 -0.9035 -0.1954
vn 0.1030 -0.3752 -0.9212
vn 0.0516 -0.1878 -0.9808
vn 0.1880 -0.6851 -0.7037
vn 0.2446 -0.8918 -0.3804
vn 0.2594 -0.9458 -0.1955
vn 0.0521 -0.3856 -0.9212
vn 0.0261 -0.1930 -0.9808
vn 0.0951 -0.7041 -0.7037
vn 0.1237 -0.9165 -0.3804
vn 0.1312 -0.9719 -0.1955
vn 0.0000 -0.3891 -0.9212
vn 0.0000 -0.1948 -0.9808
vn 0.0000 -0.7104 -0.7037
vn 0.0000 -0.9248 -0.3805
vn 0.0000 -0.9807 -0.1956
vn -0.0521 -0.3856 -0.9212
vn -0.0261 -0.1930 -0.9808
vn -0.0951 -0.7041 -0.7037
vn -0.1237 -0.9165 -0.3804
vn -0.1312 -0.9719 -0.1956
vn -0.1029 -0.3751 -0.9212
vn -0.0515 -0.1878 -0.9808
vn -0.1879 -0.6851 -0.7038
vn -0.2446 -0.8918 -0.3804
vn -0.2594 -0.9457 -0.1954
vn -0.1513 -0.3583 -0.9213
vn -0.0758 -0.1795 -0.9808
vn -0.2763 -0.6544 -0.7038
vn -0.3597 -0.8520 -0.3805
vn -0.3815 -0.9035 -0.1955
vn -0.1964 -0.3356 -0.9213
vn -0.0985 -0.1682 -0.9808
vn -0.3587 -0.6131 -0.7038
vn -0.4670 -0.7982 -0.3805
vn -0.4952 -0.8465 -0.1955
vn -0.2377 -0.3077 -0.9213
vn -0.1192 -0.1541 -0.9808
vn -0.4342 -0.5621 -0.7038
vn -0.5654 -0.7318 -0.3805
vn -0.5996 -0.7761 -0.1955
vn -0.2749 -0.2749 -0.9213
vn -0.1378 -0.1378 -0.9808
vn -0.5023 -0.5023 -0.7038
vn -0.6539 -0.6539 -0.3805
vn -0.6934 -0.6934 -0.1955
vn -0.3076 -0.2377 -0.9213
vn -0.1541 -0.1191 -0.9808
vn -0.5621 -0.4343 -0.7038
vn -0.7318 -0.5654 -0.3805
vn -0.7760 -0.5996 -0.1955
vn -0.3356 -0.1964 -0.9213
vn -0.1682 -0.0984 -0.9808
vn -0.6131 -0.3587 -0.7038
vn -0.7982 -0.4670 -0.3805
vn -0.8464 -0.4953 -0.1955
vn -0.3583 -0.1512 -0.9212
vn -0.1795 -0.0757 -0.9808
vn -0.6544 -0.2763 -0.7038
vn -0.8520 -0.3596 -0.3805
vn -0.9035 -0.3814 -0.1955
vn -0.3751 -0.1029 -0.9212
vn -0.1879 -0.0515 -0.9808
vn -0.6851 -0.1879 -0.7038
vn -0.8918 -0.2446 -0.3804
vn -0.9458 -0.2594 -0.1955
vn -0.3856 -0.0521 -0.9212
vn -0.1931 -0.0261 -0.9808
vn -0.7041 -0.0951 -0.7037
vn -0.9165 -0.1238 -0.3804
vn -0.9719 -0.1312 -0.1955
vn -0.3858 -0.0129 -0.9225
vn -0.1949 -0.0065 -0.9808
vn -0.7085 -0.0238 -0.7052
vn -0.9239 -0.0310 -0.3814
vn -0.9802 -0.0329 -0.1952
vn -0.3828 0.0006 -0.9238
vn -0.1950 0.0003 -0.9808
vn -0.7072 0.0012 -0.7070
vn -0.9239 0.0016 -0.3826
vn -0.9808 0.0017 -0.1951
vn -0.3831 0.0028 -0.9237
vn -0.1951 0.0014 -0.9807
vn -0.7073 0.0052 -0.7068
vn -0.9239 0.0068 -0.3825
vn -0.9807 0.0072 -0.1951
vn -0.3830 0.0060 -0.9237
vn -0.1950 0.0031 -0.9808
vn -0.7073 0.0110 -0.7068
vn -0.9238 0.0144 -0.3825
vn -0.9807 0.0153 -0.1951
vn -0.3831 0.0096 -0.9236
vn -0.1951 0.0049 -0.9808
vn -0.7071 0.0178 -0.7068
vn -0.9237 0.0232 -0.3825
vn -0.9805 0.0247 -0.1951
vn -0.3831 0.0138 -0.9236
vn -0.1951 0.0070 -0.9807
vn -0.7070 0.0255 -0.7067
vn -0.9234 0.0334 -0.3824
vn -0.9801 0.0354 -0.1951
vn -0.3829 0.0187 -0.9236
vn -0.1949 0.0095 -0.9807
vn -0.7066 0.0345 -0.7067
vn -0.9229 0.0450 -0.3824
vn -0.9796 0.0478 -0.1951
vn -0.3827 0.0243 -0.9235
vn -0.1948 0.0123 -0.9807
vn -0.7061 0.0448 -0.7067
vn -0.9221 0.0585 -0.3823
vn -0.9788 0.0620 -0.1951
vn -0.3824 0.0306 -0.9235
vn -0.1946 0.0156 -0.9807
vn -0.7053 0.0566 -0.7066
vn -0.9211 0.0739 -0.3823
vn -0.9776 0.0784 -0.1950
vn -0.3818 0.0378 -0.9235
vn -0.1941 0.0192 -0.9808
vn -0.7042 0.0698 -0.7066
vn -0.9195 0.0911 -0.3823
vn -0.9760 0.0967 -0.1951
vn -0.3809 0.0456 -0.9235
vn -0.1937 0.0232 -0.9808
vn -0.7026 0.0841 -0.7066
vn -0.9175 0.1098 -0.3822
vn -0.9738 0.1165 -0.1951
vn -0.3800 0.0533 -0.9235
vn -0.1933 0.0271 -0.9807
vn -0.7008 0.0982 -0.7065
vn -0.9151 0.1283 -0.3822
vn -0.9713 0.1361 -0.1951
vn -0.3788 0.0594 -0.9236
vn -0.1928 0.0302 -0.9807
vn -0.6989 0.1097 -0.7067
vn -0.9128 0.1433 -0.3824
vn -0.9689 0.1520 -0.1950
vn -0.3786 0.0746 -0.9225
vn -0.1914 0.0378 -0.9808
vn -0.6955 0.1372 -0.7053
vn -0.9069 0.1789 -0.3814
vn -0.9622 0.1898 -0.1952
vn -0.3730 0.0982 -0.9226
vn -0.1886 0.0497 -0.9808
vn -0.6854 0.1805 -0.7054
vn -0.8939 0.2354 -0.3815
vn -0.9484 0.2498 -0.1952
vn -0.3663 0.1219 -0.9225
vn -0.1851 0.0616 -0.9808
vn -0.6727 0.2238 -0.7053
vn -0.8771 0.2918 -0.3814
vn -0.9306 0.3096 -0.1952
vn -0.3571 0.1477 -0.9223
vn -0.1803 0.0746 -0.9807
vn -0.6552 0.2711 -0.7051
vn -0.8542 0.3534 -0.3812
vn -0.9062 0.3749 -0.1952
vn -0.3444 0.1764 -0.9221
vn -0.1736 0.0889 -0.9808
vn -0.6314 0.3234 -0.7048
vn -0.8229 0.4214 -0.3811
vn -0.8729 0.4470 -0.1953
vn -0.3270 0.2081 -0.9218
vn -0.1645 0.1047 -0.9808
vn -0.5988 0.3811 -0.7044
vn -0.7801 0.4964 -0.3808
vn -0.8274 0.5266 -0.1953
vn -0.3032 0.2426 -0.9215
vn -0.1523 0.1218 -0.9808
vn -0.5544 0.4436 -0.7041
vn -0.7220 0.5777 -0.3806
vn -0.7657 0.6127 -0.1953
vn -0.2713 0.2788 -0.9212
vn -0.1359 0.1396 -0.9808
vn -0.4954 0.5091 -0.7038
vn -0.6450 0.6627 -0.3804
vn -0.6840 0.7028 -0.1955
vn -0.2301 0.3144 -0.9210
vn -0.1150 0.1571 -0.9808
vn -0.4197 0.5735 -0.7035
vn -0.5462 0.7464 -0.3803
vn -0.5791 0.7914 -0.1956
vn -0.1795 0.3463 -0.9208
vn -0.0896 0.1728 -0.9809
vn -0.3272 0.6312 -0.7032
vn -0.4257 0.8211 -0.3801
vn -0.4513 0.8706 -0.1957
vn -0.1216 0.3708 -0.9207
vn -0.0606 0.1849 -0.9809
vn -0.2216 0.6756 -0.7032
vn -0.2882 0.8788 -0.3801
vn -0.3056 0.9318 -0.1957
vn -0.0603 0.3854 -0.9207
vn -0.0301 0.1923 -0.9809
vn -0.1100 0.7024 -0.7032
vn -0.1430 0.9138 -0.3802
vn -0.1516 0.9689 -0.1957
vn -0.0092 0.3876 -0.9218
vn -0.0045 0.1949 -0.9808
vn -0.0170 0.7096 -0.7044
vn -0.0221 0.9244 -0.3808
vn -0.0234 0.9804 -0.1953
vn 0.0210 0.3848 -0.9227
vn 0.0107 0.1948 -0.9808
vn 0.0386 0.7075 -0.7056
vn 0.0504 0.9229 -0.3815
vn 0.0534 0.9793 -0.1950
vn 0.0414 0.3831 -0.9227
vn 0.0208 0.1940 -0.9808
vn 0.0764 0.7045 -0.7056
vn 0.0998 0.9189 -0.3816
vn 0.1059 0.9750 -0.1951
vn 0.0623 0.3804 -0.9227
vn 0.0315 0.1926 -0.9808
vn 0.1145 0.6993 -0.7056
vn 0.1494 0.9121 -0.3816
vn 0.1585 0.9679 -0.1952
vn 0.0834 0.3764 -0.9227
vn 0.0421 0.1905 -0.9808
vn 0.1533 0.6919 -0.7055
vn 0.1999 0.9025 -0.3815
vn 0.2120 0.9575 -0.1952
vn 0.1052 0.3711 -0.9226
vn 0.0532 0.1877 -0.9808
vn 0.1933 0.6819 -0.7054
vn 0.2522 0.8893 -0.3815
vn 0.2676 0.9435 -0.1951
vn 0.1283 0.3640 -0.9225
vn 0.0650 0.1840 -0.9807
vn 0.2355 0.6686 -0.7053
vn 0.3071 0.8719 -0.3814
vn 0.3259 0.9250 -0.1951
vn 0.1527 0.3548 -0.9224
vn 0.0772 0.1792 -0.9808
vn 0.2802 0.6513 -0.7052
vn 0.3653 0.8492 -0.3813
vn 0.3876 0.9009 -0.1952
vn 0.1785 0.3428 -0.9223
vn 0.0900 0.1730 -0.9808
vn 0.3277 0.6289 -0.7050
vn 0.4272 0.8198 -0.3812
vn 0.4532 0.8697 -0.1952
vn 0.2062 0.3274 -0.9221
vn 0.1039 0.1650 -0.9808
vn 0.3781 0.6003 -0.7048
vn 0.4928 0.7823 -0.3811
vn 0.5227 0.8298 -0.1953
vn 0.2353 0.3077 -0.9219
vn 0.1185 0.1549 -0.9808
vn 0.4310 0.5638 -0.7046
vn 0.5615 0.7345 -0.3809
vn 0.5956 0.7791 -0.1953
vn 0.2652 0.2829 -0.9217
vn 0.1334 0.1422 -0.9808
vn 0.4855 0.5179 -0.7043
vn 0.6324 0.6746 -0.3807
vn 0.6707 0.7155 -0.1953
vn 0.2963 0.2514 -0.9214
vn 0.1486 0.1260 -0.9808
vn 0.5416 0.4595 -0.7039
vn 0.7052 0.5982 -0.3806
vn 0.7479 0.6344 -0.1955
vn 0.3119 0.2248 -0.9231
vn 0.1583 0.1141 -0.9807
vn 0.5744 0.4140 -0.7061
vn 0.7497 0.5404 -0.3820
vn 0.7956 0.5734 -0.1952
vn 0.3159 0.2169 -0.9236
vn 0.1609 0.1105 -0.9807
vn 0.5831 0.4004 -0.7068
vn 0.7617 0.5229 -0.3825
vn 0.8086 0.5551 -0.1951
vn 0.3174 0.2143 -0.9237
vn 0.1618 0.1092 -0.9807
vn 0.5861 0.3957 -0.7070
vn 0.7657 0.5170 -0.3825
vn 0.8129 0.5488 -0.1950
vn 0.3182 0.2129 -0.9238
vn 0.1623 0.1086 -0.9807
vn 0.5877 0.3933 -0.7070
vn 0.7678 0.5138 -0.3826
vn 0.8151 0.5455 -0.1951
vn 0.3186 0.2121 -0.9238
vn 0.1625 0.1082 -0.9807
vn 0.5886 0.3918 -0.7071
vn 0.7691 0.5119 -0.3826
vn 0.8165 0.5434 -0.1951
vn 0.3189 0.2115 -0.9239
vn 0.1626 0.1079 -0.9807
vn 0.5893 0.3908 -0.7071
vn 0.7700 0.5106 -0.3826
vn 0.8174 0.5420 -0.1951
vn 0.3192 0.2111 -0.9239
vn 0.1628 0.1077 -0.9807
vn 0.5898 0.3900 -0.7071
vn 0.7707 0.5096 -0.3826
vn 0.8181 0.5410 -0.1951
vn 0.3195 0.2108 -0.9238
vn 0.1630 0.1075 -0.9807
vn 0.5902 0.3894 -0.7071
vn 0.7711 0.5088 -0.3826
vn 0.8186 0.5402 -0.1951
vn 0.3197 0.2105 -0.9238
vn 0.1631 0.1074 -0.9807
vn 0.5905 0.3890 -0.7071
vn 0.7715 0.5082 -0.3826
vn 0.8190 0.5395 -0.1951
vn 0.3198 0.2103 -0.9238
vn 0.1632 0.1072 -0.9807
vn 0.5908 0.3885 -0.7071
vn 0.7719 0.5076 -0.3826
vn 0.8195 0.5389 -0.1951
vn 0.3200 0.2100 -0.9238
vn 0.1632 0.1071 -0.9807
vn 0.5911 0.3881 -0.7071
vn 0.7723 0.5070 -0.3826
vn 0.8199 0.5382 -0.1950
vn 0.3198 0.2101 -0.9239
vn 0.1631 0.1072 -0.9807
vn 0.5909 0.3882 -0.7072
vn 0.7721 0.5072 -0.3827
vn 0.8198 0.5384 -0.1951
vn 0.3215 0.2087 -0.9236
vn 0.1638 0.1063 -0.9807
vn 0.5933 0.3853 -0.7067
vn 0.7749 0.5033 -0.3824
vn 0.8225 0.5342 -0.1951
vn 0.3236 0.2052 -0.9236
vn 0.1647 0.1046 -0.9807
vn 0.5973 0.3789 -0.7068
vn 0.7802 0.4949 -0.3824
vn 0.8282 0.5253 -0.1950
vn 0.3249 0.2027 -0.9237
vn 0.1655 0.1033 -0.9808
vn 0.6001 0.3743 -0.7069
vn 0.7839 0.4890 -0.3825
vn 0.8322 0.5190 -0.1950
vn 0.3251 0.2018 -0.9239
vn 0.1658 0.1030 -0.9807
vn 0.6007 0.3729 -0.7071
vn 0.7849 0.4873 -0.3827
vn 0.8333 0.5173 -0.1950
vn 0.3230 0.2039 -0.9242
vn 0.1650 0.1042 -0.9807
vn 0.5976 0.3771 -0.7075
vn 0.7812 0.4930 -0.3829
vn 0.8294 0.5235 -0.1951
vn 0.3171 0.2109 -0.9246
vn 0.1626 0.1081 -0.9807
vn 0.5878 0.3909 -0.7082
vn 0.7690 0.5114 -0.3835
vn 0.8167 0.5431 -0.1951
vn 0.3043 0.2257 -0.9254
vn 0.1567 0.1162 -0.9808
vn 0.5661 0.4197 -0.7094
vn 0.7416 0.5498 -0.3843
vn 0.7878 0.5841 -0.1952
vn 0.2792 0.2514 -0.9267
vn 0.1448 0.1304 -0.9808
vn 0.5221 0.4702 -0.7115
vn 0.6855 0.6174 -0.3859
vn 0.7287 0.6564 -0.1954
vn 0.2334 0.2886 -0.9286
vn 0.1222 0.1511 -0.9809
vn 0.4064 0.3666 -0.8369
vn 0.8297 -0.5501 -0.0947
vn 0.8490 -0.5278 -0.0247
vn 0.1500 0.3299 -0.9320
vn 0.0855 0.1737 -0.9810
vn -0.4341 -0.7570 -0.4884
vn -0.4094 -0.8296 0.3796
vn -0.4339 -0.8792 0.1965
vn 0.0660 0.3597 -0.9307
vn 0.0410 0.1894 -0.9810
vn -0.2394 -0.8285 -0.5062
vn -0.1968 -0.9040 0.3796
vn -0.2087 -0.9580 0.1964
vn 0.0000 0.3712 -0.9285
vn 0.0000 0.1943 -0.9809
vn 0.0001 -0.8398 -0.5428
vn 0.0000 -0.9250 0.3799
vn 0.0000 -0.9806 0.1958
vn -0.0652 0.3588 -0.9311
vn -0.0410 0.1894 -0.9810
vn 0.2422 -0.8276 -0.5064
vn 0.1967 -0.9040 0.3796
vn 0.2086 -0.9581 0.1964
vn -0.1493 0.3290 -0.9325
vn -0.0856 0.1737 -0.9810
vn 0.4354 -0.7562 -0.4884
vn 0.4094 -0.8296 0.3796
vn 0.4339 -0.8792 0.1965
vn -0.2334 0.2885 -0.9286
vn -0.1222 0.1511 -0.9809
vn -0.4063 0.3666 -0.8370
vn -0.8296 -0.5501 -0.0950
vn -0.8489 -0.5280 -0.0244
vn -0.2791 0.2514 -0.9268
vn -0.1447 0.1304 -0.9808
vn -0.5221 0.4702 -0.7115
vn -0.6854 0.6174 -0.3859
vn -0.7287 0.6564 -0.1954
vn -0.3043 0.2256 -0.9254
vn -0.1566 0.1162 -0.9808
vn -0.5662 0.4197 -0.7094
vn -0.7416 0.5499 -0.3843
vn -0.7878 0.5842 -0.1952
vn -0.3171 0.2109 -0.9246
vn -0.1625 0.1081 -0.9807
vn -0.5878 0.3909 -0.7082
vn -0.7690 0.5114 -0.3835
vn -0.8167 0.5430 -0.1951
vn -0.3230 0.2039 -0.9242
vn -0.1650 0.1042 -0.9807
vn -0.5976 0.3772 -0.7075
vn -0.7812 0.4930 -0.3829
vn -0.8294 0.5235 -0.1951
vn -0.3250 0.2018 -0.9239
vn -0.1656 0.1030 -0.9808
vn -0.6007 0.3729 -0.7071
vn -0.7849 0.4873 -0.3827
vn -0.8333 0.5172 -0.1950
vn -0.3249 0.2027 -0.9237
vn -0.1654 0.1033 -0.9808
vn -0.6001 0.3743 -0.7069
vn -0.7839 0.4890 -0.3825
vn -0.8321 0.5190 -0.1951
vn -0.3236 0.2053 -0.9236
vn -0.1648 0.1046 -0.9807
vn -0.5973 0.3789 -0.7068
vn -0.7802 0.4949 -0.3825
vn -0.8282 0.5253 -0.1951
vn -0.3215 0.2087 -0.9236
vn -0.1636 0.1063 -0.9807
vn -0.5933 0.3853 -0.7067
vn -0.7749 0.5033 -0.3824
vn -0.8225 0.5342 -0.1951
vn -0.3194 0.2111 -0.9238
vn -0.1628 0.1076 -0.9807
vn -0.5900 0.3899 -0.7070
vn -0.7708 0.5094 -0.3825
vn -0.8182 0.5408 -0.1951
vn -0.3189 0.2113 -0.9239
vn -0.1627 0.1078 -0.9807
vn -0.5894 0.3905 -0.7071
vn -0.7701 0.5103 -0.3827
vn -0.8175 0.5418 -0.1951
vn -0.3193 0.2109 -0.9239
vn -0.5900 0.3897 -0.7071
vn -0.7708 0.5092 -0.3827
vn -0.8183 0.5407 -0.1951
vn -0.3194 0.2108 -0.9239
vn -0.1629 0.1075 -0.9807
vn -0.5901 0.3894 -0.7071
vn -0.7711 0.5089 -0.3827
vn -0.8186 0.5402 -0.1951
vn -0.1628 0.1075 -0.9808
vn -0.5902 0.3894 -0.7071
vn -0.7711 0.5089 -0.3826
vn -0.7709 0.5092 -0.3826
vn -0.8184 0.5405 -0.1950
vn -0.3192 0.2112 -0.9238
vn -0.1628 0.1077 -0.9807
vn -0.5897 0.3902 -0.7071
vn -0.7704 0.5098 -0.3827
vn -0.8179 0.5412 -0.1951
vn -0.3189 0.2117 -0.9238
vn -0.1626 0.1079 -0.9807
vn -0.5892 0.3910 -0.7071
vn -0.7698 0.5109 -0.3826
vn -0.8172 0.5423 -0.1951
vn -0.3185 0.2124 -0.9238
vn -0.1624 0.1083 -0.9807
vn -0.5883 0.3924 -0.7070
vn -0.7686 0.5126 -0.3826
vn -0.8159 0.5442 -0.1951
vn -0.3178 0.2137 -0.9237
vn -0.1620 0.1090 -0.9807
vn -0.5868 0.3947 -0.7070
vn -0.7667 0.5156 -0.3825
vn -0.8138 0.5473 -0.1951
vn -0.3164 0.2163 -0.9236
vn -0.1612 0.1102 -0.9807
vn -0.5839 0.3992 -0.7068
vn -0.7627 0.5215 -0.3824
vn -0.8096 0.5536 -0.1951
vn -0.3123 0.2243 -0.9231
vn -0.1585 0.1139 -0.9807
vn -0.5752 0.4131 -0.7060
vn -0.7506 0.5391 -0.3819
vn -0.7966 0.5721 -0.1951
vn -0.2965 0.2512 -0.9214
vn -0.1486 0.1259 -0.9808
vn -0.5419 0.4591 -0.7039
vn -0.7056 0.5977 -0.3806
vn -0.7483 0.6338 -0.1955
vn -0.2653 0.2829 -0.9217
vn -0.1333 0.1422 -0.9808
vn -0.4855 0.5178 -0.7043
vn -0.6324 0.6746 -0.3808
vn -0.6707 0.7154 -0.1954
vn -0.2353 0.3077 -0.9219
vn -0.1186 0.1549 -0.9808
vn -0.4310 0.5637 -0.7045
vn -0.5615 0.7345 -0.3809
vn -0.5956 0.7791 -0.1953
vn -0.2062 0.3274 -0.9221
vn -0.1039 0.1650 -0.9808
vn -0.3782 0.6002 -0.7048
vn -0.4928 0.7823 -0.3811
vn -0.5226 0.8299 -0.1953
vn -0.1785 0.3428 -0.9223
vn -0.0900 0.1730 -0.9808
vn -0.3277 0.6289 -0.7049
vn -0.4272 0.8198 -0.3812
vn -0.4531 0.8698 -0.1952
vn -0.1527 0.3548 -0.9224
vn -0.0772 0.1792 -0.9808
vn -0.2803 0.6513 -0.7051
vn -0.3654 0.8491 -0.3813
vn -0.3876 0.9009 -0.1952
vn -0.1283 0.3640 -0.9225
vn -0.0649 0.1840 -0.9807
vn -0.2356 0.6686 -0.7053
vn -0.3072 0.8719 -0.3814
vn -0.3259 0.9250 -0.1951
vn -0.1052 0.3711 -0.9226
vn -0.0532 0.1877 -0.9808
vn -0.1933 0.6819 -0.7054
vn -0.2522 0.8893 -0.3815
vn -0.2676 0.9435 -0.1950
vn -0.0833 0.3764 -0.9227
vn -0.0420 0.1905 -0.9808
vn -0.1532 0.6919 -0.7055
vn -0.1998 0.9025 -0.3815
vn -0.2120 0.9575 -0.1951
vn -0.0622 0.3804 -0.9227
vn -0.0313 0.1925 -0.9808
vn -0.1145 0.6993 -0.7055
vn -0.1493 0.9122 -0.3816
vn -0.1585 0.9679 -0.1952
vn -0.0415 0.3832 -0.9227
vn -0.0208 0.1940 -0.9808
vn -0.0765 0.7045 -0.7056
vn -0.0999 0.9189 -0.3816
vn -0.1060 0.9750 -0.1952
vn -0.0209 0.3848 -0.9227
vn -0.0105 0.1948 -0.9808
vn -0.0385 0.7076 -0.7056
vn -0.0503 0.9229 -0.3816
vn -0.0533 0.9793 -0.1952
vn 0.0093 0.3876 -0.9218
vn 0.0047 0.1949 -0.9808
vn 0.0170 0.7096 -0.7044
vn 0.0221 0.9243 -0.3808
vn 0.0235 0.9804 -0.1954
vn 0.0603 0.3854 -0.9207
vn 0.0301 0.1923 -0.9809
vn 0.1100 0.7024 -0.7032
vn 0.1430 0.9138 -0.3801
vn 0.1516 0.9689 -0.1956
vn 0.1216 0.3708 -0.9207
vn 0.0606 0.1849 -0.9809
vn 0.2216 0.6756 -0.7032
vn 0.2882 0.8788 -0.3801
vn 0.3056 0.9318 -0.1956
vn 0.1795 0.3463 -0.9208
vn 0.0896 0.1728 -0.9809
vn 0.3272 0.6311 -0.7033
vn 0.4257 0.8211 -0.3802
vn 0.4513 0.8706 -0.1957
vn 0.2301 0.3144 -0.9210
vn 0.1150 0.1571 -0.9808
vn 0.4197 0.5736 -0.7035
vn 0.5462 0.7464 -0.3803
vn 0.5791 0.7914 -0.1956
vn 0.2713 0.2788 -0.9212
vn 0.1359 0.1396 -0.9808
vn 0.4955 0.5091 -0.7038
vn 0.6449 0.6627 -0.3804
vn 0.6839 0.7028 -0.1955
vn 0.3031 0.2426 -0.9215
vn 0.1522 0.1218 -0.9808
vn 0.5544 0.4436 -0.7041
vn 0.7220 0.5777 -0.3807
vn 0.7657 0.6127 -0.1954
vn 0.3269 0.2081 -0.9218
vn 0.1644 0.1047 -0.9808
vn 0.5988 0.3810 -0.7045
vn 0.7801 0.4964 -0.3809
vn 0.8274 0.5265 -0.1953
vn 0.3444 0.1764 -0.9221
vn 0.1736 0.0889 -0.9808
vn 0.6314 0.3234 -0.7048
vn 0.8229 0.4214 -0.3811
vn 0.8729 0.4470 -0.1952
vn 0.3571 0.1477 -0.9223
vn 0.1803 0.0746 -0.9807
vn 0.6553 0.2711 -0.7050
vn 0.8542 0.3534 -0.3812
vn 0.9062 0.3749 -0.1952
vn 0.3663 0.1219 -0.9225
vn 0.1852 0.0616 -0.9808
vn 0.6727 0.2238 -0.7052
vn 0.8771 0.2918 -0.3814
vn 0.9306 0.3096 -0.1952
vn 0.3731 0.0982 -0.9226
vn 0.1887 0.0497 -0.9807
vn 0.6854 0.1805 -0.7054
vn 0.8939 0.2354 -0.3815
vn 0.9484 0.2497 -0.1952
vn 0.3786 0.0746 -0.9225
vn 0.1915 0.0378 -0.9807
vn 0.6955 0.1372 -0.7053
vn 0.9069 0.1789 -0.3814
vn 0.9622 0.1898 -0.1952
vn 0.3787 0.0594 -0.9236
vn 0.1928 0.0302 -0.9807
vn 0.6989 0.1097 -0.7067
vn 0.9128 0.1433 -0.3824
vn 0.9689 0.1521 -0.1950
vn 0.3800 0.0533 -0.9234
vn 0.1934 0.0271 -0.9807
vn 0.7008 0.0982 -0.7065
vn 0.9151 0.1283 -0.3822
vn 0.9713 0.1361 -0.1951
vn 0.3811 0.0456 -0.9234
vn 0.1939 0.0232 -0.9807
vn 0.7027 0.0841 -0.7065
vn 0.9175 0.1098 -0.3822
vn 0.9738 0.1165 -0.1951
vn 0.3819 0.0378 -0.9234
vn 0.1943 0.0193 -0.9807
vn 0.7042 0.0698 -0.7065
vn 0.9195 0.0912 -0.3823
vn 0.9760 0.0967 -0.1951
vn 0.3824 0.0306 -0.9235
vn 0.1946 0.0156 -0.9807
vn 0.7053 0.0566 -0.7066
vn 0.9211 0.0739 -0.3823
vn 0.9776 0.0784 -0.1950
vn 0.3828 0.0243 -0.9235
vn 0.1948 0.0123 -0.9807
vn 0.7061 0.0448 -0.7067
vn 0.9221 0.0585 -0.3823
vn 0.9788 0.0620 -0.1951
vn 0.3829 0.0187 -0.9236
vn 0.1949 0.0095 -0.9808
vn 0.7066 0.0345 -0.7067
vn 0.9229 0.0450 -0.3824
vn 0.9796 0.0478 -0.1951
vn 0.3830 0.0138 -0.9236
vn 0.1950 0.0070 -0.9808
vn 0.7070 0.0255 -0.7067
vn 0.9234 0.0334 -0.3824
vn 0.9801 0.0354 -0.1951
vn 0.3831 0.0096 -0.9236
vn 0.1950 0.0049 -0.9808
vn 0.7071 0.0178 -0.7068
vn 0.9237 0.0232 -0.3825
vn 0.9805 0.0247 -0.1951
vn 0.3831 0.0060 -0.9237
vn 0.1951 0.0031 -0.9808
vn 0.7072 0.0110 -0.7068
vn 0.9238 0.0144 -0.3825
vn 0.9807 0.0153 -0.1951
vn 0.3831 0.0028 -0.9237
vn 0.1952 0.0014 -0.9807
vn 0.7073 0.0052 -0.7069
vn 0.9239 0.0068 -0.3825
vn 0.9807 0.0072 -0.1951
vn 0.3828 0.0006 -0.9238
vn 0.1951 0.0003 -0.9808
vn 0.7072 0.0012 -0.7070
vn 0.9239 0.0016 -0.3826
vn 0.9808 0.0017 -0.1950
vn 0.1949 -0.0065 -0.9808
vn 0.9239 -0.0310 -0.3814
vn 0.3752 -0.1029 -0.9212
vn 0.1796 -0.0757 -0.9808
vn 0.8520 -0.3596 -0.3804
vn 0.7982 -0.4670 -0.3804
vn 0.2377 -0.3076 -0.9213
vn 0.1513 -0.3583 -0.9213
vn 0.0758 -0.1795 -0.9808
vn 0.1030 -0.3751 -0.9212
vn 0.1880 -0.6851 -0.7038
vn -0.1312 -0.9719 -0.1955
vn -0.3597 -0.8520 -0.3804
vn -0.3815 -0.9035 -0.1954
vn -0.5995 -0.7761 -0.1955
vn -0.5022 -0.5023 -0.7038
vn -0.8465 -0.4953 -0.1954
vn -0.1796 -0.0757 -0.9808
vn -0.8520 -0.3596 -0.3804
vn -0.3752 -0.1029 -0.9212
vn -0.1950 -0.0065 -0.9808
vn -0.9239 -0.0310 -0.3813
vn -0.3824 -0.0008 -0.9240
vn -0.1953 -0.0004 -0.9807
vn -0.7069 -0.0014 -0.7073
vn -0.9239 -0.0019 -0.3827
vn -0.9808 -0.0020 -0.1951
vn -0.3821 -0.0035 -0.9241
vn -0.1952 -0.0018 -0.9807
vn -0.7067 -0.0065 -0.7074
vn -0.9237 -0.0085 -0.3829
vn -0.9807 -0.0091 -0.1951
vn -0.3818 -0.0082 -0.9242
vn -0.1951 -0.0042 -0.9807
vn -0.7064 -0.0153 -0.7076
vn -0.9235 -0.0200 -0.3830
vn -0.9805 -0.0212 -0.1951
vn -0.3813 -0.0148 -0.9243
vn -0.1951 -0.0076 -0.9807
vn -0.7059 -0.0275 -0.7078
vn -0.9230 -0.0360 -0.3831
vn -0.9800 -0.0382 -0.1951
vn -0.3803 -0.0243 -0.9245
vn -0.1947 -0.0124 -0.9808
vn -0.7046 -0.0450 -0.7081
vn -0.9217 -0.0588 -0.3834
vn -0.9788 -0.0625 -0.1951
vn -0.3784 -0.0381 -0.9249
vn -0.1942 -0.0195 -0.9808
vn -0.7020 -0.0707 -0.7086
vn -0.9188 -0.0925 -0.3837
vn -0.9758 -0.0982 -0.1951
vn -0.3743 -0.0590 -0.9254
vn -0.1928 -0.0304 -0.9807
vn -0.6961 -0.1097 -0.7094
vn -0.9119 -0.1437 -0.3844
vn -0.9687 -0.1527 -0.1953
vn -0.3654 -0.0913 -0.9263
vn -0.1889 -0.0473 -0.9808
vn -0.5439 -0.0869 -0.8346
vn -0.3332 0.9382 -0.0936
vn -0.3596 0.9326 -0.0280
vn -0.1825 -0.0169 -0.9830
vn -0.1791 -0.0741 -0.9810
vn 0.7485 0.3594 0.5572
vn 0.8551 0.3525 0.3801
vn 0.9066 0.3737 0.1958
vn 0.4334 0.3428 0.8334
vn -0.5480 0.8364 -0.0099
vn 0.5769 0.4181 0.7017
vn 0.7491 0.5429 0.3795
vn 0.7938 0.5754 0.1971
vn 0.2278 0.3249 0.9179
vn 0.1103 0.1573 0.9814
vn 0.4092 0.5835 0.7014
vn 0.5311 0.7573 0.3799
vn 0.5627 0.8024 0.1985
vn 0.1021 0.3813 0.9188
vn 0.0466 0.1858 0.9814
vn 0.1876 0.6874 0.7016
vn 0.2436 0.8925 0.3797
vn 0.2582 0.9457 0.1975
vn 0.9626 0.1812 -0.2015
vn 0.9990 -0.0449 0.0054
vn 0.0688 0.8278 0.5567
vn 0.0222 0.9246 0.3801
vn 0.0237 0.9803 0.1957
vn -0.0100 -0.1988 -0.9800
vn 0.0283 -0.1924 -0.9809
vn -0.1617 0.8144 0.5573
vn -0.1365 0.9148 0.3800
vn -0.1447 0.9699 0.1958
vn -0.3343 0.8579 -0.3901
vn 0.0676 -0.1818 -0.9810
vn -0.2475 0.6676 0.7021
vn -0.3216 0.8674 0.3797
vn -0.3410 0.9193 0.1964
vn -0.5029 0.7760 -0.3805
vn 0.1083 -0.1610 -0.9810
vn -0.3969 0.5910 0.7023
vn -0.5158 0.7680 0.3796
vn -0.5466 0.8140 0.1964
vn 0.1681 -0.1064 -0.9800
vn 0.1381 -0.1365 -0.9810
vn -0.5621 0.6256 0.5409
vn -0.6590 0.6491 0.3799
vn -0.6986 0.6882 0.1957
vn 0.3017 -0.2265 -0.9261
vn 0.1561 -0.1171 -0.9807
vn 0.4665 -0.3018 -0.8314
vn 0.6682 0.7373 -0.0998
vn 0.6946 0.7189 -0.0241
vn 0.3195 -0.2060 -0.9249
vn 0.1641 -0.1057 -0.9807
vn 0.5930 -0.3823 -0.7086
vn 0.7761 -0.5004 -0.3837
vn 0.8242 -0.5315 -0.1951
vn 0.3270 -0.1971 -0.9242
vn 0.1671 -0.1007 -0.9807
vn 0.6052 -0.3647 -0.7076
vn 0.7912 -0.4768 -0.3829
vn 0.8400 -0.5063 -0.1951
vn 0.3289 -0.1958 -0.9238
vn 0.1676 -0.0998 -0.9808
vn 0.6076 -0.3617 -0.7071
vn 0.7939 -0.4725 -0.3825
vn 0.8428 -0.5015 -0.1950
vn 0.3278 -0.1989 -0.9236
vn 0.1668 -0.1013 -0.9808
vn 0.6049 -0.3670 -0.7067
vn 0.7899 -0.4793 -0.3824
vn 0.8385 -0.5087 -0.1951
vn 0.3248 -0.2043 -0.9234
vn 0.1652 -0.1039 -0.9807
vn 0.5990 -0.3768 -0.7065
vn 0.7821 -0.4920 -0.3823
vn 0.8301 -0.5223 -0.1951
vn 0.3207 -0.2107 -0.9234
vn 0.1632 -0.1072 -0.9807
vn 0.5914 -0.3886 -0.7065
vn 0.7723 -0.5074 -0.3822
vn 0.8197 -0.5385 -0.1950
vn 0.3186 -0.2105 -0.9242
vn 0.1630 -0.1076 -0.9807
vn 0.5895 -0.3895 -0.7077
vn 0.7707 -0.5092 -0.3830
vn 0.8183 -0.5407 -0.1951
vn 0.3211 -0.2082 -0.9239
vn 0.1639 -0.1062 -0.9807
vn 0.5932 -0.3847 -0.7072
vn 0.7751 -0.5027 -0.3827
vn 0.8229 -0.5336 -0.1951
vn 0.3212 -0.2079 -0.9239
vn 0.1638 -0.1061 -0.9807
vn 0.5936 -0.3841 -0.7071
vn 0.7756 -0.5019 -0.3826
vn 0.8234 -0.5329 -0.1951
vn 0.3213 -0.2079 -0.9239
vn 0.1639 -0.1060 -0.9807
vn 0.5937 -0.3840 -0.7071
vn 0.7757 -0.5018 -0.3826
vn 0.8235 -0.5327 -0.1951
vn 0.1639 -0.1061 -0.9807
vn 0.7756 -0.5019 -0.3827
vn 0.8234 -0.5328 -0.1951
vn 0.3212 -0.2080 -0.9239
vn 0.5935 -0.3844 -0.7071
vn 0.7754 -0.5022 -0.3827
vn 0.8232 -0.5331 -0.1951
vn 0.3211 -0.2082 -0.9238
vn 0.5932 -0.3847 -0.7071
vn 0.7752 -0.5026 -0.3826
vn 0.3210 -0.2085 -0.9238
vn 0.1638 -0.1063 -0.9807
vn 0.5930 -0.3852 -0.7071
vn 0.7747 -0.5033 -0.3827
vn 0.8225 -0.5343 -0.1951
vn 0.3207 -0.2089 -0.9238
vn 0.1636 -0.1065 -0.9807
vn 0.5925 -0.3859 -0.7071
vn 0.7742 -0.5041 -0.3826
vn 0.8219 -0.5352 -0.1951
vn 0.3204 -0.2094 -0.9238
vn 0.1635 -0.1068 -0.9807
vn 0.5919 -0.3869 -0.7071
vn 0.7734 -0.5054 -0.3826
vn 0.8210 -0.5365 -0.1951
vn 0.3199 -0.2103 -0.9238
vn 0.5910 -0.3884 -0.7070
vn 0.7721 -0.5074 -0.3825
vn 0.8196 -0.5387 -0.1951
vn 0.3191 -0.2117 -0.9237
vn 0.1626 -0.1079 -0.9807
vn 0.5893 -0.3910 -0.7069
vn 0.7699 -0.5108 -0.3825
vn 0.8173 -0.5422 -0.1951
vn 0.3171 -0.2163 -0.9234
vn 0.1613 -0.1100 -0.9807
vn 0.5846 -0.3988 -0.7065
vn 0.7634 -0.5207 -0.3822
vn 0.8102 -0.5526 -0.1950
vn 0.3133 -0.2205 -0.9237
vn 0.1596 -0.1123 -0.9807
vn 0.5784 -0.4071 -0.7068
vn 0.7556 -0.5318 -0.3825
vn 0.8021 -0.5644 -0.1951
vn 0.3109 -0.2244 -0.9236
vn 0.1582 -0.1142 -0.9807
vn 0.5737 -0.4140 -0.7067
vn 0.7492 -0.5407 -0.3824
vn 0.7953 -0.5739 -0.1952
vn 0.3071 -0.2303 -0.9234
vn 0.1562 -0.1171 -0.9807
vn 0.5661 -0.4247 -0.7065
vn 0.7392 -0.5545 -0.3822
vn 0.7846 -0.5884 -0.1951
vn 0.3010 -0.2391 -0.9231
vn 0.1528 -0.1214 -0.9807
vn 0.5544 -0.4404 -0.7061
vn 0.7236 -0.5749 -0.3820
vn 0.7679 -0.6101 -0.1951
vn 0.2914 -0.2519 -0.9228
vn 0.1476 -0.1276 -0.9807
vn 0.5360 -0.4634 -0.7057
vn 0.6992 -0.6045 -0.3816
vn 0.7419 -0.6415 -0.1951
vn 0.2763 -0.2699 -0.9223
vn 0.1396 -0.1363 -0.9808
vn 0.5072 -0.4955 -0.7051
vn 0.6613 -0.6460 -0.3813
vn 0.7016 -0.6853 -0.1952
vn 0.2527 -0.2939 -0.9218
vn 0.1271 -0.1478 -0.9808
vn 0.4627 -0.5382 -0.7044
vn 0.6028 -0.7011 -0.3809
vn 0.6394 -0.7436 -0.1953
vn 0.2170 -0.3230 -0.9212
vn 0.1087 -0.1617 -0.9808
vn 0.3962 -0.5897 -0.7037
vn 0.5157 -0.7676 -0.3804
vn 0.5469 -0.8140 -0.1955
vn 0.1673 -0.3525 -0.9207
vn 0.0835 -0.1758 -0.9809
vn 0.3047 -0.6424 -0.7032
vn 0.3963 -0.8357 -0.3801
vn 0.4201 -0.8861 -0.1957
vn 0.1073 -0.3753 -0.9207
vn 0.0534 -0.1870 -0.9809
vn 0.1955 -0.6836 -0.7031
vn 0.2544 -0.8892 -0.3801
vn 0.2697 -0.9428 -0.1958
vn 0.0484 -0.3863 -0.9211
vn 0.0242 -0.1932 -0.9808
vn 0.0887 -0.7050 -0.7036
vn 0.1156 -0.9175 -0.3804
vn 0.1226 -0.9730 -0.1957
vn 0.0000 -0.3880 -0.9216
vn 0.0000 -0.1949 -0.9808
vn 0.0000 -0.7100 -0.7042
vn 0.0000 -0.9247 -0.3807
vn 0.0000 -0.9807 -0.1954
vn -0.0484 -0.3863 -0.9211
vn -0.0242 -0.1932 -0.9808
vn -0.0887 -0.7050 -0.7036
vn -0.1156 -0.9176 -0.3804
vn -0.1225 -0.9730 -0.1957
vn -0.1073 -0.3753 -0.9207
vn -0.0534 -0.1870 -0.9809
vn -0.1955 -0.6836 -0.7031
vn -0.2543 -0.8892 -0.3802
vn -0.2696 -0.9428 -0.1959
vn -0.1673 -0.3525 -0.9207
vn -0.0835 -0.1758 -0.9809
vn -0.3047 -0.6424 -0.7032
vn -0.3963 -0.8357 -0.3802
vn -0.4201 -0.8861 -0.1958
vn -0.2170 -0.3230 -0.9212
vn -0.1086 -0.1617 -0.9808
vn -0.3963 -0.5897 -0.7037
vn -0.5158 -0.7676 -0.3804
vn -0.5469 -0.8140 -0.1955
vn -0.2527 -0.2939 -0.9218
vn -0.1270 -0.1478 -0.9808
vn -0.4627 -0.5382 -0.7044
vn -0.6028 -0.7011 -0.3808
vn -0.6394 -0.7436 -0.1953
vn -0.2763 -0.2699 -0.9223
vn -0.1396 -0.1363 -0.9808
vn -0.5072 -0.4955 -0.7051
vn -0.6613 -0.6460 -0.3813
vn -0.7016 -0.6854 -0.1951
vn -0.2914 -0.2519 -0.9228
vn -0.1477 -0.1276 -0.9807
vn -0.5360 -0.4634 -0.7057
vn -0.6992 -0.6045 -0.3816
vn -0.7419 -0.6415 -0.1950
vn -0.3010 -0.2391 -0.9231
vn -0.1529 -0.1214 -0.9807
vn -0.5543 -0.4405 -0.7061
vn -0.7236 -0.5749 -0.3820
vn -0.7679 -0.6101 -0.1951
vn -0.3071 -0.2303 -0.9234
vn -0.1562 -0.1171 -0.9807
vn -0.5661 -0.4247 -0.7065
vn -0.7392 -0.5545 -0.3822
vn -0.7846 -0.5885 -0.1950
vn -0.3110 -0.2244 -0.9235
vn -0.1584 -0.1142 -0.9807
vn -0.5737 -0.4140 -0.7067
vn -0.7493 -0.5407 -0.3824
vn -0.7953 -0.5739 -0.1951
vn -0.3134 -0.2205 -0.9236
vn -0.1598 -0.1123 -0.9807
vn -0.5784 -0.4071 -0.7069
vn -0.7556 -0.5317 -0.3825
vn -0.8021 -0.5644 -0.1951
vn -0.3170 -0.2163 -0.9234
vn -0.1613 -0.1100 -0.9807
vn -0.5846 -0.3988 -0.7065
vn -0.7634 -0.5207 -0.3822
vn -0.8102 -0.5526 -0.1950
vn -0.3191 -0.2117 -0.9238
vn -0.1626 -0.1079 -0.9807
vn -0.5893 -0.3910 -0.7069
vn -0.7699 -0.5108 -0.3825
vn -0.8173 -0.5422 -0.1951
vn -0.3199 -0.2103 -0.9238
vn -0.1632 -0.1072 -0.9807
vn -0.5910 -0.3884 -0.7070
vn -0.7721 -0.5074 -0.3825
vn -0.8196 -0.5387 -0.1951
vn -0.3204 -0.2094 -0.9238
vn -0.1634 -0.1068 -0.9807
vn -0.5919 -0.3869 -0.7071
vn -0.7734 -0.5054 -0.3826
vn -0.8210 -0.5365 -0.1951
vn -0.3207 -0.2089 -0.9238
vn -0.1636 -0.1065 -0.9807
vn -0.5925 -0.3858 -0.7071
vn -0.7742 -0.5041 -0.3826
vn -0.8219 -0.5352 -0.1951
vn -0.3210 -0.2085 -0.9238
vn -0.1638 -0.1063 -0.9807
vn -0.5929 -0.3852 -0.7071
vn -0.7747 -0.5033 -0.3827
vn -0.8225 -0.5343 -0.1951
vn -0.3211 -0.2082 -0.9239
vn -0.1638 -0.1062 -0.9807
vn -0.5932 -0.3847 -0.7071
vn -0.7752 -0.5026 -0.3826
vn -0.8229 -0.5336 -0.1951
vn -0.3213 -0.2080 -0.9238
vn -0.1639 -0.1061 -0.9807
vn -0.5935 -0.3844 -0.7071
vn -0.7754 -0.5022 -0.3827
vn -0.8232 -0.5331 -0.1951
vn -0.3213 -0.2079 -0.9239
vn -0.5936 -0.3842 -0.7071
vn -0.7756 -0.5019 -0.3827
vn -0.8234 -0.5328 -0.1951
vn -0.1638 -0.1060 -0.9808
vn -0.5937 -0.3840 -0.7071
vn -0.7757 -0.5018 -0.3827
vn -0.8235 -0.5327 -0.1951
vn -0.3212 -0.2079 -0.9239
vn -0.1638 -0.1061 -0.9807
vn -0.5936 -0.3841 -0.7071
vn -0.7756 -0.5019 -0.3826
vn -0.8234 -0.5329 -0.1951
vn -0.3210 -0.2081 -0.9239
vn -0.5932 -0.3846 -0.7072
vn -0.7751 -0.5026 -0.3827
vn -0.3186 -0.2105 -0.9242
vn -0.1629 -0.1076 -0.9807
vn -0.5895 -0.3895 -0.7076
vn -0.7707 -0.5092 -0.3830
vn -0.8183 -0.5407 -0.1951
vn -0.3207 -0.2107 -0.9234
vn -0.5914 -0.3886 -0.7065
vn -0.7723 -0.5074 -0.3822
vn -0.8197 -0.5385 -0.1951
vn -0.3248 -0.2043 -0.9235
vn -0.1652 -0.1039 -0.9807
vn -0.5990 -0.3768 -0.7065
vn -0.7821 -0.4920 -0.3822
vn -0.8302 -0.5223 -0.1951
vn -0.3278 -0.1989 -0.9236
vn -0.1668 -0.1013 -0.9807
vn -0.6048 -0.3670 -0.7067
vn -0.7899 -0.4793 -0.3824
vn -0.8385 -0.5087 -0.1951
vn -0.3290 -0.1958 -0.9238
vn -0.1677 -0.0998 -0.9807
vn -0.6077 -0.3617 -0.7071
vn -0.7939 -0.4725 -0.3826
vn -0.8428 -0.5016 -0.1950
vn -0.3271 -0.1971 -0.9242
vn -0.1672 -0.1007 -0.9807
vn -0.6052 -0.3647 -0.7076
vn -0.7912 -0.4768 -0.3829
vn -0.8400 -0.5062 -0.1951
vn -0.3195 -0.2060 -0.9249
vn -0.1641 -0.1057 -0.9807
vn -0.5929 -0.3823 -0.7087
vn -0.7761 -0.5004 -0.3837
vn -0.8243 -0.5314 -0.1951
vn -0.3017 -0.2266 -0.9261
vn -0.1558 -0.1171 -0.9808
vn -0.4662 -0.3023 -0.8314
vn -0.6662 0.7385 -0.1035
vn -0.6949 0.7187 -0.0222
vn -0.1683 -0.1066 -0.9799
vn -0.1382 -0.1365 -0.9809
vn 0.5625 0.6251 0.5411
vn 0.6593 0.6490 0.3797
vn 0.6986 0.6882 0.1958
vn 0.5014 0.7771 -0.3804
vn -0.1088 -0.1610 -0.9809
vn 0.3968 0.5911 0.7023
vn 0.5158 0.7680 0.3797
vn 0.5467 0.8140 0.1964
vn 0.3332 0.8581 -0.3907
vn -0.0677 -0.1817 -0.9810
vn 0.2474 0.6677 0.7021
vn 0.3216 0.8674 0.3797
vn 0.3410 0.9193 0.1965
vn 0.0101 -0.1987 -0.9800
vn -0.0283 -0.1924 -0.9809
vn 0.1620 0.8144 0.5571
vn 0.1365 0.9148 0.3800
vn 0.1447 0.9699 0.1958
vn -0.9618 0.1840 -0.2027
vn -0.9994 -0.0345 0.0007
vn -0.0686 0.8279 0.5567
vn -0.0221 0.9247 0.3801
vn -0.0237 0.9803 0.1957
vn -0.1021 0.3814 0.9187
vn -0.0466 0.1859 0.9814
vn -0.1877 0.6875 0.7015
vn -0.2437 0.8925 0.3796
vn -0.2582 0.9457 0.1975
vn -0.2278 0.3249 0.9179
vn -0.1103 0.1573 0.9814
vn -0.4092 0.5835 0.7014
vn -0.5311 0.7573 0.3798
vn -0.5628 0.8024 0.1984
vn -0.4332 0.3429 0.8335
vn 0.5531 0.8331 -0.0088
vn -0.5769 0.4181 0.7017
vn -0.7491 0.5429 0.3795
vn -0.7938 0.5754 0.1971
vn 0.1816 -0.0170 -0.9832
vn 0.1791 -0.0742 -0.9810
vn -0.7494 0.3592 0.5562
vn -0.8552 0.3525 0.3800
vn -0.9066 0.3737 0.1959
vn 0.3649 -0.0913 -0.9265
vn 0.1889 -0.0473 -0.9808
vn 0.5429 -0.0870 -0.8352
vn 0.3320 0.9385 -0.0943
vn 0.3600 0.9326 -0.0249
vn 0.3744 -0.0590 -0.9254
vn 0.1928 -0.0304 -0.9807
vn 0.6962 -0.1097 -0.7094
vn 0.9119 -0.1437 -0.3843
vn 0.9688 -0.1526 -0.1953
vn 0.3783 -0.0381 -0.9249
vn 0.1942 -0.0195 -0.9807
vn 0.7020 -0.0707 -0.7086
vn 0.9188 -0.0925 -0.3837
vn 0.9758 -0.0982 -0.1951
vn 0.3803 -0.0243 -0.9245
vn 0.1947 -0.0124 -0.9808
vn 0.7047 -0.0450 -0.7081
vn 0.9217 -0.0588 -0.3833
vn 0.9788 -0.0625 -0.1951
vn 0.3813 -0.0148 -0.9243
vn 0.1951 -0.0076 -0.9807
vn 0.7059 -0.0275 -0.7078
vn 0.9230 -0.0360 -0.3831
vn 0.9800 -0.0382 -0.1951
vn 0.3818 -0.0082 -0.9242
vn 0.1951 -0.0042 -0.9807
vn 0.7064 -0.0153 -0.7076
vn 0.9235 -0.0200 -0.3830
vn 0.9805 -0.0212 -0.1951
vn 0.3821 -0.0035 -0.9241
vn 0.1952 -0.0018 -0.9807
vn 0.7067 -0.0065 -0.7074
vn 0.9237 -0.0085 -0.3829
vn 0.9807 -0.0091 -0.1951
vn 0.3824 -0.0008 -0.9240
vn 0.1953 -0.0004 -0.9807
vn 0.7069 -0.0014 -0.7073
vn 0.9238 -0.0019 -0.3827
vn 0.9808 -0.0020 -0.1951
vn 0.9994 -0.0335 0.0000
vn 0.9910 -0.1338 0.0000
vn 0.9644 -0.2645 0.0000
vn 0.9213 -0.3889 0.0000
vn 0.8631 -0.5050 0.0000
vn 0.7913 -0.6113 0.0000
vn 0.7071 -0.7071 0.0000
vn 0.6113 -0.7913 0.0000
vn 0.5050 -0.8631 0.0000
vn 0.3889 -0.9212 0.0000
vn 0.2645 -0.9644 0.0000
vn 0.1338 -0.9910 0.0000
vn 0.0000 -1.0000 0.0000
vn -0.1338 -0.9910 0.0000
vn -0.2645 -0.9644 0.0000
vn -0.3889 -0.9212 0.0000
vn -0.5050 -0.8631 0.0000
vn -0.6113 -0.7913 0.0000
vn -0.7071 -0.7071 0.0000
vn -0.7913 -0.6113 0.0000
vn -0.8631 -0.5050 0.0000
vn -0.9213 -0.3889 0.0000
vn -0.9644 -0.2645 0.0000
vn -0.9910 -0.1338 0.0000
vn -0.9994 -0.0335 0.0000
vn -1.0000 0.0017 0.0000
vn -1.0000 0.0073 0.0000
vn -0.9998 0.0156 0.0000
vn -0.9997 0.0251 0.0000
vn -0.9993 0.0361 0.0000
vn -0.9988 0.0487 0.0000
vn -0.9980 0.0633 0.0000
vn -0.9968 0.0799 0.0000
vn -0.9951 0.0986 0.0000
vn -0.9929 0.1188 0.0000
vn -0.9903 0.1388 0.0000
vn -0.9879 0.1550 0.0000
vn -0.9811 0.1935 0.0000
vn -0.9670 0.2546 0.0000
vn -0.9489 0.3157 0.0000
vn -0.9240 0.3823 0.0000
vn -0.8900 0.4558 0.0000
vn -0.8436 0.5369 0.0000
vn -0.7808 0.6247 0.0000
vn -0.6974 0.7166 0.0000
vn -0.5905 0.8070 0.0000
vn -0.4602 0.8878 0.0000
vn -0.3117 0.9502 0.0000
vn -0.1546 0.9879 0.0000
vn -0.0239 0.9997 0.0000
vn 0.0545 0.9985 0.0000
vn 0.1080 0.9941 0.0000
vn 0.1615 0.9868 0.0000
vn 0.2162 0.9763 0.0000
vn 0.2729 0.9620 0.0000
vn 0.3323 0.9432 0.0000
vn 0.3952 0.9186 0.0000
vn 0.4621 0.8868 0.0000
vn 0.5329 0.8461 0.0000
vn 0.6073 0.7944 0.0000
vn 0.6839 0.7295 0.0000
vn 0.7625 0.6469 0.0000
vn 0.8112 0.5847 0.0000
vn 0.8244 0.5659 0.0000
vn 0.8288 0.5595 0.0000
vn 0.8310 0.5561 0.0000
vn 0.8325 0.5541 0.0000
vn 0.8334 0.5527 0.0000
vn 0.8341 0.5516 0.0000
vn 0.8347 0.5508 0.0000
vn 0.8351 0.5501 0.0000
vn 0.8355 0.5494 0.0000
vn 0.8359 0.5488 0.0000
vn 0.8358 0.5490 0.0000
vn 0.8386 0.5446 0.0000
vn 0.8444 0.5357 0.0000
vn 0.8484 0.5292 0.0000
vn 0.8496 0.5275 0.0000
vn 0.8456 0.5337 0.0000
vn 0.8327 0.5537 0.0000
vn 0.8032 0.5956 0.0000
vn 0.7430 0.6692 0.0000
vn 0.7777 -0.6286 0.0000
vn -0.4425 -0.8967 0.0000
vn -0.2129 -0.9771 0.0000
vn 0.2127 -0.9771 0.0000
vn 0.4426 -0.8967 0.0000
vn -0.7775 -0.6289 0.0000
vn -0.7431 0.6692 0.0000
vn -0.8033 0.5956 0.0000
vn -0.8327 0.5537 0.0000
vn -0.8456 0.5338 0.0000
vn -0.8496 0.5274 0.0000
vn -0.8485 0.5292 0.0000
vn -0.8444 0.5357 0.0000
vn -0.8386 0.5447 0.0000
vn -0.8342 0.5514 0.0000
vn -0.8336 0.5524 0.0000
vn -0.8343 0.5512 0.0000
vn -0.8346 0.5508 0.0000
vn -0.8344 0.5511 0.0000
vn -0.8339 0.5518 0.0000
vn -0.8332 0.5530 0.0000
vn -0.8319 0.5549 0.0000
vn -0.8298 0.5581 0.0000
vn -0.8254 0.5644 0.0000
vn -0.8122 0.5833 0.0000
vn -0.7630 0.6463 0.0000
vn -0.6840 0.7295 0.0000
vn -0.6073 0.7944 0.0000
vn -0.5329 0.8462 0.0000
vn -0.4621 0.8868 0.0000
vn -0.3952 0.9186 0.0000
vn -0.3323 0.9432 0.0000
vn -0.2729 0.9620 0.0000
vn -0.2162 0.9763 0.0000
vn -0.1616 0.9868 0.0000
vn -0.1080 0.9941 0.0000
vn -0.0544 0.9985 0.0000
vn 0.0240 0.9997 0.0000
vn 0.1546 0.9879 0.0000
vn 0.3117 0.9502 0.0000
vn 0.4602 0.8878 0.0000
vn 0.5905 0.8070 0.0000
vn 0.6974 0.7166 0.0000
vn 0.7808 0.6247 0.0000
vn 0.8436 0.5369 0.0000
vn 0.8900 0.4558 0.0000
vn 0.9240 0.3823 0.0000
vn 0.9489 0.3157 0.0000
vn 0.9670 0.2546 0.0000
vn 0.9811 0.1935 0.0000
vn 0.9879 0.1551 0.0000
vn 0.9903 0.1388 0.0000
vn 0.9929 0.1188 0.0000
vn 0.9951 0.0986 0.0000
vn 0.9968 0.0799 0.0000
vn 0.9980 0.0633 0.0000
vn 0.9988 0.0487 0.0000
vn 0.9993 0.0361 0.0000
vn 0.9997 0.0251 0.0000
vn 0.9998 0.0156 0.0000
vn 1.0000 0.0073 0.0000
vn 1.0000 0.0017 0.0000
vn -1.0000 -0.0020 0.0000
vn -0.9999 -0.0092 0.0000
vn -0.9998 -0.0216 0.0000
vn -0.9992 -0.0389 0.0000
vn -0.9980 -0.0637 0.0000
vn -0.9950 -0.1002 0.0000
vn -0.9878 -0.1557 0.0000
vn -0.2427 0.9701 0.0000
vn 0.9246 0.3810 0.0000
vn 0.8097 0.5868 0.0000
vn 0.5742 0.8187 0.0000
vn 0.2634 0.9647 0.0000
vn 0.0241 0.9997 0.0000
vn -0.1475 0.9890 0.0000
vn -0.3478 0.9376 0.0000
vn -0.5575 0.8301 0.0000
vn -0.7124 0.7017 0.0000
vn 0.6008 0.7993 0.0000
vn 0.8404 -0.5419 0.0000
vn 0.8565 -0.5162 0.0000
vn 0.8593 -0.5114 0.0000
vn 0.8549 -0.5187 0.0000
vn 0.8464 -0.5325 0.0000
vn 0.8357 -0.5491 0.0000
vn 0.8343 -0.5513 0.0000
vn 0.8390 -0.5441 0.0000
vn 0.8395 -0.5433 0.0000
vn 0.8396 -0.5431 0.0000
vn 0.8394 -0.5436 0.0000
vn 0.8390 -0.5440 0.0000
vn 0.8386 -0.5447 0.0000
vn 0.8380 -0.5457 0.0000
vn 0.8371 -0.5470 0.0000
vn 0.8357 -0.5492 0.0000
vn 0.8332 -0.5528 0.0000
vn 0.8261 -0.5635 0.0000
vn 0.8177 -0.5755 0.0000
vn 0.8109 -0.5852 0.0000
vn 0.8000 -0.6000 0.0000
vn 0.7830 -0.6221 0.0000
vn 0.7565 -0.6540 0.0000
vn 0.7153 -0.6988 0.0000
vn 0.6519 -0.7583 0.0000
vn 0.5577 -0.8300 0.0000
vn 0.4285 -0.9035 0.0000
vn 0.2749 -0.9615 0.0000
vn 0.1250 -0.9922 0.0000
vn -0.1250 -0.9922 0.0000
vn -0.2749 -0.9615 0.0000
vn -0.4285 -0.9035 0.0000
vn -0.5577 -0.8300 0.0000
vn -0.6519 -0.7583 0.0000
vn -0.7153 -0.6988 0.0000
vn -0.7565 -0.6540 0.0000
vn -0.7830 -0.6221 0.0000
vn -0.8000 -0.6000 0.0000
vn -0.8109 -0.5852 0.0000
vn -0.8177 -0.5755 0.0000
vn -0.8261 -0.5635 0.0000
vn -0.8332 -0.5528 0.0000
vn -0.8357 -0.5492 0.0000
vn -0.8371 -0.5470 0.0000
vn -0.8380 -0.5457 0.0000
vn -0.8386 -0.5447 0.0000
vn -0.8390 -0.5440 0.0000
vn -0.8394 -0.5436 0.0000
vn -0.8395 -0.5433 0.0000
vn -0.8396 -0.5431 0.0000
vn -0.8390 -0.5441 0.0000
vn -0.8343 -0.5512 0.0000
vn -0.8357 -0.5491 0.0000
vn -0.8464 -0.5325 0.0000
vn -0.8549 -0.5188 0.0000
vn -0.8593 -0.5114 0.0000
vn -0.8565 -0.5162 0.0000
vn -0.8405 -0.5418 0.0000
vn -0.6008 0.7993 0.0000
vn 0.7124 0.7017 0.0000
vn 0.5575 0.8301 0.0000
vn 0.3478 0.9376 0.0000
vn 0.1476 0.9890 0.0000
vn -0.0241 0.9997 0.0000
vn -0.2634 0.9647 0.0000
vn -0.5741 0.8187 0.0000
vn -0.8097 0.5869 0.0000
vn -0.9245 0.3810 0.0000
vn 0.2427 0.9701 0.0000
vn 0.9878 -0.1557 0.0000
vn 0.9950 -0.1002 0.0000
vn 0.9980 -0.0637 0.0000
vn 0.9992 -0.0389 0.0000
vn 0.9998 -0.0216 0.0000
vn 0.9999 -0.0092 0.0000
vn 1.0000 -0.0020 0.0000
vn 0.9239 -0.0310 0.3814
vn 0.9165 -0.1238 0.3804
vn 0.9719 -0.1312 0.1955
vn 0.9802 -0.0329 0.1952
vn 0.7086 -0.0238 0.7052
vn 0.7041 -0.0951 0.7037
vn 0.3859 -0.0129 0.9225
vn 0.3856 -0.0521 0.9212
vn 0.1950 -0.0065 0.9808
vn 0.1931 -0.0261 0.9808
vn 0.8918 -0.2446 0.3804
vn 0.9458 -0.2594 0.1955
vn 0.6851 -0.1879 0.7038
vn 0.3752 -0.1029 0.9212
vn 0.1879 -0.0515 0.9808
vn 0.8520 -0.3597 0.3804
vn 0.9035 -0.3814 0.1954
vn 0.6545 -0.2763 0.7038
vn 0.3584 -0.1512 0.9212
vn 0.1796 -0.0757 0.9808
vn 0.7982 -0.4670 0.3804
vn 0.8464 -0.4953 0.1955
vn 0.6131 -0.3587 0.7038
vn 0.3357 -0.1964 0.9213
vn 0.1683 -0.0984 0.9808
vn 0.7318 -0.5654 0.3804
vn 0.7761 -0.5996 0.1955
vn 0.5622 -0.4343 0.7038
vn 0.3077 -0.2377 0.9213
vn 0.1542 -0.1191 0.9808
vn 0.6539 -0.6539 0.3805
vn 0.6934 -0.6934 0.1955
vn 0.5023 -0.5023 0.7038
vn 0.2749 -0.2749 0.9213
vn 0.1378 -0.1378 0.9808
vn 0.5654 -0.7318 0.3805
vn 0.5996 -0.7760 0.1955
vn 0.4343 -0.5621 0.7038
vn 0.2377 -0.3076 0.9213
vn 0.1191 -0.1541 0.9808
vn 0.4670 -0.7982 0.3805
vn 0.4953 -0.8464 0.1955
vn 0.3587 -0.6131 0.7038
vn 0.1963 -0.3356 0.9213
vn 0.0984 -0.1682 0.9808
vn 0.3597 -0.8520 0.3804
vn 0.3815 -0.9035 0.1954
vn 0.2763 -0.6545 0.7038
vn 0.1512 -0.3583 0.9213
vn 0.0758 -0.1795 0.9808
vn 0.2446 -0.8918 0.3804
vn 0.2594 -0.9458 0.1955
vn 0.1879 -0.6851 0.7038
vn 0.1029 -0.3752 0.9212
vn 0.0515 -0.1878 0.9808
vn 0.1237 -0.9165 0.3804
vn 0.1312 -0.9719 0.1955
vn 0.0951 -0.7041 0.7037
vn 0.0521 -0.3856 0.9212
vn 0.0261 -0.1930 0.9808
vn 0.0000 -0.9248 0.3805
vn 0.0000 -0.9807 0.1956
vn 0.0000 -0.7104 0.7037
vn 0.0000 -0.3891 0.9212
vn 0.0000 -0.1948 0.9808
vn -0.1237 -0.9165 0.3804
vn -0.1312 -0.9719 0.1956
vn -0.0951 -0.7041 0.7037
vn -0.0521 -0.3856 0.9212
vn -0.0261 -0.1930 0.9808
vn -0.2446 -0.8918 0.3804
vn -0.2594 -0.9458 0.1955
vn -0.1879 -0.6851 0.7038
vn -0.1029 -0.3752 0.9212
vn -0.0515 -0.1878 0.9808
vn -0.3597 -0.8520 0.3805
vn -0.3815 -0.9035 0.1955
vn -0.2763 -0.6545 0.7038
vn -0.1512 -0.3583 0.9213
vn -0.0758 -0.1795 0.9808
vn -0.4670 -0.7982 0.3805
vn -0.4952 -0.8465 0.1955
vn -0.3587 -0.6131 0.7038
vn -0.1964 -0.3356 0.9213
vn -0.0984 -0.1682 0.9808
vn -0.5654 -0.7318 0.3805
vn -0.5996 -0.7761 0.1955
vn -0.4343 -0.5621 0.7038
vn -0.2378 -0.3077 0.9213
vn -0.1191 -0.1541 0.9808
vn -0.6539 -0.6539 0.3805
vn -0.6934 -0.6934 0.1955
vn -0.5023 -0.5023 0.7038
vn -0.2749 -0.2749 0.9213
vn -0.1378 -0.1378 0.9808
vn -0.7318 -0.5654 0.3805
vn -0.7761 -0.5996 0.1955
vn -0.5621 -0.4343 0.7038
vn -0.3077 -0.2377 0.9213
vn -0.1542 -0.1191 0.9808
vn -0.7982 -0.4670 0.3805
vn -0.8464 -0.4953 0.1955
vn -0.6131 -0.3587 0.7038
vn -0.3357 -0.1964 0.9213
vn -0.1683 -0.0984 0.9808
vn -0.8520 -0.3597 0.3805
vn -0.9035 -0.3814 0.1955
vn -0.6544 -0.2763 0.7038
vn -0.3583 -0.1512 0.9212
vn -0.1796 -0.0757 0.9808
vn -0.8918 -0.2446 0.3804
vn -0.9458 -0.2594 0.1955
vn -0.6851 -0.1879 0.7038
vn -0.3751 -0.1029 0.9212
vn -0.1879 -0.0515 0.9808
vn -0.9165 -0.1238 0.3804
vn -0.9719 -0.1312 0.1955
vn -0.7041 -0.0951 0.7037
vn -0.3856 -0.0521 0.9212
vn -0.1931 -0.0261 0.9808
vn -0.9239 -0.0310 0.3814
vn -0.9802 -0.0329 0.1952
vn -0.7086 -0.0238 0.7052
vn -0.3859 -0.0129 0.9224
vn -0.1951 -0.0065 0.9807
vn -0.9239 0.0016 0.3826
vn -0.9808 0.0017 0.1951
vn -0.7072 0.0012 0.7070
vn -0.3829 0.0006 0.9238
vn -0.1953 0.0003 0.9807
vn -0.9239 0.0068 0.3825
vn -0.9807 0.0072 0.1951
vn -0.7073 0.0052 0.7069
vn -0.3831 0.0028 0.9237
vn -0.1952 0.0014 0.9807
vn -0.9239 0.0144 0.3824
vn -0.9807 0.0153 0.1951
vn -0.7072 0.0110 0.7068
vn -0.3830 0.0060 0.9237
vn -0.1951 0.0031 0.9808
vn -0.9237 0.0232 0.3824
vn -0.9805 0.0247 0.1951
vn -0.7072 0.0178 0.7068
vn -0.3831 0.0096 0.9236
vn -0.1950 0.0049 0.9808
vn -0.9234 0.0334 0.3824
vn -0.9801 0.0354 0.1951
vn -0.7070 0.0255 0.7067
vn -0.3830 0.0138 0.9236
vn -0.1950 0.0070 0.9808
vn -0.9229 0.0450 0.3824
vn -0.9796 0.0478 0.1951
vn -0.7067 0.0345 0.7067
vn -0.3829 0.0187 0.9236
vn -0.1949 0.0095 0.9808
vn -0.9221 0.0585 0.3824
vn -0.9788 0.0620 0.1951
vn -0.7061 0.0448 0.7067
vn -0.3827 0.0243 0.9235
vn -0.1947 0.0123 0.9808
vn -0.9210 0.0739 0.3823
vn -0.9776 0.0784 0.1951
vn -0.7053 0.0566 0.7066
vn -0.3824 0.0306 0.9235
vn -0.1945 0.0156 0.9808
vn -0.9195 0.0911 0.3823
vn -0.9760 0.0967 0.1951
vn -0.7042 0.0698 0.7065
vn -0.3818 0.0378 0.9235
vn -0.1941 0.0193 0.9808
vn -0.9175 0.1098 0.3822
vn -0.9738 0.1165 0.1951
vn -0.7027 0.0841 0.7065
vn -0.3811 0.0456 0.9234
vn -0.1938 0.0232 0.9807
vn -0.9151 0.1282 0.3822
vn -0.9713 0.1361 0.1951
vn -0.7008 0.0982 0.7066
vn -0.3800 0.0533 0.9234
vn -0.1935 0.0271 0.9807
vn -0.9128 0.1433 0.3823
vn -0.9689 0.1521 0.1951
vn -0.6989 0.1097 0.7067
vn -0.3787 0.0595 0.9236
vn -0.1928 0.0302 0.9807
vn -0.9069 0.1789 0.3814
vn -0.9622 0.1898 0.1952
vn -0.6955 0.1372 0.7053
vn -0.3786 0.0747 0.9225
vn -0.1914 0.0378 0.9808
vn -0.8939 0.2354 0.3815
vn -0.9484 0.2497 0.1952
vn -0.6854 0.1805 0.7054
vn -0.3731 0.0982 0.9226
vn -0.1887 0.0497 0.9807
vn -0.8771 0.2918 0.3814
vn -0.9306 0.3096 0.1952
vn -0.6727 0.2238 0.7053
vn -0.3663 0.1219 0.9225
vn -0.1852 0.0616 0.9808
vn -0.8542 0.3534 0.3812
vn -0.9062 0.3749 0.1952
vn -0.6553 0.2711 0.7050
vn -0.3571 0.1477 0.9223
vn -0.1803 0.0746 0.9807
vn -0.8229 0.4214 0.3811
vn -0.8729 0.4471 0.1953
vn -0.6314 0.3234 0.7047
vn -0.3444 0.1764 0.9221
vn -0.1736 0.0889 0.9808
vn -0.7800 0.4964 0.3809
vn -0.8273 0.5266 0.1953
vn -0.5987 0.3811 0.7045
vn -0.3269 0.2081 0.9218
vn -0.1644 0.1047 0.9808
vn -0.7220 0.5777 0.3807
vn -0.7657 0.6127 0.1954
vn -0.5544 0.4436 0.7041
vn -0.3031 0.2426 0.9215
vn -0.1522 0.1218 0.9808
vn -0.6449 0.6627 0.3804
vn -0.6840 0.7028 0.1955
vn -0.4955 0.5091 0.7037
vn -0.2713 0.2788 0.9212
vn -0.1359 0.1396 0.9808
vn -0.5462 0.7464 0.3803
vn -0.5791 0.7914 0.1956
vn -0.4197 0.5736 0.7035
vn -0.2301 0.3144 0.9210
vn -0.1150 0.1571 0.9808
vn -0.4257 0.8211 0.3801
vn -0.4513 0.8706 0.1957
vn -0.3272 0.6312 0.7032
vn -0.1795 0.3463 0.9208
vn -0.0896 0.1728 0.9809
vn -0.2882 0.8788 0.3801
vn -0.3056 0.9318 0.1957
vn -0.2216 0.6756 0.7032
vn -0.1216 0.3708 0.9207
vn -0.0605 0.1849 0.9809
vn -0.1431 0.9138 0.3801
vn -0.1517 0.9689 0.1956
vn -0.1100 0.7024 0.7032
vn -0.0603 0.3854 0.9207
vn -0.0300 0.1923 0.9809
vn -0.0221 0.9244 0.3808
vn -0.0234 0.9805 0.1952
vn -0.0170 0.7096 0.7044
vn -0.0093 0.3876 0.9218
vn -0.0048 0.1949 0.9808
vn 0.0504 0.9230 0.3815
vn 0.0535 0.9793 0.1950
vn 0.0387 0.7075 0.7056
vn 0.0211 0.3848 0.9227
vn 0.0106 0.1948 0.9808
vn 0.0998 0.9189 0.3815
vn 0.1059 0.9750 0.1950
vn 0.0766 0.7045 0.7056
vn 0.0417 0.3831 0.9227
vn 0.0211 0.1940 0.9807
vn 0.1494 0.9122 0.3816
vn 0.1585 0.9679 0.1951
vn 0.1145 0.6993 0.7056
vn 0.0623 0.3804 0.9227
vn 0.0316 0.1926 0.9807
vn 0.1999 0.9025 0.3815
vn 0.2121 0.9575 0.1952
vn 0.1533 0.6919 0.7055
vn 0.0833 0.3764 0.9227
vn 0.0421 0.1905 0.9808
vn 0.2522 0.8893 0.3815
vn 0.2676 0.9435 0.1951
vn 0.1934 0.6819 0.7054
vn 0.1052 0.3711 0.9226
vn 0.0533 0.1877 0.9807
vn 0.3071 0.8719 0.3814
vn 0.3259 0.9250 0.1951
vn 0.2354 0.6686 0.7053
vn 0.1281 0.3640 0.9225
vn 0.0648 0.1840 0.9808
vn 0.3653 0.8491 0.3813
vn 0.3876 0.9009 0.1953
vn 0.2802 0.6513 0.7052
vn 0.1526 0.3548 0.9224
vn 0.0770 0.1792 0.9808
vn 0.4272 0.8198 0.3812
vn 0.4532 0.8697 0.1953
vn 0.3277 0.6289 0.7050
vn 0.1786 0.3428 0.9223
vn 0.0902 0.1730 0.9808
vn 0.4927 0.7823 0.3811
vn 0.5227 0.8298 0.1953
vn 0.3780 0.6003 0.7048
vn 0.2062 0.3274 0.9221
vn 0.1039 0.1650 0.9808
vn 0.5615 0.7345 0.3809
vn 0.5957 0.7791 0.1953
vn 0.4310 0.5638 0.7045
vn 0.2353 0.3077 0.9219
vn 0.1184 0.1549 0.9808
vn 0.6324 0.6746 0.3807
vn 0.6707 0.7155 0.1954
vn 0.4855 0.5179 0.7043
vn 0.2653 0.2829 0.9217
vn 0.1334 0.1422 0.9808
vn 0.7052 0.5982 0.3806
vn 0.7478 0.6345 0.1955
vn 0.5416 0.4595 0.7039
vn 0.2963 0.2514 0.9214
vn 0.1486 0.1260 0.9808
vn 0.7497 0.5404 0.3819
vn 0.7956 0.5735 0.1952
vn 0.5745 0.4140 0.7060
vn 0.3119 0.2248 0.9231
vn 0.1583 0.1141 0.9807
vn 0.7617 0.5229 0.3825
vn 0.8086 0.5551 0.1951
vn 0.5832 0.4003 0.7068
vn 0.3160 0.2169 0.9236
vn 0.1609 0.1105 0.9807
vn 0.7657 0.5170 0.3825
vn 0.8129 0.5488 0.1950
vn 0.5861 0.3957 0.7070
vn 0.3175 0.2142 0.9237
vn 0.1618 0.1092 0.9807
vn 0.7678 0.5138 0.3826
vn 0.8151 0.5455 0.1950
vn 0.5877 0.3933 0.7071
vn 0.3182 0.2129 0.9238
vn 0.1622 0.1086 0.9807
vn 0.7691 0.5119 0.3826
vn 0.8164 0.5434 0.1951
vn 0.5886 0.3918 0.7071
vn 0.3186 0.2121 0.9238
vn 0.1626 0.1082 0.9807
vn 0.7700 0.5106 0.3827
vn 0.8174 0.5420 0.1951
vn 0.5893 0.3908 0.7071
vn 0.3191 0.2115 0.9238
vn 0.1628 0.1079 0.9807
vn 0.7706 0.5096 0.3827
vn 0.8181 0.5409 0.1951
vn 0.5898 0.3900 0.7071
vn 0.3193 0.2111 0.9238
vn 0.1628 0.1077 0.9807
vn 0.7711 0.5088 0.3826
vn 0.8186 0.5401 0.1951
vn 0.5901 0.3894 0.7071
vn 0.3194 0.2108 0.9239
vn 0.1629 0.1075 0.9807
vn 0.7715 0.5082 0.3826
vn 0.8191 0.5395 0.1951
vn 0.5905 0.3890 0.7071
vn 0.3196 0.2105 0.9239
vn 0.1631 0.1074 0.9807
vn 0.7719 0.5076 0.3826
vn 0.8195 0.5389 0.1951
vn 0.5908 0.3885 0.7071
vn 0.3197 0.2103 0.9239
vn 0.1630 0.1072 0.9807
vn 0.7723 0.5070 0.3826
vn 0.8199 0.5383 0.1950
vn 0.5911 0.3880 0.7071
vn 0.3200 0.2100 0.9238
vn 0.1632 0.1071 0.9807
vn 0.7721 0.5072 0.3827
vn 0.8198 0.5384 0.1951
vn 0.5910 0.3882 0.7071
vn 0.3198 0.2101 0.9239
vn 0.1631 0.1072 0.9807
vn 0.7749 0.5033 0.3824
vn 0.8225 0.5342 0.1951
vn 0.5932 0.3853 0.7068
vn 0.3215 0.2088 0.9236
vn 0.1637 0.1063 0.9807
vn 0.7802 0.4950 0.3825
vn 0.8282 0.5254 0.1951
vn 0.5973 0.3789 0.7068
vn 0.3236 0.2053 0.9236
vn 0.1650 0.1046 0.9807
vn 0.7839 0.4890 0.3825
vn 0.8321 0.5191 0.1951
vn 0.6001 0.3743 0.7069
vn 0.3250 0.2027 0.9237
vn 0.1657 0.1033 0.9807
vn 0.7849 0.4873 0.3827
vn 0.8332 0.5173 0.1951
vn 0.6007 0.3729 0.7071
vn 0.3251 0.2018 0.9239
vn 0.1658 0.1030 0.9807
vn 0.7812 0.4931 0.3830
vn 0.8294 0.5235 0.1951
vn 0.5975 0.3772 0.7076
vn 0.3229 0.2039 0.9242
vn 0.1650 0.1042 0.9807
vn 0.7690 0.5114 0.3835
vn 0.8167 0.5430 0.1952
vn 0.5878 0.3909 0.7082
vn 0.3171 0.2109 0.9246
vn 0.1625 0.1081 0.9807
vn 0.7416 0.5498 0.3843
vn 0.7878 0.5841 0.1952
vn 0.5661 0.4197 0.7094
vn 0.3043 0.2257 0.9254
vn 0.1567 0.1162 0.9808
vn 0.6854 0.6174 0.3859
vn 0.7287 0.6564 0.1954
vn 0.5222 0.4702 0.7114
vn 0.2791 0.2514 0.9268
vn 0.1444 0.1304 0.9809
vn 0.8296 -0.5502 0.0949
vn 0.8491 -0.5277 0.0240
vn 0.4061 0.3666 0.8370
vn 0.2332 0.2886 0.9286
vn 0.1221 0.1511 0.9809
vn -0.4095 -0.8296 -0.3796
vn -0.4339 -0.8792 -0.1966
vn -0.2856 -0.8241 0.4891
vn 0.1847 0.3255 0.9273
vn 0.0860 0.1737 0.9810
vn -0.1968 -0.9040 -0.3796
vn -0.2087 -0.9580 -0.1964
vn -0.0740 -0.8689 0.4894
vn 0.1009 0.3564 0.9288
vn 0.0417 0.1894 0.9810
vn 0.0000 -0.9250 -0.3799
vn -0.0000 -0.9806 -0.1958
vn 0.0001 -0.8398 0.5429
vn 0.0000 0.3712 0.9285
vn 0.0000 0.1944 0.9809
vn 0.1968 -0.9040 -0.3796
vn 0.2086 -0.9581 -0.1964
vn 0.0803 -0.8676 0.4906
vn -0.0997 0.3565 0.9289
vn -0.0417 0.1894 0.9810
vn 0.4095 -0.8296 -0.3796
vn 0.4339 -0.8792 -0.1966
vn 0.2914 -0.8217 0.4897
vn -0.1833 0.3256 0.9275
vn -0.0858 0.1737 0.9810
vn -0.8297 -0.5502 0.0943
vn -0.8489 -0.5279 0.0237
vn -0.4060 0.3666 0.8371
vn -0.2331 0.2885 0.9286
vn -0.1220 0.1511 0.9809
vn -0.6855 0.6173 0.3858
vn -0.7288 0.6563 0.1953
vn -0.5222 0.4702 0.7115
vn -0.2791 0.2514 0.9268
vn -0.1447 0.1304 0.9808
vn -0.7416 0.5498 0.3843
vn -0.7878 0.5841 0.1952
vn -0.5661 0.4198 0.7094
vn -0.3043 0.2257 0.9254
vn -0.1567 0.1162 0.9808
vn -0.7690 0.5114 0.3835
vn -0.8167 0.5431 0.1952
vn -0.5878 0.3909 0.7082
vn -0.3171 0.2109 0.9246
vn -0.1625 0.1081 0.9808
vn -0.7811 0.4931 0.3830
vn -0.8293 0.5235 0.1951
vn -0.5976 0.3772 0.7075
vn -0.3230 0.2039 0.9242
vn -0.1651 0.1042 0.9807
vn -0.7849 0.4873 0.3826
vn -0.8332 0.5173 0.1951
vn -0.6007 0.3729 0.7071
vn -0.3250 0.2018 0.9239
vn -0.1658 0.1030 0.9807
vn -0.7839 0.4889 0.3825
vn -0.8322 0.5190 0.1951
vn -0.6001 0.3743 0.7070
vn -0.3249 0.2027 0.9237
vn -0.1657 0.1033 0.9807
vn -0.7802 0.4949 0.3825
vn -0.8282 0.5253 0.1951
vn -0.5972 0.3789 0.7069
vn -0.3236 0.2053 0.9236
vn -0.1649 0.1046 0.9807
vn -0.7749 0.5033 0.3824
vn -0.8226 0.5341 0.1951
vn -0.5932 0.3853 0.7068
vn -0.3214 0.2088 0.9236
vn -0.1637 0.1063 0.9807
vn -0.7708 0.5094 0.3826
vn -0.8183 0.5407 0.1951
vn -0.5900 0.3899 0.7070
vn -0.3194 0.2111 0.9238
vn -0.1628 0.1076 0.9807
vn -0.7701 0.5103 0.3827
vn -0.8176 0.5417 0.1951
vn -0.5893 0.3905 0.7072
vn -0.3189 0.2113 0.9239
vn -0.1627 0.1078 0.9807
vn -0.7708 0.5093 0.3827
vn -0.8183 0.5406 0.1951
vn -0.5899 0.3897 0.7072
vn -0.3193 0.2109 0.9239
vn -0.1630 0.1076 0.9807
vn -0.7711 0.5089 0.3827
vn -0.8186 0.5402 0.1951
vn -0.5901 0.3894 0.7071
vn -0.3194 0.2108 0.9239
vn -0.1631 0.1075 0.9807
vn -0.7711 0.5088 0.3826
vn -0.1630 0.1075 0.9807
vn -0.7709 0.5092 0.3826
vn -0.8184 0.5405 0.1950
vn -0.5900 0.3897 0.7071
vn -0.7705 0.5098 0.3826
vn -0.8179 0.5412 0.1951
vn -0.5897 0.3902 0.7071
vn -0.3192 0.2112 0.9238
vn -0.1628 0.1077 0.9807
vn -0.7698 0.5109 0.3826
vn -0.8171 0.5424 0.1951
vn -0.5892 0.3910 0.7071
vn -0.3189 0.2117 0.9238
vn -0.1628 0.1079 0.9807
vn -0.7686 0.5126 0.3826
vn -0.8159 0.5442 0.1951
vn -0.5884 0.3923 0.7070
vn -0.3186 0.2124 0.9238
vn -0.1624 0.1083 0.9807
vn -0.7666 0.5156 0.3825
vn -0.8138 0.5474 0.1950
vn -0.5869 0.3947 0.7069
vn -0.3178 0.2137 0.9237
vn -0.1619 0.1089 0.9807
vn -0.7627 0.5216 0.3825
vn -0.8096 0.5536 0.1950
vn -0.5839 0.3993 0.7068
vn -0.3164 0.2163 0.9236
vn -0.1611 0.1102 0.9807
vn -0.7506 0.5391 0.3819
vn -0.7966 0.5721 0.1951
vn -0.5751 0.4131 0.7061
vn -0.3123 0.2243 0.9231
vn -0.1586 0.1138 0.9807
vn -0.7056 0.5977 0.3805
vn -0.7483 0.6339 0.1955
vn -0.5419 0.4591 0.7039
vn -0.2965 0.2512 0.9214
vn -0.1487 0.1259 0.9808
vn -0.6324 0.6746 0.3808
vn -0.6707 0.7154 0.1954
vn -0.4855 0.5178 0.7043
vn -0.2653 0.2829 0.9217
vn -0.1334 0.1422 0.9808
vn -0.5615 0.7345 0.3809
vn -0.5957 0.7791 0.1953
vn -0.4310 0.5638 0.7045
vn -0.2353 0.3077 0.9219
vn -0.1184 0.1549 0.9808
vn -0.4927 0.7823 0.3811
vn -0.5227 0.8298 0.1952
vn -0.3781 0.6003 0.7047
vn -0.2062 0.3274 0.9221
vn -0.1039 0.1650 0.9808
vn -0.4272 0.8198 0.3812
vn -0.4532 0.8697 0.1953
vn -0.3277 0.6289 0.7050
vn -0.1787 0.3428 0.9222
vn -0.0902 0.1730 0.9808
vn -0.3653 0.8491 0.3814
vn -0.3876 0.9009 0.1953
vn -0.2802 0.6513 0.7052
vn -0.1526 0.3548 0.9224
vn -0.0770 0.1792 0.9808
vn -0.3071 0.8719 0.3814
vn -0.3259 0.9250 0.1951
vn -0.2355 0.6686 0.7053
vn -0.1282 0.3640 0.9225
vn -0.0647 0.1840 0.9808
vn -0.2522 0.8893 0.3815
vn -0.2676 0.9435 0.1950
vn -0.1934 0.6819 0.7054
vn -0.1053 0.3711 0.9226
vn -0.0532 0.1877 0.9808
vn -0.1999 0.9025 0.3815
vn -0.2121 0.9575 0.1951
vn -0.1532 0.6919 0.7055
vn -0.0833 0.3764 0.9227
vn -0.0422 0.1905 0.9808
vn -0.1494 0.9122 0.3815
vn -0.1585 0.9679 0.1951
vn -0.1145 0.6993 0.7055
vn -0.0623 0.3804 0.9227
vn -0.0315 0.1925 0.9808
vn -0.0998 0.9189 0.3816
vn -0.1059 0.9750 0.1952
vn -0.0766 0.7045 0.7056
vn -0.0417 0.3832 0.9227
vn -0.0211 0.1940 0.9808
vn -0.0503 0.9229 0.3816
vn -0.0533 0.9793 0.1952
vn -0.0387 0.7076 0.7056
vn -0.0211 0.3848 0.9227
vn -0.0107 0.1948 0.9808
vn 0.0221 0.9243 0.3808
vn 0.0235 0.9804 0.1954
vn 0.0170 0.7096 0.7043
vn 0.0093 0.3876 0.9218
vn 0.0048 0.1949 0.9808
vn 0.1430 0.9138 0.3801
vn 0.1516 0.9689 0.1956
vn 0.1100 0.7024 0.7032
vn 0.0603 0.3854 0.9207
vn 0.0300 0.1923 0.9809
vn 0.2882 0.8788 0.3801
vn 0.3057 0.9318 0.1956
vn 0.2216 0.6755 0.7032
vn 0.1216 0.3708 0.9207
vn 0.0605 0.1849 0.9809
vn 0.4257 0.8211 0.3802
vn 0.4513 0.8706 0.1957
vn 0.3272 0.6311 0.7033
vn 0.1795 0.3463 0.9208
vn 0.0895 0.1728 0.9809
vn 0.5461 0.7464 0.3803
vn 0.5791 0.7914 0.1956
vn 0.4197 0.5736 0.7035
vn 0.2300 0.3144 0.9210
vn 0.1150 0.1571 0.9808
vn 0.6450 0.6627 0.3804
vn 0.6839 0.7028 0.1955
vn 0.4954 0.5091 0.7038
vn 0.2713 0.2788 0.9212
vn 0.1359 0.1396 0.9808
vn 0.7220 0.5777 0.3806
vn 0.7657 0.6128 0.1954
vn 0.5545 0.4436 0.7041
vn 0.3031 0.2426 0.9215
vn 0.1521 0.1218 0.9808
vn 0.7800 0.4965 0.3808
vn 0.8273 0.5266 0.1953
vn 0.5988 0.3811 0.7044
vn 0.3269 0.2081 0.9218
vn 0.1644 0.1047 0.9808
vn 0.8229 0.4214 0.3810
vn 0.8729 0.4471 0.1953
vn 0.6315 0.3234 0.7047
vn 0.3443 0.1764 0.9221
vn 0.1734 0.0889 0.9808
vn 0.8542 0.3534 0.3812
vn 0.9062 0.3749 0.1953
vn 0.6553 0.2711 0.7050
vn 0.3571 0.1477 0.9223
vn 0.1802 0.0746 0.9808
vn 0.8771 0.2918 0.3814
vn 0.9306 0.3096 0.1952
vn 0.6727 0.2238 0.7052
vn 0.3664 0.1219 0.9224
vn 0.1852 0.0616 0.9808
vn 0.8939 0.2354 0.3815
vn 0.9484 0.2497 0.1952
vn 0.6854 0.1805 0.7054
vn 0.3730 0.0982 0.9226
vn 0.1886 0.0497 0.9808
vn 0.9069 0.1789 0.3814
vn 0.9622 0.1898 0.1952
vn 0.6955 0.1372 0.7053
vn 0.3786 0.0746 0.9225
vn 0.1913 0.0378 0.9808
vn 0.9128 0.1433 0.3824
vn 0.9689 0.1521 0.1951
vn 0.6989 0.1097 0.7067
vn 0.3787 0.0595 0.9236
vn 0.1928 0.0302 0.9807
vn 0.9151 0.1283 0.3822
vn 0.9713 0.1361 0.1951
vn 0.7008 0.0982 0.7065
vn 0.3800 0.0533 0.9234
vn 0.1935 0.0271 0.9807
vn 0.9175 0.1098 0.3822
vn 0.9738 0.1165 0.1951
vn 0.7027 0.0841 0.7065
vn 0.3811 0.0456 0.9234
vn 0.1939 0.0232 0.9807
vn 0.9195 0.0911 0.3822
vn 0.9760 0.0967 0.1951
vn 0.7042 0.0698 0.7065
vn 0.3818 0.0378 0.9234
vn 0.1942 0.0193 0.9807
vn 0.9210 0.0739 0.3823
vn 0.9776 0.0784 0.1951
vn 0.7053 0.0566 0.7066
vn 0.3824 0.0306 0.9235
vn 0.1945 0.0156 0.9808
vn 0.9221 0.0585 0.3824
vn 0.9788 0.0620 0.1951
vn 0.7061 0.0448 0.7066
vn 0.3827 0.0243 0.9235
vn 0.1947 0.0123 0.9808
vn 0.9229 0.0450 0.3824
vn 0.9796 0.0478 0.1951
vn 0.7067 0.0345 0.7067
vn 0.3829 0.0187 0.9236
vn 0.1950 0.0095 0.9807
vn 0.9234 0.0334 0.3824
vn 0.9801 0.0354 0.1951
vn 0.7070 0.0255 0.7067
vn 0.3831 0.0138 0.9236
vn 0.1951 0.0070 0.9807
vn 0.9237 0.0232 0.3824
vn 0.9805 0.0247 0.1951
vn 0.7072 0.0178 0.7068
vn 0.3831 0.0096 0.9236
vn 0.1950 0.0049 0.9808
vn 0.9239 0.0144 0.3824
vn 0.9807 0.0153 0.1951
vn 0.7073 0.0110 0.7068
vn 0.3831 0.0060 0.9237
vn 0.1952 0.0031 0.9807
vn 0.9239 0.0068 0.3825
vn 0.9807 0.0072 0.1951
vn 0.7073 0.0052 0.7069
vn 0.3831 0.0028 0.9237
vn 0.1952 0.0014 0.9807
vn 0.9239 0.0016 0.3826
vn 0.9808 0.0017 0.1951
vn 0.7072 0.0012 0.7070
vn 0.3829 0.0006 0.9238
vn 0.1953 0.0003 0.9807
vn 0.3859 -0.0129 0.9224
vn 0.1951 -0.0065 0.9807
vn 0.8520 -0.3596 0.3805
vn 0.9035 -0.3814 0.1955
vn 0.6132 -0.3587 0.7038
vn 0.7761 -0.5996 0.1954
vn 0.5621 -0.4343 0.7038
vn 0.6934 -0.6935 0.1954
vn 0.5996 -0.7760 0.1954
vn 0.2377 -0.3077 0.9213
vn 0.4670 -0.7982 0.3804
vn 0.4953 -0.8464 0.1954
vn 0.1964 -0.3356 0.9213
vn 0.1029 -0.3751 0.9212
vn -0.2594 -0.9458 0.1954
vn -0.1029 -0.3751 0.9212
vn -0.3815 -0.9035 0.1954
vn -0.2763 -0.6544 0.7038
vn -0.5995 -0.7761 0.1955
vn -0.2377 -0.3076 0.9213
vn -0.1378 -0.1377 0.9808
vn -0.3752 -0.1029 0.9212
vn -0.3858 -0.0129 0.9225
vn -0.1950 -0.0065 0.9808
vn -0.9238 -0.0019 0.3828
vn -0.9808 -0.0020 0.1951
vn -0.7069 -0.0014 0.7073
vn -0.3825 -0.0008 0.9239
vn -0.1952 -0.0004 0.9807
vn -0.9237 -0.0085 0.3829
vn -0.9807 -0.0091 0.1951
vn -0.7067 -0.0065 0.7075
vn -0.3821 -0.0035 0.9241
vn -0.1951 -0.0018 0.9807
vn -0.9235 -0.0200 0.3830
vn -0.9805 -0.0212 0.1951
vn -0.7064 -0.0153 0.7076
vn -0.3819 -0.0082 0.9242
vn -0.1952 -0.0042 0.9807
vn -0.9230 -0.0360 0.3831
vn -0.9800 -0.0382 0.1951
vn -0.7059 -0.0275 0.7078
vn -0.3813 -0.0148 0.9243
vn -0.1951 -0.0076 0.9807
vn -0.9217 -0.0588 0.3834
vn -0.9788 -0.0625 0.1951
vn -0.7046 -0.0450 0.7081
vn -0.3803 -0.0243 0.9245
vn -0.1947 -0.0124 0.9808
vn -0.9188 -0.0925 0.3837
vn -0.9758 -0.0982 0.1951
vn -0.7020 -0.0707 0.7086
vn -0.3783 -0.0381 0.9249
vn -0.1941 -0.0195 0.9808
vn -0.9119 -0.1437 0.3844
vn -0.9687 -0.1527 0.1953
vn -0.6962 -0.1097 0.7094
vn -0.3742 -0.0590 0.9254
vn -0.1926 -0.0304 0.9808
vn -0.3330 0.9382 0.0940
vn -0.3596 0.9326 0.0281
vn -0.5427 -0.0868 0.8354
vn -0.3648 -0.0912 0.9266
vn -0.1889 -0.0473 0.9808
vn 0.8552 0.3525 -0.3800
vn 0.9066 0.3736 -0.1957
vn 0.7492 0.3594 -0.5563
vn -0.1817 -0.0168 0.9832
vn -0.1794 -0.0742 0.9810
vn 0.7491 0.5429 -0.3795
vn 0.7938 0.5754 -0.1971
vn 0.5768 0.4181 -0.7017
vn 0.4316 0.3430 -0.8343
vn -0.5996 0.8003 -0.0013
vn 0.5311 0.7573 -0.3799
vn 0.5627 0.8025 -0.1984
vn 0.4093 0.5835 -0.7014
vn 0.2277 0.3249 -0.9179
vn 0.1100 0.1573 -0.9814
vn 0.2437 0.8924 -0.3797
vn 0.2582 0.9456 -0.1975
vn 0.1879 0.6874 -0.7015
vn 0.1043 0.3812 -0.9185
vn 0.0508 0.1858 -0.9813
vn 0.0225 0.9246 -0.3801
vn 0.0237 0.9803 -0.1957
vn 0.0666 0.8279 -0.5568
vn 0.9619 0.1807 0.2053
vn 0.9993 -0.0380 -0.0020
vn -0.1363 0.9149 -0.3800
vn -0.1446 0.9699 -0.1958
vn -0.1643 0.8141 -0.5571
vn -0.0120 -0.1988 0.9799
vn 0.0291 -0.1924 0.9809
vn -0.3218 0.8673 -0.3797
vn -0.3410 0.9193 -0.1964
vn -0.2475 0.6676 -0.7021
vn -0.3327 0.8584 0.3904
vn 0.0680 -0.1818 0.9810
vn -0.5158 0.7680 -0.3796
vn -0.5467 0.8140 -0.1964
vn -0.3969 0.5910 -0.7022
vn -0.5036 0.7757 0.3804
vn 0.1078 -0.1610 0.9810
vn -0.6586 0.6494 -0.3801
vn -0.6986 0.6882 -0.1958
vn -0.5611 0.6263 -0.5411
vn 0.1679 -0.1063 0.9800
vn 0.1379 -0.1365 0.9810
vn 0.6705 0.7361 0.0927
vn 0.6950 0.7187 0.0210
vn 0.4675 -0.3010 0.8311
vn 0.3016 -0.2265 0.9261
vn 0.1559 -0.1171 0.9808
vn 0.7761 -0.5004 0.3838
vn 0.8243 -0.5314 0.1951
vn 0.5930 -0.3823 0.7086
vn 0.3195 -0.2060 0.9249
vn 0.1639 -0.1057 0.9808
vn 0.7912 -0.4768 0.3830
vn 0.8400 -0.5062 0.1951
vn 0.6052 -0.3647 0.7076
vn 0.3271 -0.1971 0.9242
vn 0.1672 -0.1007 0.9807
vn 0.7939 -0.4725 0.3825
vn 0.8428 -0.5016 0.1951
vn 0.6077 -0.3616 0.7070
vn 0.3290 -0.1958 0.9238
vn 0.1677 -0.0998 0.9807
vn 0.7899 -0.4793 0.3824
vn 0.8385 -0.5087 0.1951
vn 0.6048 -0.3670 0.7067
vn 0.3278 -0.1989 0.9236
vn 0.1668 -0.1013 0.9807
vn 0.7821 -0.4920 0.3823
vn 0.8302 -0.5222 0.1951
vn 0.5990 -0.3768 0.7066
vn 0.3247 -0.2043 0.9235
vn 0.1652 -0.1039 0.9807
vn 0.7722 -0.5074 0.3822
vn 0.8197 -0.5386 0.1950
vn 0.5914 -0.3886 0.7065
vn 0.3207 -0.2107 0.9234
vn 0.1631 -0.1072 0.9807
vn 0.7707 -0.5092 0.3830
vn 0.8183 -0.5406 0.1951
vn 0.5895 -0.3895 0.7077
vn 0.3186 -0.2105 0.9242
vn 0.1629 -0.1076 0.9807
vn 0.7751 -0.5026 0.3827
vn 0.8229 -0.5336 0.1951
vn 0.5932 -0.3847 0.7072
vn 0.3210 -0.2081 0.9239
vn 0.1638 -0.1062 0.9807
vn 0.7756 -0.5019 0.3827
vn 0.8234 -0.5329 0.1951
vn 0.5936 -0.3841 0.7071
vn 0.3212 -0.2079 0.9239
vn 0.1638 -0.1061 0.9807
vn 0.7757 -0.5018 0.3827
vn 0.8235 -0.5327 0.1951
vn 0.5937 -0.3840 0.7071
vn 0.3213 -0.2079 0.9239
vn 0.1638 -0.1060 0.9808
vn 0.8234 -0.5328 0.1951
vn 0.1639 -0.1061 0.9807
vn 0.7754 -0.5022 0.3826
vn 0.8232 -0.5331 0.1951
vn 0.5935 -0.3844 0.7071
vn 0.3212 -0.2080 0.9239
vn 0.7752 -0.5026 0.3826
vn 0.5933 -0.3847 0.7071
vn 0.3211 -0.2082 0.9239
vn 0.1637 -0.1062 0.9807
vn 0.7748 -0.5032 0.3826
vn 0.8225 -0.5342 0.1951
vn 0.5930 -0.3851 0.7071
vn 0.3209 -0.2085 0.9239
vn 0.1636 -0.1063 0.9808
vn 0.7742 -0.5041 0.3826
vn 0.8219 -0.5351 0.1951
vn 0.5925 -0.3858 0.7071
vn 0.3207 -0.2088 0.9238
vn 0.1635 -0.1065 0.9807
vn 0.7734 -0.5054 0.3826
vn 0.8210 -0.5366 0.1951
vn 0.5919 -0.3869 0.7071
vn 0.3204 -0.2094 0.9238
vn 0.1633 -0.1068 0.9808
vn 0.7721 -0.5074 0.3825
vn 0.8196 -0.5387 0.1950
vn 0.5910 -0.3883 0.7070
vn 0.3199 -0.2102 0.9238
vn 0.7699 -0.5108 0.3825
vn 0.8173 -0.5422 0.1950
vn 0.5893 -0.3910 0.7069
vn 0.3191 -0.2117 0.9237
vn 0.1627 -0.1079 0.9807
vn 0.7634 -0.5207 0.3822
vn 0.8102 -0.5527 0.1950
vn 0.5846 -0.3988 0.7065
vn 0.3170 -0.2163 0.9234
vn 0.1611 -0.1100 0.9808
vn 0.7556 -0.5318 0.3825
vn 0.8020 -0.5645 0.1951
vn 0.5785 -0.4071 0.7068
vn 0.3133 -0.2205 0.9236
vn 0.1596 -0.1123 0.9807
vn 0.7493 -0.5407 0.3824
vn 0.7953 -0.5739 0.1952
vn 0.5737 -0.4140 0.7067
vn 0.3110 -0.2244 0.9235
vn 0.1583 -0.1142 0.9807
vn 0.7392 -0.5544 0.3822
vn 0.7846 -0.5885 0.1951
vn 0.5662 -0.4246 0.7064
vn 0.3070 -0.2303 0.9234
vn 0.1561 -0.1171 0.9807
vn 0.7236 -0.5749 0.3819
vn 0.7679 -0.6101 0.1951
vn 0.5544 -0.4404 0.7061
vn 0.3009 -0.2391 0.9232
vn 0.1527 -0.1214 0.9808
vn 0.6992 -0.6045 0.3816
vn 0.7419 -0.6414 0.1951
vn 0.5360 -0.4634 0.7057
vn 0.2914 -0.2519 0.9228
vn 0.1476 -0.1276 0.9807
vn 0.6612 -0.6460 0.3813
vn 0.7016 -0.6853 0.1952
vn 0.5071 -0.4955 0.7052
vn 0.2763 -0.2699 0.9224
vn 0.1396 -0.1363 0.9808
vn 0.6028 -0.7011 0.3808
vn 0.6394 -0.7436 0.1953
vn 0.4627 -0.5382 0.7044
vn 0.2528 -0.2939 0.9218
vn 0.1272 -0.1478 0.9808
vn 0.5158 -0.7676 0.3804
vn 0.5469 -0.8140 0.1956
vn 0.3963 -0.5897 0.7037
vn 0.2171 -0.3230 0.9211
vn 0.1088 -0.1617 0.9808
vn 0.3963 -0.8357 0.3801
vn 0.4201 -0.8861 0.1957
vn 0.3047 -0.6424 0.7032
vn 0.1673 -0.3525 0.9207
vn 0.0835 -0.1758 0.9809
vn 0.2543 -0.8893 0.3801
vn 0.2696 -0.9428 0.1958
vn 0.1955 -0.6837 0.7031
vn 0.1074 -0.3753 0.9206
vn 0.0536 -0.1870 0.9809
vn 0.1155 -0.9176 0.3804
vn 0.1225 -0.9730 0.1956
vn 0.0887 -0.7050 0.7036
vn 0.0486 -0.3863 0.9211
vn 0.0243 -0.1932 0.9808
vn 0.0000 -0.9247 0.3807
vn 0.0000 -0.9807 0.1954
vn 0.0000 -0.7100 0.7042
vn 0.0000 -0.3880 0.9216
vn 0.0000 -0.1949 0.9808
vn -0.1155 -0.9176 0.3804
vn -0.1225 -0.9730 0.1957
vn -0.0887 -0.7050 0.7036
vn -0.0486 -0.3863 0.9211
vn -0.0242 -0.1932 0.9808
vn -0.2543 -0.8892 0.3802
vn -0.2696 -0.9428 0.1959
vn -0.1955 -0.6837 0.7031
vn -0.1074 -0.3753 0.9206
vn -0.0536 -0.1870 0.9809
vn -0.3963 -0.8357 0.3801
vn -0.4201 -0.8860 0.1958
vn -0.3047 -0.6424 0.7032
vn -0.1673 -0.3525 0.9207
vn -0.0835 -0.1758 0.9809
vn -0.5158 -0.7676 0.3804
vn -0.5470 -0.8140 0.1955
vn -0.3963 -0.5897 0.7037
vn -0.2171 -0.3230 0.9211
vn -0.1088 -0.1617 0.9808
vn -0.6028 -0.7011 0.3808
vn -0.6394 -0.7436 0.1953
vn -0.4627 -0.5382 0.7044
vn -0.2528 -0.2939 0.9218
vn -0.1273 -0.1478 0.9808
vn -0.6612 -0.6460 0.3813
vn -0.7015 -0.6854 0.1951
vn -0.5072 -0.4955 0.7051
vn -0.2763 -0.2699 0.9223
vn -0.1397 -0.1363 0.9807
vn -0.6992 -0.6045 0.3816
vn -0.7419 -0.6415 0.1950
vn -0.5360 -0.4633 0.7056
vn -0.2914 -0.2519 0.9228
vn -0.1476 -0.1276 0.9808
vn -0.7236 -0.5749 0.3819
vn -0.7679 -0.6101 0.1951
vn -0.5544 -0.4404 0.7061
vn -0.3009 -0.2391 0.9232
vn -0.1527 -0.1214 0.9807
vn -0.7392 -0.5544 0.3822
vn -0.7846 -0.5885 0.1951
vn -0.5662 -0.4246 0.7065
vn -0.3071 -0.2303 0.9234
vn -0.1562 -0.1171 0.9807
vn -0.7493 -0.5407 0.3824
vn -0.7953 -0.5739 0.1951
vn -0.5737 -0.4140 0.7067
vn -0.3110 -0.2244 0.9235
vn -0.1583 -0.1142 0.9807
vn -0.7556 -0.5318 0.3825
vn -0.8021 -0.5645 0.1951
vn -0.5785 -0.4071 0.7068
vn -0.3134 -0.2205 0.9236
vn -0.1597 -0.1123 0.9807
vn -0.7634 -0.5207 0.3822
vn -0.8102 -0.5527 0.1951
vn -0.5846 -0.3988 0.7065
vn -0.3170 -0.2163 0.9234
vn -0.1613 -0.1100 0.9807
vn -0.7699 -0.5108 0.3825
vn -0.8173 -0.5422 0.1950
vn -0.5893 -0.3910 0.7069
vn -0.3191 -0.2117 0.9237
vn -0.1627 -0.1079 0.9807
vn -0.7721 -0.5074 0.3826
vn -0.8196 -0.5387 0.1951
vn -0.5910 -0.3884 0.7070
vn -0.3199 -0.2103 0.9238
vn -0.1632 -0.1072 0.9807
vn -0.7734 -0.5054 0.3826
vn -0.8209 -0.5366 0.1951
vn -0.5919 -0.3869 0.7071
vn -0.3204 -0.2094 0.9238
vn -0.1633 -0.1068 0.9808
vn -0.7742 -0.5041 0.3826
vn -0.8219 -0.5351 0.1951
vn -0.5925 -0.3858 0.7071
vn -0.3207 -0.2089 0.9239
vn -0.1635 -0.1065 0.9808
vn -0.7748 -0.5032 0.3827
vn -0.8225 -0.5342 0.1951
vn -0.5930 -0.3851 0.7071
vn -0.3209 -0.2085 0.9239
vn -0.1636 -0.1063 0.9808
vn -0.7752 -0.5026 0.3827
vn -0.8229 -0.5336 0.1951
vn -0.5933 -0.3847 0.7071
vn -0.3211 -0.2082 0.9239
vn -0.1638 -0.1062 0.9807
vn -0.7754 -0.5022 0.3827
vn -0.8232 -0.5331 0.1951
vn -0.5935 -0.3844 0.7071
vn -0.3213 -0.2080 0.9238
vn -0.1639 -0.1061 0.9807
vn -0.7756 -0.5019 0.3827
vn -0.8234 -0.5328 0.1952
vn -0.5936 -0.3841 0.7071
vn -0.3213 -0.2079 0.9239
vn -0.7757 -0.5018 0.3827
vn -0.8235 -0.5327 0.1951
vn -0.5937 -0.3840 0.7071
vn -0.1639 -0.1060 0.9807
vn -0.7756 -0.5019 0.3826
vn -0.8234 -0.5329 0.1950
vn -0.3212 -0.2079 0.9239
vn -0.8229 -0.5336 0.1950
vn -0.5932 -0.3847 0.7072
vn -0.3210 -0.2082 0.9239
vn -0.7707 -0.5092 0.3830
vn -0.8183 -0.5406 0.1950
vn -0.5895 -0.3895 0.7076
vn -0.3186 -0.2105 0.9242
vn -0.1628 -0.1076 0.9807
vn -0.7723 -0.5074 0.3822
vn -0.8197 -0.5385 0.1950
vn -0.5915 -0.3886 0.7065
vn -0.3207 -0.2107 0.9234
vn -0.1630 -0.1072 0.9808
vn -0.7821 -0.4920 0.3823
vn -0.8301 -0.5222 0.1951
vn -0.5990 -0.3768 0.7065
vn -0.3247 -0.2043 0.9235
vn -0.1652 -0.1039 0.9807
vn -0.7899 -0.4794 0.3824
vn -0.8384 -0.5088 0.1951
vn -0.6048 -0.3670 0.7067
vn -0.3277 -0.1989 0.9236
vn -0.1668 -0.1013 0.9807
vn -0.7939 -0.4725 0.3825
vn -0.8428 -0.5016 0.1950
vn -0.6077 -0.3617 0.7070
vn -0.3291 -0.1958 0.9238
vn -0.1679 -0.0998 0.9807
vn -0.7912 -0.4768 0.3829
vn -0.8400 -0.5063 0.1950
vn -0.6052 -0.3647 0.7076
vn -0.3271 -0.1971 0.9242
vn -0.1673 -0.1007 0.9807
vn -0.7761 -0.5004 0.3838
vn -0.8243 -0.5314 0.1951
vn -0.5929 -0.3823 0.7087
vn -0.3193 -0.2060 0.9250
vn -0.1637 -0.1057 0.9808
vn -0.6674 0.7379 0.1005
vn -0.6945 0.7190 0.0242
vn -0.4669 -0.3017 0.8312
vn -0.3017 -0.2266 0.9261
vn -0.1560 -0.1171 0.9808
vn 0.6589 0.6493 -0.3798
vn 0.6986 0.6882 -0.1957
vn 0.5617 0.6258 -0.5412
vn -0.1688 -0.1064 0.9799
vn -0.1386 -0.1365 0.9809
vn 0.5158 0.7680 -0.3797
vn 0.5467 0.8140 -0.1964
vn 0.3970 0.5911 -0.7021
vn 0.5036 0.7757 0.3802
vn -0.1082 -0.1610 0.9810
vn 0.3218 0.8673 -0.3797
vn 0.3410 0.9192 -0.1965
vn 0.2477 0.6676 -0.7020
vn 0.3336 0.8577 0.3911
vn -0.0680 -0.1817 0.9810
vn 0.1363 0.9149 -0.3800
vn 0.1446 0.9699 -0.1958
vn 0.1644 0.8141 -0.5569
vn 0.0122 -0.1988 0.9799
vn -0.0291 -0.1924 0.9809
vn -0.0224 0.9247 -0.3800
vn -0.0237 0.9803 -0.1957
vn -0.0663 0.8281 -0.5567
vn -0.9610 0.1838 0.2066
vn -0.9995 -0.0297 0.0018
vn -0.2437 0.8925 -0.3796
vn -0.2581 0.9457 -0.1975
vn -0.1879 0.6874 -0.7015
vn -0.1044 0.3813 -0.9185
vn -0.0508 0.1859 -0.9812
vn -0.5311 0.7573 -0.3799
vn -0.5627 0.8025 -0.1984
vn -0.4093 0.5835 -0.7014
vn -0.2277 0.3248 -0.9179
vn -0.1099 0.1572 -0.9814
vn -0.7491 0.5430 -0.3795
vn -0.7938 0.5753 -0.1971
vn -0.5768 0.4182 -0.7017
vn -0.4316 0.3430 -0.8343
vn 0.6061 0.7954 -0.0030
vn -0.8552 0.3525 -0.3799
vn -0.9066 0.3736 -0.1959
vn -0.7493 0.3593 -0.5562
vn 0.1820 -0.0170 0.9832
vn 0.1794 -0.0742 0.9810
vn 0.3317 0.9386 0.0948
vn 0.3600 0.9326 0.0251
vn 0.5430 -0.0869 0.8352
vn 0.3650 -0.0913 0.9265
vn 0.1889 -0.0473 0.9808
vn 0.9119 -0.1437 0.3843
vn 0.9688 -0.1526 0.1952
vn 0.6963 -0.1097 0.7093
vn 0.3744 -0.0590 0.9254
vn 0.1927 -0.0304 0.9808
vn 0.9188 -0.0925 0.3836
vn 0.9758 -0.0983 0.1951
vn 0.7021 -0.0707 0.7085
vn 0.3783 -0.0381 0.9249
vn 0.1942 -0.0195 0.9807
vn 0.9217 -0.0588 0.3833
vn 0.9788 -0.0625 0.1951
vn 0.7046 -0.0450 0.7081
vn 0.3803 -0.0243 0.9245
vn 0.1948 -0.0124 0.9807
vn 0.9230 -0.0360 0.3831
vn 0.9800 -0.0382 0.1951
vn 0.7058 -0.0275 0.7078
vn 0.3813 -0.0148 0.9243
vn 0.1951 -0.0076 0.9807
vn 0.9235 -0.0200 0.3830
vn 0.9805 -0.0212 0.1951
vn 0.7064 -0.0153 0.7076
vn 0.3818 -0.0082 0.9242
vn 0.1952 -0.0042 0.9807
vn 0.9237 -0.0085 0.3829
vn 0.9807 -0.0091 0.1951
vn 0.7067 -0.0065 0.7075
vn 0.3821 -0.0035 0.9241
vn 0.1951 -0.0018 0.9807
vn 0.9238 -0.0019 0.3828
vn 0.9808 -0.0020 0.1951
vn 0.7069 -0.0014 0.7072
vn 0.3825 -0.0008 0.9239
vn 0.1952 -0.0004 0.9807
vn 0.3857 -0.0124 -0.9225
vn 0.3856 -0.0502 -0.9213
vn 0.1932 -0.0251 -0.9808
vn 0.1950 -0.0063 -0.9807
vn 0.7085 -0.0228 -0.7053
vn 0.7044 -0.0918 -0.7038
vn 0.9239 -0.0297 -0.3814
vn 0.9170 -0.1195 -0.3804
vn 0.9803 -0.0315 -0.1952
vn 0.9725 -0.1267 -0.1955
vn 0.3758 -0.1001 -0.9213
vn 0.1882 -0.0501 -0.9808
vn 0.6865 -0.1829 -0.7038
vn 0.8936 -0.2381 -0.3804
vn 0.9476 -0.2525 -0.1955
vn 0.3594 -0.1485 -0.9213
vn 0.1799 -0.0744 -0.9808
vn 0.6566 -0.2712 -0.7037
vn 0.8547 -0.3531 -0.3804
vn 0.9064 -0.3744 -0.1955
vn 0.3368 -0.1943 -0.9213
vn 0.1686 -0.0973 -0.9809
vn 0.6154 -0.3549 -0.7038
vn 0.8011 -0.4620 -0.3805
vn 0.8495 -0.4899 -0.1955
vn 0.3085 -0.2367 -0.9213
vn 0.1545 -0.1186 -0.9808
vn 0.5636 -0.4324 -0.7038
vn 0.7338 -0.5628 -0.3805
vn 0.7781 -0.5969 -0.1955
vn 0.2750 -0.2750 -0.9212
vn 0.1377 -0.1378 -0.9808
vn 0.5023 -0.5023 -0.7038
vn 0.6539 -0.6539 -0.3804
vn 0.6934 -0.6935 -0.1954
vn 0.2367 -0.3086 -0.9213
vn 0.1186 -0.1545 -0.9808
vn 0.4324 -0.5637 -0.7038
vn 0.5628 -0.7338 -0.3804
vn 0.5969 -0.7782 -0.1955
vn 0.1943 -0.3369 -0.9212
vn 0.0973 -0.1687 -0.9808
vn 0.3549 -0.6154 -0.7038
vn 0.4620 -0.8011 -0.3804
vn 0.4899 -0.8495 -0.1955
vn 0.1484 -0.3595 -0.9213
vn 0.0743 -0.1801 -0.9808
vn 0.2712 -0.6566 -0.7038
vn 0.3531 -0.8547 -0.3804
vn 0.3744 -0.9064 -0.1955
vn 0.1001 -0.3758 -0.9212
vn 0.0501 -0.1882 -0.9808
vn 0.1829 -0.6865 -0.7038
vn 0.2381 -0.8936 -0.3804
vn 0.2525 -0.9476 -0.1954
vn 0.0503 -0.3856 -0.9213
vn 0.0253 -0.1932 -0.9808
vn 0.0918 -0.7044 -0.7038
vn 0.1195 -0.9170 -0.3805
vn 0.1267 -0.9725 -0.1955
vn 0.0000 -0.3888 -0.9213
vn 0.0000 -0.7103 -0.7038
vn 0.0000 -0.9807 -0.1955
vn -0.0503 -0.3856 -0.9213
vn -0.0253 -0.1932 -0.9808
vn -0.0918 -0.7044 -0.7038
vn -0.1195 -0.9170 -0.3805
vn -0.1267 -0.9725 -0.1955
vn -0.1002 -0.3758 -0.9212
vn -0.0502 -0.1883 -0.9808
vn -0.1829 -0.6865 -0.7038
vn -0.2381 -0.8936 -0.3804
vn -0.2525 -0.9476 -0.1955
vn -0.1484 -0.3595 -0.9212
vn -0.0743 -0.1801 -0.9808
vn -0.2712 -0.6566 -0.7038
vn -0.3531 -0.8547 -0.3804
vn -0.3744 -0.9064 -0.1955
vn -0.1943 -0.3369 -0.9212
vn -0.0973 -0.1687 -0.9808
vn -0.3549 -0.6154 -0.7037
vn -0.4620 -0.8011 -0.3805
vn -0.4899 -0.8495 -0.1956
vn -0.2367 -0.3086 -0.9212
vn -0.1186 -0.1545 -0.9808
vn -0.4324 -0.5637 -0.7037
vn -0.5629 -0.7338 -0.3804
vn -0.5968 -0.7782 -0.1955
vn -0.2750 -0.2750 -0.9213
vn -0.1377 -0.1378 -0.9808
vn -0.6539 -0.6539 -0.3804
vn -0.6934 -0.6935 -0.1954
vn -0.3085 -0.2367 -0.9213
vn -0.1545 -0.1186 -0.9808
vn -0.5636 -0.4324 -0.7038
vn -0.7338 -0.5628 -0.3804
vn -0.7781 -0.5969 -0.1955
vn -0.3369 -0.1943 -0.9213
vn -0.1687 -0.0973 -0.9808
vn -0.6154 -0.3549 -0.7038
vn -0.8011 -0.4620 -0.3805
vn -0.8495 -0.4899 -0.1955
vn -0.3594 -0.1485 -0.9213
vn -0.1799 -0.0744 -0.9808
vn -0.6566 -0.2712 -0.7038
vn -0.8547 -0.3531 -0.3804
vn -0.9064 -0.3744 -0.1955
vn -0.3758 -0.1001 -0.9213
vn -0.1882 -0.0501 -0.9808
vn -0.6865 -0.1829 -0.7038
vn -0.8936 -0.2381 -0.3804
vn -0.9476 -0.2525 -0.1955
vn -0.3856 -0.0502 -0.9213
vn -0.1932 -0.0251 -0.9808
vn -0.7045 -0.0918 -0.7038
vn -0.9170 -0.1195 -0.3804
vn -0.9725 -0.1267 -0.1955
vn -0.3858 -0.0124 -0.9225
vn -0.1950 -0.0063 -0.9807
vn -0.7085 -0.0228 -0.7053
vn -0.9239 -0.0297 -0.3814
vn -0.9803 -0.0315 -0.1952
vn -0.3858 0.0124 -0.9225
vn -0.1950 0.0063 -0.9808
vn -0.7085 0.0228 -0.7053
vn -0.9239 0.0297 -0.3814
vn -0.9803 0.0315 -0.1952
vn -0.3856 0.0502 -0.9213
vn -0.1931 0.0251 -0.9808
vn -0.7044 0.0918 -0.7038
vn -0.9170 0.1195 -0.3805
vn -0.9725 0.1267 -0.1955
vn -0.3757 0.1001 -0.9213
vn -0.1882 0.0501 -0.9808
vn -0.6864 0.1829 -0.7038
vn -0.8936 0.2381 -0.3805
vn -0.9476 0.2525 -0.1955
vn -0.3595 0.1485 -0.9212
vn -0.1800 0.0744 -0.9808
vn -0.6566 0.2712 -0.7038
vn -0.8547 0.3531 -0.3805
vn -0.9064 0.3744 -0.1955
vn -0.3369 0.1943 -0.9213
vn -0.1688 0.0973 -0.9808
vn -0.6153 0.3549 -0.7038
vn -0.8011 0.4620 -0.3804
vn -0.8495 0.4899 -0.1955
vn -0.3085 0.2367 -0.9213
vn -0.1546 0.1186 -0.9808
vn -0.5636 0.4324 -0.7038
vn -0.7338 0.5629 -0.3804
vn -0.7781 0.5969 -0.1954
vn -0.2750 0.2750 -0.9213
vn -0.1378 0.1377 -0.9808
vn -0.5023 0.5023 -0.7038
vn -0.6539 0.6539 -0.3804
vn -0.6935 0.6935 -0.1954
vn -0.2368 0.3086 -0.9212
vn -0.1186 0.1545 -0.9808
vn -0.4324 0.5636 -0.7038
vn -0.5629 0.7338 -0.3804
vn -0.5969 0.7781 -0.1954
vn -0.1943 0.3369 -0.9212
vn -0.0973 0.1687 -0.9808
vn -0.3549 0.6154 -0.7038
vn -0.4620 0.8011 -0.3805
vn -0.4899 0.8495 -0.1955
vn -0.1484 0.3595 -0.9213
vn -0.0743 0.1801 -0.9808
vn -0.2712 0.6566 -0.7038
vn -0.3531 0.8547 -0.3804
vn -0.3744 0.9064 -0.1955
vn -0.1002 0.3758 -0.9213
vn -0.0502 0.1882 -0.9808
vn -0.1829 0.6865 -0.7038
vn -0.2381 0.8936 -0.3804
vn -0.2525 0.9476 -0.1955
vn -0.0503 0.3856 -0.9213
vn -0.0253 0.1932 -0.9808
vn -0.0918 0.7044 -0.7038
vn -0.1195 0.9170 -0.3805
vn -0.1267 0.9724 -0.1956
vn 0.0000 0.3888 -0.9213
vn 0.0000 0.1948 -0.9808
vn 0.0000 0.7103 -0.7038
vn 0.0000 0.9248 -0.3805
vn 0.0000 0.9807 -0.1956
vn 0.0503 0.3856 -0.9213
vn 0.0253 0.1932 -0.9808
vn 0.0918 0.7044 -0.7038
vn 0.1195 0.9170 -0.3805
vn 0.1267 0.9724 -0.1956
vn 0.1002 0.3758 -0.9213
vn 0.0502 0.1882 -0.9808
vn 0.1829 0.6865 -0.7038
vn 0.2381 0.8936 -0.3805
vn 0.2525 0.9476 -0.1956
vn 0.1485 0.3594 -0.9213
vn 0.0743 0.1801 -0.9808
vn 0.2712 0.6566 -0.7038
vn 0.3531 0.8547 -0.3804
vn 0.3744 0.9064 -0.1955
vn 0.1943 0.3369 -0.9212
vn 0.0973 0.1687 -0.9808
vn 0.3549 0.6154 -0.7038
vn 0.4620 0.8011 -0.3804
vn 0.4899 0.8495 -0.1955
vn 0.2367 0.3086 -0.9212
vn 0.1186 0.1545 -0.9808
vn 0.4323 0.5636 -0.7038
vn 0.5628 0.7338 -0.3805
vn 0.5969 0.7781 -0.1954
vn 0.2750 0.2750 -0.9213
vn 0.1377 0.1377 -0.9808
vn 0.5023 0.5023 -0.7038
vn 0.6539 0.6539 -0.3805
vn 0.6935 0.6935 -0.1954
vn 0.3086 0.2367 -0.9213
vn 0.1545 0.1186 -0.9808
vn 0.5636 0.4324 -0.7038
vn 0.7338 0.5629 -0.3804
vn 0.7781 0.5969 -0.1954
vn 0.3369 0.1943 -0.9213
vn 0.1688 0.0973 -0.9808
vn 0.6154 0.3549 -0.7038
vn 0.8011 0.4620 -0.3804
vn 0.8495 0.4899 -0.1955
vn 0.3595 0.1485 -0.9212
vn 0.1800 0.0744 -0.9808
vn 0.6566 0.2712 -0.7038
vn 0.8547 0.3531 -0.3804
vn 0.9064 0.3744 -0.1955
vn 0.3758 0.1001 -0.9213
vn 0.1882 0.0501 -0.9808
vn 0.6865 0.1829 -0.7038
vn 0.8936 0.2381 -0.3804
vn 0.9476 0.2525 -0.1955
vn 0.3856 0.0502 -0.9213
vn 0.1931 0.0251 -0.9808
vn 0.7044 0.0918 -0.7038
vn 0.9170 0.1195 -0.3804
vn 0.9725 0.1267 -0.1955
vn 0.3858 0.0124 -0.9225
vn 0.1950 0.0063 -0.9808
vn 0.7085 0.0228 -0.7053
vn 0.9239 0.0297 -0.3814
vn 0.9803 0.0315 -0.1952
vn 0.9995 -0.0322 0.0000
vn 0.9916 -0.1292 0.0000
vn 0.9663 -0.2575 0.0000
vn 0.9242 -0.3818 0.0000
vn 0.8662 -0.4996 0.0000
vn 0.7934 -0.6086 0.0000
vn 0.6086 -0.7934 0.0000
vn 0.4996 -0.8662 0.0000
vn 0.3818 -0.9242 0.0000
vn 0.2575 -0.9663 0.0000
vn 0.1292 -0.9916 0.0000
vn -0.1292 -0.9916 0.0000
vn -0.2575 -0.9663 0.0000
vn -0.3818 -0.9242 0.0000
vn -0.4996 -0.8662 0.0000
vn -0.6086 -0.7934 0.0000
vn -0.7934 -0.6086 0.0000
vn -0.8662 -0.4996 0.0000
vn -0.9242 -0.3818 0.0000
vn -0.9663 -0.2575 0.0000
vn -0.9916 -0.1292 0.0000
vn -0.9995 -0.0322 0.0000
vn -0.9995 0.0322 0.0000
vn -0.9916 0.1292 0.0000
vn -0.9663 0.2575 0.0000
vn -0.9242 0.3818 0.0000
vn -0.8662 0.4996 0.0000
vn -0.7935 0.6086 0.0000
vn -0.7071 0.7071 0.0000
vn -0.6086 0.7934 0.0000
vn -0.4996 0.8663 0.0000
vn -0.3818 0.9242 0.0000
vn -0.2575 0.9663 0.0000
vn -0.1292 0.9916 0.0000
vn 0.0000 1.0000 0.0000
vn 0.1292 0.9916 0.0000
vn 0.2575 0.9663 0.0000
vn 0.3818 0.9242 0.0000
vn 0.4996 0.8663 0.0000
vn 0.6086 0.7934 0.0000
vn 0.7071 0.7071 0.0000
vn 0.7935 0.6086 0.0000
vn 0.8662 0.4996 0.0000
vn 0.9242 0.3818 0.0000
vn 0.9663 0.2575 0.0000
vn 0.9916 0.1292 0.0000
vn 0.9995 0.0322 0.0000
vn 0.9239 -0.0297 0.3814
vn 0.9170 -0.1195 0.3805
vn 0.9725 -0.1267 0.1955
vn 0.9803 -0.0315 0.1952
vn 0.7085 -0.0228 0.7053
vn 0.7044 -0.0918 0.7038
vn 0.3858 -0.0124 0.9225
vn 0.3857 -0.0502 0.9212
vn 0.1951 -0.0063 0.9807
vn 0.1932 -0.0251 0.9808
vn 0.8936 -0.2381 0.3804
vn 0.9476 -0.2525 0.1955
vn 0.6865 -0.1829 0.7038
vn 0.3759 -0.1001 0.9212
vn 0.1883 -0.0501 0.9808
vn 0.8547 -0.3531 0.3804
vn 0.9064 -0.3744 0.1955
vn 0.6566 -0.2712 0.7038
vn 0.3595 -0.1485 0.9212
vn 0.1801 -0.0744 0.9808
vn 0.8011 -0.4620 0.3804
vn 0.8495 -0.4899 0.1955
vn 0.6154 -0.3549 0.7038
vn 0.3370 -0.1943 0.9212
vn 0.1688 -0.0973 0.9808
vn 0.7338 -0.5629 0.3805
vn 0.7781 -0.5969 0.1955
vn 0.5636 -0.4324 0.7038
vn 0.3086 -0.2367 0.9212
vn 0.1547 -0.1186 0.9808
vn 0.6934 -0.6934 0.1954
vn 0.2750 -0.2750 0.9212
vn 0.5629 -0.7338 0.3804
vn 0.5969 -0.7781 0.1954
vn 0.4323 -0.5637 0.7038
vn 0.2367 -0.3086 0.9212
vn 0.1186 -0.1545 0.9808
vn 0.4620 -0.8011 0.3805
vn 0.4900 -0.8495 0.1955
vn 0.3549 -0.6154 0.7038
vn 0.1943 -0.3369 0.9213
vn 0.0973 -0.1687 0.9808
vn 0.3531 -0.8547 0.3804
vn 0.3744 -0.9064 0.1955
vn 0.2712 -0.6566 0.7038
vn 0.1485 -0.3595 0.9212
vn 0.0743 -0.1801 0.9808
vn 0.2381 -0.8936 0.3804
vn 0.2525 -0.9476 0.1954
vn 0.1829 -0.6864 0.7038
vn 0.1001 -0.3758 0.9213
vn 0.0501 -0.1882 0.9808
vn 0.1195 -0.9170 0.3805
vn 0.1267 -0.9725 0.1955
vn 0.0918 -0.7044 0.7038
vn 0.0503 -0.3856 0.9213
vn 0.0252 -0.1932 0.9808
vn 0.0000 -0.9807 0.1955
vn 0.0000 -0.7103 0.7038
vn 0.0000 -0.3888 0.9213
vn 0.0001 -0.1948 0.9808
vn -0.1195 -0.9170 0.3805
vn -0.1267 -0.9725 0.1955
vn -0.0918 -0.7044 0.7038
vn -0.0502 -0.3856 0.9213
vn -0.0251 -0.1932 0.9808
vn -0.2381 -0.8936 0.3804
vn -0.2525 -0.9476 0.1955
vn -0.1829 -0.6865 0.7038
vn -0.1001 -0.3758 0.9212
vn -0.0501 -0.1883 0.9808
vn -0.3531 -0.8547 0.3804
vn -0.3744 -0.9064 0.1955
vn -0.2713 -0.6566 0.7038
vn -0.1485 -0.3595 0.9212
vn -0.0744 -0.1801 0.9808
vn -0.4620 -0.8011 0.3805
vn -0.4900 -0.8495 0.1956
vn -0.3549 -0.6154 0.7038
vn -0.1943 -0.3369 0.9212
vn -0.0974 -0.1687 0.9808
vn -0.5629 -0.7338 0.3804
vn -0.5969 -0.7781 0.1955
vn -0.4323 -0.5637 0.7038
vn -0.2367 -0.3086 0.9212
vn -0.1186 -0.1545 0.9808
vn -0.6539 -0.6540 0.3804
vn -0.6934 -0.6935 0.1954
vn -0.2751 -0.2750 0.9212
vn -0.1379 -0.1378 0.9808
vn -0.7337 -0.5629 0.3805
vn -0.7781 -0.5969 0.1955
vn -0.5636 -0.4324 0.7038
vn -0.3086 -0.2367 0.9212
vn -0.1546 -0.1186 0.9808
vn -0.8011 -0.4620 0.3805
vn -0.8495 -0.4899 0.1956
vn -0.6154 -0.3549 0.7038
vn -0.3369 -0.1943 0.9213
vn -0.1687 -0.0973 0.9808
vn -0.8547 -0.3531 0.3804
vn -0.9064 -0.3744 0.1955
vn -0.6566 -0.2712 0.7038
vn -0.3594 -0.1485 0.9213
vn -0.1800 -0.0744 0.9808
vn -0.8936 -0.2381 0.3804
vn -0.9476 -0.2525 0.1955
vn -0.6865 -0.1829 0.7038
vn -0.3758 -0.1001 0.9213
vn -0.1882 -0.0501 0.9808
vn -0.9170 -0.1195 0.3804
vn -0.9725 -0.1267 0.1955
vn -0.7045 -0.0918 0.7038
vn -0.3857 -0.0502 0.9212
vn -0.1932 -0.0251 0.9808
vn -0.9239 -0.0297 0.3814
vn -0.9803 -0.0315 0.1952
vn -0.7085 -0.0228 0.7053
vn -0.3858 -0.0124 0.9225
vn -0.1951 -0.0063 0.9807
vn -0.9239 0.0297 0.3814
vn -0.9802 0.0315 0.1952
vn -0.7085 0.0228 0.7053
vn -0.3858 0.0124 0.9225
vn -0.1950 0.0063 0.9808
vn -0.9170 0.1195 0.3804
vn -0.9725 0.1267 0.1955
vn -0.7045 0.0918 0.7038
vn -0.3857 0.0502 0.9213
vn -0.1932 0.0251 0.9808
vn -0.8936 0.2381 0.3804
vn -0.9476 0.2525 0.1954
vn -0.6865 0.1829 0.7038
vn -0.3758 0.1001 0.9212
vn -0.1882 0.0501 0.9808
vn -0.8547 0.3531 0.3804
vn -0.9064 0.3744 0.1955
vn -0.6566 0.2712 0.7038
vn -0.3595 0.1485 0.9212
vn -0.1800 0.0744 0.9808
vn -0.8011 0.4620 0.3805
vn -0.8495 0.4899 0.1955
vn -0.6153 0.3549 0.7038
vn -0.3369 0.1943 0.9212
vn -0.1688 0.0973 0.9808
vn -0.7338 0.5629 0.3804
vn -0.7781 0.5969 0.1954
vn -0.5636 0.4324 0.7038
vn -0.3086 0.2367 0.9212
vn -0.1546 0.1186 0.9808
vn -0.6540 0.6539 0.3804
vn -0.6934 0.6935 0.1954
vn -0.5024 0.5023 0.7038
vn -0.2750 0.2750 0.9212
vn -0.1378 0.1377 0.9808
vn -0.5629 0.7338 0.3804
vn -0.5969 0.7781 0.1954
vn -0.4324 0.5636 0.7038
vn -0.2367 0.3086 0.9212
vn -0.1186 0.1545 0.9808
vn -0.4620 0.8011 0.3805
vn -0.4899 0.8495 0.1955
vn -0.3549 0.6154 0.7038
vn -0.1943 0.3369 0.9212
vn -0.0973 0.1687 0.9808
vn -0.3530 0.8547 0.3804
vn -0.3744 0.9064 0.1955
vn -0.2712 0.6566 0.7038
vn -0.1485 0.3595 0.9212
vn -0.0743 0.1800 0.9808
vn -0.2381 0.8936 0.3804
vn -0.2525 0.9476 0.1955
vn -0.1829 0.6865 0.7038
vn -0.1001 0.3758 0.9213
vn -0.0501 0.1882 0.9808
vn -0.1195 0.9170 0.3805
vn -0.1267 0.9724 0.1956
vn -0.0918 0.7044 0.7038
vn -0.0502 0.3856 0.9213
vn -0.0251 0.1932 0.9808
vn 0.0000 0.9248 0.3805
vn 0.0000 0.9807 0.1956
vn 0.0000 0.7104 0.7038
vn 0.0000 0.3888 0.9213
vn 0.0000 0.1948 0.9808
vn 0.1195 0.9170 0.3805
vn 0.1267 0.9724 0.1956
vn 0.0918 0.7045 0.7038
vn 0.0502 0.3857 0.9213
vn 0.0251 0.1932 0.9808
vn 0.2381 0.8936 0.3805
vn 0.2525 0.9476 0.1956
vn 0.1829 0.6865 0.7038
vn 0.1001 0.3758 0.9213
vn 0.0501 0.1882 0.9808
vn 0.3531 0.8547 0.3804
vn 0.3744 0.9064 0.1955
vn 0.2712 0.6566 0.7038
vn 0.1485 0.3594 0.9213
vn 0.0744 0.1800 0.9808
vn 0.4620 0.8011 0.3805
vn 0.4900 0.8495 0.1955
vn 0.3549 0.6154 0.7038
vn 0.1943 0.3369 0.9212
vn 0.0974 0.1687 0.9808
vn 0.5629 0.7337 0.3804
vn 0.5969 0.7781 0.1954
vn 0.4324 0.5636 0.7038
vn 0.2367 0.3086 0.9212
vn 0.1186 0.1545 0.9808
vn 0.6540 0.6539 0.3804
vn 0.6934 0.6935 0.1954
vn 0.5024 0.5023 0.7038
vn 0.2751 0.2750 0.9212
vn 0.1378 0.1377 0.9808
vn 0.7338 0.5629 0.3805
vn 0.7781 0.5969 0.1954
vn 0.5636 0.4324 0.7038
vn 0.3087 0.2367 0.9212
vn 0.1547 0.1186 0.9808
vn 0.8011 0.4620 0.3804
vn 0.8495 0.4899 0.1955
vn 0.6154 0.3549 0.7038
vn 0.3369 0.1943 0.9212
vn 0.1688 0.0973 0.9808
vn 0.8547 0.3531 0.3804
vn 0.9064 0.3744 0.1955
vn 0.6566 0.2712 0.7038
vn 0.3595 0.1485 0.9212
vn 0.1800 0.0744 0.9808
vn 0.8936 0.2381 0.3804
vn 0.9476 0.2525 0.1955
vn 0.6864 0.1829 0.7038
vn 0.3758 0.1001 0.9213
vn 0.1882 0.0501 0.9808
vn 0.9170 0.1195 0.3805
vn 0.9725 0.1267 0.1955
vn 0.7045 0.0918 0.7038
vn 0.3857 0.0502 0.9213
vn 0.1932 0.0251 0.9808
vn 0.9239 0.0297 0.3814
vn 0.9802 0.0316 0.1952
vn 0.7085 0.0228 0.7053
vn 0.3858 0.0124 0.9225
vn 0.1950 0.0063 0.9808
f 1/1/1 2/2/1 3/3/1 4/4/1
f 5/5/2 6/6/2 7/7/2 8/8/2
f 6/6/3 9/9/3 10/10/3 7/7/3
f 9/9/4 11/11/4 12/12/4 10/10/4
f 1/1/1 4/4/1 13/13/1 14/14/1 15/15/1 16/16/1
f 17/17/1 1/1/1 16/16/1 18/18/1
f 19/19/5 17/17/5 18/18/5 20/20/5 21/21/5 22/22/5
f 23/23/6 24/24/6 25/25/6 26/26/6
f 24/24/7 21/21/7 20/20/7 27/27/7 28/28/7 25/25/7
f 27/27/8 29/29/8 30/30/8 28/28/8
f 31/31/9 32/32/9 33/33/9 34/34/9 15/15/9 14/14/9
f 3/3/10 2/2/10 35/35/10 36/36/10
f 37/37/1 38/38/1 39/39/1 40/40/1
f 41/41/11 42/42/11 43/43/11 44/44/11
f 40/40/12 45/45/12 46/46/12 47/47/12
f 45/45/1 48/48/1 1/1/1 17/17/1
f 4/4/1 49/49/1 50/50/1 19/19/1
f 50/50/13 37/37/13 51/51/13 52/52/13
f 53/53/14 54/54/14 55/55/14 56/56/14
f 37/37/15 40/40/15 47/47/15 51/51/15
f 3/3/1 57/57/1 4/4/1
f 57/57/1 58/58/1 4/4/1
f 58/58/1 59/59/1 4/4/1
f 59/59/1 60/60/1 4/4/1
f 60/60/1 61/61/1 4/4/1
f 61/61/1 62/62/1 4/4/1
f 62/62/1 63/63/1 4/4/1
f 63/63/1 64/64/1 4/4/1
f 64/64/1 65/65/1 4/4/1
f 65/65/1 49/49/1 4/4/1
f 48/48/1 66/66/1 1/1/1
f 66/66/1 67/67/1 1/1/1
f 67/67/1 68/68/1 1/1/1
f 68/68/1 69/69/1 1/1/1
f 69/69/1 70/70/1 1/1/1
f 70/70/1 71/71/1 1/1/1
f 71/71/1 72/72/1 1/1/1
f 72/72/1 73/73/1 1/1/1
f 73/73/1 74/74/1 1/1/1
f 74/74/1 2/2/1 1/1/1
f 48/48/16 39/39/16 75/75/16 66/66/16
f 66/66/17 75/75/17 76/76/17 67/67/17
f 67/67/18 76/76/18 77/77/18 68/68/18
f 68/68/19 77/77/19 78/78/19 69/69/19
f 69/69/20 78/78/20 79/79/20 70/70/20
f 70/70/21 79/79/21 80/80/21 71/71/21
f 71/71/22 80/80/22 81/81/22 72/72/22
f 72/72/23 81/81/23 82/82/23 73/73/23
f 73/73/24 82/82/24 83/83/24 74/74/24
f 74/74/25 83/83/25 35/35/25 2/2/25
f 38/38/26 49/49/26 65/65/26 84/84/26
f 84/84/27 65/65/27 64/64/27 85/85/27
f 85/85/28 64/64/28 63/63/28 86/86/28
f 86/86/29 63/63/29 62/62/29 87/87/29
f 87/87/30 62/62/30 61/61/30 88/88/30
f 88/88/31 61/61/31 60/60/31 89/89/31
f 89/89/32 60/60/32 59/59/32 90/90/32
f 90/90/33 59/59/33 58/58/33 91/91/33
f 91/91/34 58/58/34 57/57/34 92/92/34
f 92/92/35 57/57/35 3/3/35 36/36/35
f 50/50/36 49/49/36 38/38/36 37/37/36
f 39/39/1 38/38/1 84/84/1 75/75/1
f 75/75/1 84/84/1 85/85/1 76/76/1
f 76/76/1 85/85/1 86/86/1 77/77/1
f 77/77/1 86/86/1 87/87/1 78/78/1
f 78/78/1 87/87/1 88/88/1 79/79/1
f 79/79/1 88/88/1 89/89/1 80/80/1
f 80/80/1 89/89/1 90/90/1 81/81/1
f 81/81/1 90/90/1 91/91/1 82/82/1
f 82/82/1 91/91/1 92/92/1 83/83/1
f 83/83/1 92/92/1 36/36/1 35/35/1
f 93/93/37 94/94/37 95/95/37 96/96/37
f 97/97/38 98/98/38 99/99/38 100/100/38
f 101/101/39 102/102/39 103/103/39 104/104/39 45/45/39 40/40/39
f 105/105/39 98/98/39 97/97/39 106/106/39 39/39/39 48/48/39
f 107/107/40 108/108/40 109/109/40 110/110/40
f 104/104/39 94/94/39 93/93/39 105/105/39 48/48/39 45/45/39
f 106/106/39 108/108/39 107/107/39 101/101/39 40/40/39 39/39/39
f 52/52/41 51/51/41 111/111/41 112/112/41
f 112/112/42 111/111/42 113/113/42 114/114/42
f 114/114/43 113/113/43 115/115/43 116/116/43
f 116/116/44 115/115/44 117/117/44 118/118/44
f 118/118/45 117/117/45 55/55/45 54/54/45
f 47/47/46 46/46/46 119/119/46 120/120/46
f 120/120/47 119/119/47 121/121/47 122/122/47
f 122/122/48 121/121/48 123/123/48 124/124/48
f 124/124/49 123/123/49 125/125/49 126/126/49
f 126/126/50 125/125/50 53/53/50 56/56/50
f 45/127/51 50/128/51 52/129/51 112/130/51 114/131/51 116/132/51 118/133/51 54/134/51 53/135/51 125/136/51 123/137/51 121/138/51 119/139/51 46/140/51
f 51/51/15 47/47/15 120/120/15 111/111/15
f 111/111/15 120/120/15 122/122/15 113/113/15
f 113/113/15 122/122/15 124/124/15 115/115/15
f 115/115/15 124/124/15 126/126/15 117/117/15
f 117/117/15 126/126/15 56/56/15 55/55/15
f 118/141/52 116/142/52 19/19/52
f 46/143/53 119/144/53 17/17/53
f 52/52/54 50/50/54 19/19/54
f 114/114/55 112/145/55 19/19/55
f 53/146/56 54/54/56 19/19/56 17/17/56
f 123/147/57 125/148/57 17/17/57
f 54/54/58 118/141/58 19/19/58
f 119/144/53 121/149/53 17/17/53
f 116/142/52 114/114/52 19/19/52
f 112/145/55 52/52/55 19/19/55
f 125/148/58 53/146/58 17/17/58
f 121/149/53 123/147/53 17/17/53
f 45/45/53 46/143/53 17/17/53
f 103/103/59 127/150/59 104/104/59
f 127/150/39 128/151/39 104/104/39
f 128/151/39 129/152/39 104/104/39
f 129/152/39 130/153/39 104/104/39
f 130/153/59 94/94/59 104/104/59
f 107/107/39 131/154/39 101/101/39
f 131/154/39 132/155/39 101/101/39
f 132/155/39 133/156/39 101/101/39
f 133/156/39 134/157/39 101/101/39
f 134/157/60 102/102/60 101/101/60
f 93/93/39 135/158/39 105/105/39
f 135/158/39 136/159/39 105/105/39
f 136/159/39 137/160/39 105/105/39
f 137/160/59 138/161/59 105/105/59
f 138/161/59 98/98/59 105/105/59
f 97/97/61 139/162/61 106/106/61
f 139/162/39 140/163/39 106/106/39
f 140/163/39 141/164/39 106/106/39
f 141/164/39 142/165/39 106/106/39
f 142/165/59 108/108/59 106/106/59
f 93/93/62 96/96/62 143/166/62 135/158/62
f 135/158/63 143/166/63 144/167/63 136/159/63
f 136/159/64 144/167/64 145/168/64 137/160/64
f 137/160/65 145/168/65 146/169/65 138/161/65
f 138/161/66 146/169/66 99/99/66 98/98/66
f 109/109/67 108/108/67 142/165/67 147/170/67
f 147/170/68 142/165/68 141/164/68 148/171/68
f 148/171/69 141/164/69 140/163/69 149/172/69
f 149/172/70 140/163/70 139/162/70 150/173/70
f 150/173/71 139/162/71 97/97/71 100/100/71
f 103/103/72 151/174/72 152/175/72 127/150/72
f 127/150/73 152/175/73 153/176/73 128/151/73
f 128/151/74 153/176/74 154/177/74 129/152/74
f 129/152/75 154/177/75 155/178/75 130/153/75
f 130/153/76 155/178/76 95/95/76 94/94/76
f 107/107/77 110/110/77 156/179/77 131/154/77
f 131/154/78 156/179/78 157/180/78 132/155/78
f 132/155/79 157/180/79 158/181/79 133/156/79
f 133/156/80 158/181/80 159/182/80 134/157/80
f 134/157/81 159/182/81 160/183/81 102/102/81
f 103/103/82 102/102/82 160/183/82 151/174/82
f 42/42/11 143/166/11 96/96/11
f 42/42/11 144/167/11 143/166/11
f 42/42/11 145/168/11 144/167/11
f 42/42/11 146/169/11 145/168/11
f 42/42/11 99/99/11 146/169/11
f 41/41/11 109/109/11 147/170/11
f 41/41/11 147/170/11 148/171/11
f 41/41/11 148/171/11 149/172/11
f 41/41/11 149/172/11 150/173/11
f 41/41/11 150/173/11 100/100/11
f 43/43/11 152/175/11 151/174/11
f 43/43/11 153/176/11 152/175/11
f 43/43/11 154/177/11 153/176/11
f 43/43/11 155/178/11 154/177/11
f 43/43/11 95/95/11 155/178/11
f 44/44/11 156/179/11 110/110/11
f 44/44/11 157/180/11 156/179/11
f 44/44/11 158/181/11 157/180/11
f 44/44/11 159/182/11 158/181/11
f 44/44/11 160/183/11 159/182/11
f 44/44/11 43/43/11 151/174/11 160/183/11
f 43/43/11 42/42/11 96/96/11 95/95/11
f 41/41/11 44/44/11 110/110/11 109/109/11
f 42/42/11 41/41/11 100/100/11 99/99/11
f 13/13/83 161/184/83 14/14/83
f 161/184/84 162/185/84 14/14/84
f 162/185/85 163/186/85 14/14/85
f 163/186/86 164/187/86 14/14/86
f 164/187/87 23/23/87 14/14/87
f 24/24/88 165/188/88 21/21/88
f 165/188/89 166/189/89 21/21/89
f 166/189/90 167/190/90 21/21/90
f 167/190/91 168/191/91 21/21/91
f 168/191/92 22/22/92 21/21/92
f 18/18/93 169/192/93 20/20/93
f 169/192/94 170/193/94 20/20/94
f 170/193/95 171/194/95 20/20/95
f 171/194/96 172/195/96 20/20/96
f 172/195/97 27/27/97 20/20/97
f 29/29/98 173/196/98 15/15/98
f 173/196/99 174/197/99 15/15/99
f 174/197/100 175/198/100 15/15/100
f 175/198/101 176/199/101 15/15/101
f 176/199/102 16/16/102 15/15/102
f 13/13/83 22/22/83 168/191/83 161/184/83
f 161/184/103 168/191/103 167/190/103 162/185/103
f 162/185/104 167/190/104 166/189/104 163/186/104
f 163/186/105 166/189/105 165/188/105 164/187/105
f 164/187/106 165/188/106 24/24/106 23/23/106
f 18/18/102 16/16/102 176/199/102 169/192/102
f 169/192/107 176/199/107 175/198/107 170/193/107
f 170/193/108 175/198/108 174/197/108 171/194/108
f 171/194/109 174/197/109 173/196/109 172/195/109
f 172/195/110 173/196/110 29/29/110 27/27/110
f 4/4/1 19/19/1 22/22/1 13/13/1
f 26/26/1 177/200/1 178/201/1 30/30/1
f 28/28/1 179/202/1 180/203/1 25/25/1
f 30/30/1 178/201/1 179/202/1 28/28/1
f 25/25/1 180/203/1 177/200/1 26/26/1
f 181/204/111 182/205/111 183/206/111 184/207/111
f 33/33/112 32/32/112 185/208/112 186/209/112
f 187/210/113 188/211/113 189/212/113 190/213/113
f 191/214/9 192/215/9 193/216/9 194/217/9 26/26/9 30/30/9
f 34/34/9 195/218/9 29/29/9 15/15/9
f 31/31/9 14/14/9 23/23/9
f 194/217/9 182/205/9 181/204/9 31/31/9 23/23/9 26/26/9
f 195/218/9 196/219/9 197/220/9 191/214/9 30/30/9 29/29/9
f 197/220/114 196/219/114 198/221/114 199/222/114
f 193/216/115 200/223/115 194/217/115
f 200/223/9 201/224/9 194/217/9
f 201/224/9 202/225/9 194/217/9
f 202/225/9 182/205/9 194/217/9
f 197/220/116 203/226/116 191/214/116
f 203/226/116 204/227/116 191/214/116
f 204/227/9 205/228/9 191/214/9
f 205/228/117 192/215/117 191/214/117
f 181/204/9 206/229/9 31/31/9
f 33/33/9 207/230/9 34/34/9
f 197/220/118 199/222/118 208/231/118 203/226/118
f 203/226/119 208/231/119 209/232/119 204/227/119
f 204/227/120 209/232/120 210/233/120 205/228/120
f 205/228/121 210/233/121 211/234/121 192/215/121
f 183/206/122 182/205/122 202/225/122 212/235/122
f 212/235/123 202/225/123 201/224/123 213/236/123
f 213/236/124 201/224/124 200/223/124 214/237/124
f 214/237/125 200/223/125 193/216/125 215/238/125
f 185/208/126 32/32/126 216/239/126 217/240/126
f 217/240/127 216/239/127 218/241/127 219/242/127
f 219/242/128 218/241/128 206/229/128 220/243/128
f 220/243/129 206/229/129 181/204/129 184/207/129
f 198/221/130 196/219/130 221/244/130 222/245/130
f 222/245/131 221/244/131 223/246/131 224/247/131
f 224/247/132 223/246/132 207/230/132 225/248/132
f 225/248/133 207/230/133 33/33/133 186/209/133
f 193/216/134 192/215/134 211/234/134 215/238/134
f 31/31/9 216/239/9 32/32/9
f 31/31/9 218/241/9 216/239/9
f 31/31/9 206/229/9 218/241/9
f 195/218/117 221/244/117 196/219/117
f 34/34/116 223/246/116 221/244/116 195/218/116
f 34/34/9 207/230/9 223/246/9
f 187/210/135 208/231/135 199/222/135
f 187/210/136 209/232/136 208/231/136
f 187/210/136 210/233/136 209/232/136
f 187/210/136 211/234/136 210/233/136
f 190/213/137 183/206/137 212/235/137
f 190/213/137 212/235/137 213/236/137
f 190/213/113 213/236/113 214/237/113
f 190/213/138 214/237/138 215/238/138
f 189/212/138 185/208/138 217/240/138
f 189/212/138 217/240/138 219/242/138
f 189/212/138 219/242/138 220/243/138
f 189/212/138 220/243/138 184/207/138
f 188/211/139 198/221/139 222/245/139
f 188/211/140 222/245/140 224/247/140
f 188/211/140 224/247/140 225/248/140
f 188/211/140 225/248/140 186/209/140
f 187/210/141 190/213/141 215/238/141 211/234/141
f 190/213/138 189/212/138 184/207/138 183/206/138
f 188/211/135 187/210/135 199/222/135 198/221/135
f 189/212/113 188/211/113 186/209/113 185/208/113
f 177/200/142 180/203/142 226/249/142 227/250/142
f 227/250/143 226/249/143 228/251/143 229/252/143
f 229/252/144 228/251/144 230/253/144 231/254/144
f 231/254/145 230/253/145 232/255/145 233/256/145
f 233/256/146 232/255/146 5/5/146 11/11/146
f 180/203/147 179/202/147 234/257/147 226/249/147
f 226/249/148 234/257/148 235/258/148 228/251/148
f 228/251/149 235/258/149 236/259/149 230/253/149
f 230/253/150 236/259/150 237/260/150 232/255/150
f 232/255/151 237/260/151 6/6/151 5/5/151
f 179/202/152 178/201/152 238/261/152 234/257/152
f 234/257/153 238/261/153 239/262/153 235/258/153
f 235/258/154 239/262/154 240/263/154 236/259/154
f 236/259/155 240/263/155 241/264/155 237/260/155
f 237/260/156 241/264/156 9/9/156 6/6/156
f 178/201/157 177/200/157 227/250/157 238/261/157
f 238/261/158 227/250/158 229/252/158 239/262/158
f 239/262/159 229/252/159 231/254/159 240/263/159
f 240/263/160 231/254/160 233/256/160 241/264/160
f 241/264/161 233/256/161 11/11/161 9/9/161
f 11/11/162 5/5/162 8/8/162 12/12/162
f 242/265/1 243/266/1 244/267/1 245/268/1
f 242/265/1 246/269/1 247/270/1 243/266/1
f 245/268/1 248/271/1 246/269/1 242/265/1
f 244/267/1 249/272/1 248/271/1 245/268/1
f 243/266/1 247/270/1 249/272/1 244/267/1
f 250/273/162 251/274/162 252/275/162 253/276/162
f 254/277/3 255/278/3 256/279/3 257/280/3
f 258/281/4 259/282/4 260/283/4 261/284/4
f 262/285/2 263/286/2 264/287/2 265/288/2
f 247/289/162 246/290/162 251/274/162 250/273/162
f 249/291/4 247/292/4 250/293/4 255/294/4
f 246/295/2 248/296/2 254/297/2 251/298/2
f 248/299/3 249/300/3 255/278/3 254/277/3
f 260/301/57 265/302/57 253/303/57 252/304/57
f 261/305/57 260/301/57 252/304/57 257/306/57
f 264/307/57 261/305/57 257/306/57 256/308/57
f 265/302/57 264/307/57 256/308/57 253/303/57
f 263/309/162 258/310/162 261/311/162 264/312/162
f 259/313/3 262/314/3 265/315/3 260/316/3
f 255/294/4 250/293/4 253/317/4 256/318/4
f 251/298/2 254/297/2 257/319/2 252/320/2
f 259/321/57 258/322/57 263/323/57 262/324/57
f 266/325/163 267/326/163 268/327/163 269/328/163
f 270/329/163 266/325/163 269/328/163 271/330/163
f 272/331/163 273/332/163 266/325/163 270/329/163
f 273/332/163 274/333/163 267/326/163 266/325/163
f 275//164 276//164 277//164
f 278//164 276//164 275//164
f 278//164 279//164 276//164
f 280//164 279//164 278//164
f 280//164 281//164 279//164
f 282//164 281//164 280//164
f 282//164 283//164 281//164
f 284//164 283//164 282//164
f 284//164 285//164 283//164
f 286//164 285//164 284//164
f 286//164 287//164 285//164
f 288//164 287//164 286//164
f 288//164 289//164 287//164
f 290//164 289//164 288//164
f 290//164 291//164 289//164
f 292//164 291//164 290//164
f 292//164 293//164 291//164
f 294//164 293//164 292//164
f 294//164 295//164 293//164
f 296//164 295//164 294//164
f 296//164 297//164 295//164
f 298//164 297//164 296//164
f 298//164 299//164 297//164
f 300//164 299//164 298//164
f 300//164 301//164 299//164
f 302//164 301//164 300//164
f 302//164 303//164 301//164
f 304//164 303//164 302//164
f 304//164 305//164 303//164
f 306//164 305//164 304//164
f 306//164 307//164 305//164
f 308//164 307//164 306//164
f 308//164 309//164 307//164
f 310//164 309//164 308//164
f 310//164 311//164 309//164
f 312//164 311//164 310//164
f 312//164 313//164 311//164
f 314//164 313//164 312//164
f 314//164 315//164 313//164
f 316//164 315//164 314//164
f 316//164 317//164 315//164
f 318//164 317//164 316//164
f 318//164 319//164 317//164
f 320//164 319//164 318//164
f 320//164 321//164 319//164
f 322//164 321//164 320//164
f 322//164 323//164 321//164
f 324//164 323//164 322//164
f 325//164 326//164 327//164
f 328//164 329//164 330//164
f 331//165 329//165 328//165
f 325//166 332//166 326//166
f 333//166 329//166 331//166
f 325//167 334//167 332//167
f 333//167 335//167 329//167
f 336//166 334//166 325//166
f 337//164 335//164 333//164
f 336//164 338//164 334//164
f 339//164 335//164 337//164
f 336//164 340//164 338//164
f 339//164 341//164 335//164
f 342//164 340//164 336//164
f 343//164 341//164 339//164
f 342//166 344//166 340//166
f 345//164 341//164 343//164
f 342//168 346//168 344//168
f 345//164 347//164 341//164
f 348//164 346//164 342//164
f 349//164 347//164 345//164
f 348//164 350//164 346//164
f 351//164 347//164 349//164
f 348//164 352//164 350//164
f 351//164 353//164 347//164
f 354//164 352//164 348//164
f 355//164 353//164 351//164
f 354//164 356//164 352//164
f 357//164 353//164 355//164
f 354//164 358//164 356//164
f 357//164 359//164 353//164
f 360//164 358//164 354//164
f 361//164 359//164 357//164
f 360//164 362//164 358//164
f 361//164 363//164 359//164
f 364//164 362//164 360//164
f 364//164 365//164 362//164
f 366//164 363//164 361//164
f 366//164 367//164 363//164
f 368//164 365//164 364//164
f 366//164 369//164 367//164
f 370//164 365//164 368//164
f 370//164 371//164 365//164
f 372//164 369//164 366//164
f 372//168 373//168 369//168
f 374//164 371//164 370//164
f 372//164 375//164 373//164
f 376//164 371//164 374//164
f 372//164 377//164 375//164
f 378//164 371//164 376//164
f 379//164 371//164 378//164
f 372//164 380//164 377//164
f 372//164 381//164 380//164
f 382//164 371//164 379//164
f 382//164 383//164 371//164
f 384//164 381//164 372//164
f 384//164 385//164 381//164
f 386//164 383//164 382//164
f 384//164 387//164 385//164
f 388//164 383//164 386//164
f 384//164 389//164 387//164
f 390//168 383//168 388//168
f 384//164 391//164 389//164
f 392//164 383//164 390//164
f 384//164 393//164 391//164
f 394//164 383//164 392//164
f 394//164 395//164 383//164
f 396//164 393//164 384//164
f 396//164 397//164 393//164
f 398//164 395//164 394//164
f 396//164 399//164 397//164
f 400//164 395//164 398//164
f 396//164 401//164 399//164
f 402//164 395//164 400//164
f 402//164 403//164 395//164
f 404//164 401//164 396//164
f 404//164 405//164 401//164
f 406//164 403//164 402//164
f 404//164 407//164 405//164
f 408//164 403//164 406//164
f 409//164 410//164 408//164
f 410//169 411//169 408//169
f 411//170 412//170 408//170
f 412//171 413//171 408//171
f 413//164 403//164 408//164
f 404//164 414//164 407//164
f 414//172 415//172 407//172
f 415//173 416//173 407//173
f 416//174 417//174 407//174
f 417//164 418//164 407//164
f 413//164 419//164 403//164
f 419//164 420//164 403//164
f 421//164 422//164 404//164
f 422//164 414//164 404//164
f 419//164 423//164 420//164
f 423//164 424//164 420//164
f 425//164 426//164 421//164
f 426//175 422//175 421//175
f 423//164 427//164 424//164
f 427//176 428//176 424//176
f 428//164 429//164 424//164
f 430//164 431//164 425//164
f 431//164 432//164 425//164
f 432//164 426//164 425//164
f 430//177 433//177 431//177
f 434//164 429//164 428//164
f 430//166 435//166 433//166
f 436//164 429//164 434//164
f 430//168 437//168 435//168
f 438//178 429//178 436//178
f 430//165 439//165 437//165
f 440//164 429//164 438//164
f 430//179 441//179 439//179
f 442//164 429//164 440//164
f 430//168 443//168 441//168
f 444//165 429//165 442//165
f 409//180 445//180 410//180
f 446//164 418//164 417//164
f 430//164 447//164 443//164
f 448//164 429//164 444//164
f 409//181 449//181 445//181
f 450//164 418//164 446//164
f 430//164 451//164 447//164
f 452//164 429//164 448//164
f 409//182 453//182 449//182
f 454//164 418//164 450//164
f 430//164 455//164 451//164
f 456//164 429//164 452//164
f 409//183 457//183 453//183
f 458//164 418//164 454//164
f 430//164 459//164 455//164
f 460//164 429//164 456//164
f 409//164 461//164 457//164
f 462//164 418//164 458//164
f 430//164 463//164 459//164
f 464//164 429//164 460//164
f 409//184 465//184 461//184
f 466//164 418//164 462//164
f 467//164 429//164 464//164
f 430//164 468//164 463//164
f 467//164 469//164 429//164
f 470//164 468//164 430//164
f 409//164 471//164 465//164
f 472//164 418//164 466//164
f 473//164 469//164 467//164
f 470//164 474//164 468//164
f 475//164 469//164 473//164
f 470//164 476//164 474//164
f 475//164 477//164 469//164
f 478//164 476//164 470//164
f 478//164 479//164 476//164
f 480//164 477//164 475//164
f 480//164 481//164 477//164
f 482//164 479//164 478//164
f 482//164 483//164 479//164
f 484//164 481//164 480//164
f 484//164 485//164 481//164
f 486//164 483//164 482//164
f 486//164 487//164 483//164
f 488//164 485//164 484//164
f 488//164 489//164 485//164
f 490//164 487//164 486//164
f 490//164 491//164 487//164
f 492//164 489//164 488//164
f 493//164 491//164 490//164
f 492//164 494//164 489//164
f 495//164 491//164 493//164
f 492//164 496//164 494//164
f 497//164 491//164 495//164
f 492//164 498//164 496//164
f 499//164 491//164 497//164
f 492//164 500//164 498//164
f 501//164 491//164 499//164
f 492//164 502//164 500//164
f 501//164 503//164 491//164
f 504//164 502//164 492//164
f 505//164 503//164 501//164
f 504//168 506//168 502//168
f 507//164 503//164 505//164
f 504//164 508//164 506//164
f 509//164 503//164 507//164
f 504//166 510//166 508//166
f 511//164 503//164 509//164
f 504//166 512//166 510//166
f 513//185 503//185 511//185
f 504//167 514//167 512//167
f 515//164 503//164 513//164
f 504//168 515//168 514//168
f 504//164 503//164 515//164
f 504//164 516//164 503//164
f 517//164 516//164 504//164
f 517//164 518//164 516//164
f 519//164 518//164 517//164
f 519//164 520//164 518//164
f 521//164 520//164 519//164
f 521//164 522//164 520//164
f 523//164 522//164 521//164
f 524//164 522//164 523//164
f 524//164 525//164 522//164
f 526//164 525//164 524//164
f 526//164 527//164 525//164
f 528//164 527//164 526//164
f 528//164 529//164 527//164
f 530//164 529//164 528//164
f 530//164 531//164 529//164
f 532//164 531//164 530//164
f 532//164 533//164 531//164
f 534//164 533//164 532//164
f 534//164 535//164 533//164
f 536//164 535//164 534//164
f 536//164 537//164 535//164
f 538//164 537//164 536//164
f 538//164 539//164 537//164
f 540//164 539//164 538//164
f 540//164 541//164 539//164
f 542//164 541//164 540//164
f 542//164 543//164 541//164
f 544//164 543//164 542//164
f 544//164 545//164 543//164
f 546//164 545//164 544//164
f 547//164 471//164 409//164
f 547//164 548//164 471//164
f 549//164 418//164 472//164
f 549//164 550//164 418//164
f 551//164 548//164 547//164
f 551//164 552//164 548//164
f 553//164 550//164 549//164
f 553//164 554//164 550//164
f 551//164 555//164 552//164
f 553//164 556//164 554//164
f 557//164 555//164 551//164
f 558//164 556//164 553//164
f 557//164 559//164 555//164
f 558//164 560//164 556//164
f 561//164 559//164 557//164
f 562//164 560//164 558//164
f 561//164 563//164 559//164
f 562//164 564//164 560//164
f 565//164 563//164 561//164
f 566//164 564//164 562//164
f 565//164 567//164 563//164
f 566//164 568//164 564//164
f 569//164 567//164 565//164
f 570//164 568//164 566//164
f 569//164 571//164 567//164
f 570//164 572//164 568//164
f 573//164 571//164 569//164
f 574//164 572//164 570//164
f 573//164 575//164 571//164
f 574//164 576//164 572//164
f 577//164 575//164 573//164
f 578//164 576//164 574//164
f 577//164 579//164 575//164
f 578//164 580//164 576//164
f 581//164 579//164 577//164
f 582//164 580//164 578//164
f 581//164 583//164 579//164
f 582//164 584//164 580//164
f 585//164 583//164 581//164
f 586//164 584//164 582//164
f 585//164 587//164 583//164
f 586//164 588//164 584//164
f 589//164 587//164 585//164
f 590//164 588//164 586//164
f 589//164 591//164 587//164
f 590//164 592//164 588//164
f 593//186 594//186 595//186
f 593//186 596//186 594//186
f 597//186 596//186 593//186
f 597//186 598//186 596//186
f 599//186 598//186 597//186
f 599//186 600//186 598//186
f 601//186 600//186 599//186
f 601//186 602//186 600//186
f 603//186 602//186 601//186
f 603//186 604//186 602//186
f 605//186 604//186 603//186
f 605//186 606//186 604//186
f 607//186 606//186 605//186
f 607//186 608//186 606//186
f 609//186 608//186 607//186
f 609//186 610//186 608//186
f 611//186 610//186 609//186
f 611//186 612//186 610//186
f 613//186 612//186 611//186
f 613//186 614//186 612//186
f 615//186 614//186 613//186
f 615//186 616//186 614//186
f 617//186 616//186 615//186
f 617//186 618//186 616//186
f 619//186 618//186 617//186
f 619//186 620//186 618//186
f 621//186 620//186 619//186
f 621//186 622//186 620//186
f 623//186 622//186 621//186
f 623//186 624//186 622//186
f 625//186 624//186 623//186
f 625//186 626//186 624//186
f 627//186 626//186 625//186
f 627//186 628//186 626//186
f 629//186 628//186 627//186
f 629//186 630//186 628//186
f 631//186 630//186 629//186
f 631//186 632//186 630//186
f 633//186 632//186 631//186
f 633//186 634//186 632//186
f 635//186 634//186 633//186
f 635//186 636//186 634//186
f 637//186 636//186 635//186
f 637//186 638//186 636//186
f 639//186 638//186 637//186
f 639//186 640//186 638//186
f 641//186 640//186 639//186
f 641//186 642//186 640//186
f 643//186 644//186 645//186
f 646//187 647//187 648//187
f 646//188 649//188 647//188
f 650//186 644//186 643//186
f 646//186 651//186 649//186
f 652//186 644//186 650//186
f 653//189 651//189 646//189
f 652//190 654//190 644//190
f 653//188 655//188 651//188
f 656//189 654//189 652//189
f 653//186 657//186 655//186
f 658//186 654//186 656//186
f 659//186 657//186 653//186
f 658//186 660//186 654//186
f 659//188 661//188 657//188
f 662//186 660//186 658//186
f 659//186 663//186 661//186
f 664//186 660//186 662//186
f 665//186 663//186 659//186
f 664//186 666//186 660//186
f 665//188 667//188 663//188
f 668//189 666//189 664//189
f 665//186 669//186 667//186
f 670//186 666//186 668//186
f 671//186 669//186 665//186
f 670//186 672//186 666//186
f 671//186 673//186 669//186
f 674//186 672//186 670//186
f 671//186 675//186 673//186
f 676//186 672//186 674//186
f 677//186 675//186 671//186
f 676//186 678//186 672//186
f 677//186 679//186 675//186
f 680//186 678//186 676//186
f 681//186 679//186 677//186
f 680//186 682//186 678//186
f 683//186 682//186 680//186
f 681//186 684//186 679//186
f 685//186 684//186 681//186
f 683//186 686//186 682//186
f 687//186 684//186 685//186
f 683//186 688//186 686//186
f 689//186 688//186 683//186
f 687//186 690//186 684//186
f 691//189 690//189 687//189
f 689//186 692//186 688//186
f 693//186 690//186 691//186
f 689//186 694//186 692//186
f 695//186 690//186 693//186
f 689//186 696//186 694//186
f 689//186 697//186 696//186
f 698//186 690//186 695//186
f 699//186 690//186 698//186
f 689//186 700//186 697//186
f 701//186 700//186 689//186
f 699//186 702//186 690//186
f 703//186 702//186 699//186
f 701//186 704//186 700//186
f 705//186 702//186 703//186
f 701//186 706//186 704//186
f 707//186 702//186 705//186
f 701//186 708//186 706//186
f 709//186 702//186 707//186
f 701//186 710//186 708//186
f 711//186 702//186 709//186
f 701//186 712//186 710//186
f 713//186 712//186 701//186
f 711//186 714//186 702//186
f 715//186 714//186 711//186
f 713//186 716//186 712//186
f 717//186 714//186 715//186
f 713//186 718//186 716//186
f 719//186 714//186 717//186
f 713//186 720//186 718//186
f 721//186 720//186 713//186
f 719//186 722//186 714//186
f 723//186 722//186 719//186
f 721//186 724//186 720//186
f 725//186 722//186 723//186
f 721//186 726//186 724//186
f 727//186 728//186 726//186
f 729//186 727//186 726//186
f 730//186 729//186 726//186
f 731//191 730//191 726//191
f 721//186 731//186 726//186
f 732//186 722//186 725//186
f 733//192 732//192 725//192
f 734//186 733//186 725//186
f 735//186 734//186 725//186
f 736//186 735//186 725//186
f 737//193 731//193 721//193
f 738//189 737//189 721//189
f 739//186 740//186 722//186
f 732//194 739//194 722//194
f 741//186 737//186 738//186
f 742//186 741//186 738//186
f 743//186 744//186 740//186
f 739//193 743//193 740//193
f 745//186 741//186 742//186
f 746//186 745//186 742//186
f 747//186 746//186 742//186
f 748//186 749//186 744//186
f 750//186 748//186 744//186
f 743//186 750//186 744//186
f 751//186 749//186 748//186
f 747//187 752//187 746//187
f 753//186 749//186 751//186
f 747//195 754//195 752//195
f 755//186 749//186 753//186
f 747//186 756//186 754//186
f 757//186 749//186 755//186
f 747//186 758//186 756//186
f 759//186 749//186 757//186
f 747//190 760//190 758//190
f 761//186 749//186 759//186
f 747//187 762//187 760//187
f 763//196 728//196 727//196
f 736//197 764//197 735//197
f 765//186 749//186 761//186
f 747//188 766//188 762//188
f 767//186 728//186 763//186
f 736//198 768//198 764//198
f 769//186 749//186 765//186
f 747//186 770//186 766//186
f 771//186 728//186 767//186
f 736//199 772//199 768//199
f 773//186 749//186 769//186
f 747//186 774//186 770//186
f 775//186 728//186 771//186
f 736//190 776//190 772//190
f 777//186 749//186 773//186
f 747//186 778//186 774//186
f 779//186 728//186 775//186
f 736//189 780//189 776//189
f 781//186 749//186 777//186
f 747//186 782//186 778//186
f 783//186 728//186 779//186
f 736//200 784//200 780//200
f 747//186 785//186 782//186
f 786//186 749//186 781//186
f 787//186 785//186 747//186
f 786//186 788//186 749//186
f 789//186 728//186 783//186
f 736//186 790//186 784//186
f 787//186 791//186 785//186
f 792//186 788//186 786//186
f 787//186 793//186 791//186
f 794//186 788//186 792//186
f 795//186 793//186 787//186
f 794//186 796//186 788//186
f 797//186 796//186 794//186
f 795//186 798//186 793//186
f 799//186 798//186 795//186
f 797//186 800//186 796//186
f 801//186 800//186 797//186
f 799//186 802//186 798//186
f 803//186 802//186 799//186
f 801//186 804//186 800//186
f 805//186 804//186 801//186
f 803//186 806//186 802//186
f 807//186 806//186 803//186
f 805//186 808//186 804//186
f 809//186 808//186 805//186
f 807//186 810//186 806//186
f 809//186 811//186 808//186
f 812//186 810//186 807//186
f 809//186 813//186 811//186
f 814//186 810//186 812//186
f 809//186 815//186 813//186
f 816//186 810//186 814//186
f 809//186 817//186 815//186
f 818//186 810//186 816//186
f 809//186 819//186 817//186
f 820//186 810//186 818//186
f 821//186 819//186 809//186
f 820//186 822//186 810//186
f 821//186 823//186 819//186
f 824//186 822//186 820//186
f 821//186 825//186 823//186
f 826//186 822//186 824//186
f 821//186 827//186 825//186
f 828//186 822//186 826//186
f 821//189 829//189 827//189
f 830//186 822//186 828//186
f 821//186 831//186 829//186
f 832//186 822//186 830//186
f 821//186 833//186 831//186
f 833//186 822//186 832//186
f 821//186 822//186 833//186
f 834//186 822//186 821//186
f 834//186 835//186 822//186
f 836//186 835//186 834//186
f 836//186 837//186 835//186
f 838//186 837//186 836//186
f 838//186 839//186 837//186
f 840//186 839//186 838//186
f 840//186 841//186 839//186
f 840//186 842//186 841//186
f 843//186 842//186 840//186
f 843//186 844//186 842//186
f 845//186 844//186 843//186
f 845//186 846//186 844//186
f 847//186 846//186 845//186
f 847//186 848//186 846//186
f 849//186 848//186 847//186
f 849//186 850//186 848//186
f 851//186 850//186 849//186
f 851//186 852//186 850//186
f 853//186 852//186 851//186
f 853//186 854//186 852//186
f 855//186 854//186 853//186
f 855//186 856//186 854//186
f 857//186 856//186 855//186
f 857//186 858//186 856//186
f 859//186 858//186 857//186
f 859//186 860//186 858//186
f 861//186 860//186 859//186
f 861//186 862//186 860//186
f 863//186 862//186 861//186
f 863//186 864//186 862//186
f 789//186 865//186 728//186
f 866//186 865//186 789//186
f 736//186 867//186 790//186
f 868//186 867//186 736//186
f 866//186 869//186 865//186
f 870//186 869//186 866//186
f 868//186 871//186 867//186
f 872//186 871//186 868//186
f 873//186 869//186 870//186
f 874//186 871//186 872//186
f 873//186 875//186 869//186
f 874//186 876//186 871//186
f 877//186 875//186 873//186
f 878//186 876//186 874//186
f 877//186 879//186 875//186
f 878//186 880//186 876//186
f 881//186 879//186 877//186
f 882//186 880//186 878//186
f 881//186 883//186 879//186
f 882//186 884//186 880//186
f 885//186 883//186 881//186
f 886//186 884//186 882//186
f 885//186 887//186 883//186
f 886//186 888//186 884//186
f 889//186 887//186 885//186
f 890//186 888//186 886//186
f 889//186 891//186 887//186
f 890//186 892//186 888//186
f 893//186 891//186 889//186
f 894//186 892//186 890//186
f 893//186 895//186 891//186
f 894//186 896//186 892//186
f 897//186 895//186 893//186
f 898//186 896//186 894//186
f 897//186 899//186 895//186
f 898//186 900//186 896//186
f 901//186 899//186 897//186
f 902//186 900//186 898//186
f 901//186 903//186 899//186
f 902//186 904//186 900//186
f 905//186 903//186 901//186
f 906//186 904//186 902//186
f 905//186 907//186 903//186
f 906//186 908//186 904//186
f 909//186 907//186 905//186
f 910//186 908//186 906//186
f 911//201 912//202 913//203 914//204
f 915//205 916//206 912//202 911//201
f 917//207 918//208 916//206 915//205
f 919//209 920//210 918//208 917//207
f 912//202 921//211 922//212 913//203
f 916//206 923//213 921//211 912//202
f 918//208 924//214 923//213 916//206
f 920//210 925//215 924//214 918//208
f 921//211 926//216 927//217 922//212
f 923//213 928//218 926//216 921//211
f 924//214 929//219 928//218 923//213
f 925//215 930//220 929//219 924//214
f 926//216 931//221 932//222 927//217
f 928//218 933//223 931//221 926//216
f 929//219 934//224 933//223 928//218
f 930//220 935//225 934//224 929//219
f 931//221 936//226 937//227 932//222
f 933//223 938//228 936//226 931//221
f 934//224 939//229 938//228 933//223
f 935//225 940//230 939//229 934//224
f 936//226 941//231 942//232 937//227
f 938//228 943//233 941//231 936//226
f 939//229 944//234 943//233 938//228
f 940//230 945//235 944//234 939//229
f 941//231 946//236 947//237 942//232
f 943//233 948//238 946//236 941//231
f 944//234 949//239 948//238 943//233
f 945//235 950//240 949//239 944//234
f 946//236 951//241 952//242 947//237
f 948//238 953//243 951//241 946//236
f 949//239 954//244 953//243 948//238
f 950//240 955//245 954//244 949//239
f 951//241 956//246 957//247 952//242
f 953//243 958//248 956//246 951//241
f 954//244 959//249 958//248 953//243
f 955//245 960//250 959//249 954//244
f 956//246 961//251 962//252 957//247
f 958//248 963//253 961//251 956//246
f 959//249 964//254 963//253 958//248
f 960//250 965//255 964//254 959//249
f 961//251 966//256 967//257 962//252
f 963//253 968//258 966//256 961//251
f 964//254 969//259 968//258 963//253
f 965//255 970//260 969//259 964//254
f 966//256 971//261 972//262 967//257
f 968//258 973//263 971//261 966//256
f 969//259 974//264 973//263 968//258
f 970//260 975//265 974//264 969//259
f 971//261 976//266 977//267 972//262
f 973//263 978//268 976//266 971//261
f 974//264 979//269 978//268 973//263
f 975//265 980//270 979//269 974//264
f 976//266 981//271 982//272 977//267
f 978//268 983//273 981//271 976//266
f 979//269 984//274 983//273 978//268
f 980//270 985//275 984//274 979//269
f 981//271 986//276 987//277 982//272
f 983//273 988//278 986//276 981//271
f 984//274 989//279 988//278 983//273
f 985//275 990//280 989//279 984//274
f 986//276 991//281 992//282 987//277
f 988//278 993//283 991//281 986//276
f 989//279 994//284 993//283 988//278
f 990//280 995//285 994//284 989//279
f 991//281 996//286 997//287 992//282
f 993//283 998//288 996//286 991//281
f 994//284 999//289 998//288 993//283
f 995//285 1000//290 999//289 994//284
f 996//286 1001//291 1002//292 997//287
f 998//288 1003//293 1001//291 996//286
f 999//289 1004//294 1003//293 998//288
f 1000//290 1005//295 1004//294 999//289
f 1001//291 1006//296 1007//297 1002//292
f 1003//293 1008//298 1006//296 1001//291
f 1004//294 1009//299 1008//298 1003//293
f 1005//295 1010//300 1009//299 1004//294
f 1006//296 1011//301 1012//302 1007//297
f 1008//298 1013//303 1011//301 1006//296
f 1009//299 1014//304 1013//303 1008//298
f 1010//300 1015//305 1014//304 1009//299
f 1011//301 1016//306 1017//307 1012//302
f 1013//303 1018//308 1016//306 1011//301
f 1014//304 1019//309 1018//308 1013//303
f 1015//305 1020//310 1019//309 1014//304
f 1016//306 1021//311 1022//312 1017//307
f 1018//308 1023//313 1021//311 1016//306
f 1019//309 1024//314 1023//313 1018//308
f 1020//310 1025//315 1024//314 1019//309
f 1021//311 1026//316 1027//317 1022//312
f 1023//313 1028//318 1026//316 1021//311
f 1024//314 1029//319 1028//318 1023//313
f 1025//315 1030//320 1029//319 1024//314
f 1026//316 1031//321 1032//322 1027//317
f 1028//318 1033//323 1031//321 1026//316
f 1029//319 1034//324 1033//323 1028//318
f 1030//320 1035//325 1034//324 1029//319
f 1031//321 1036//326 1037//327 1032//322
f 1033//323 1038//328 1036//326 1031//321
f 1034//324 1039//329 1038//328 1033//323
f 1035//325 1040//330 1039//329 1034//324
f 1036//326 1041//331 1042//332 1037//327
f 1038//328 1043//333 1041//331 1036//326
f 1039//329 1044//334 1043//333 1038//328
f 1040//330 1045//335 1044//334 1039//329
f 1041//331 1046//336 1047//337 1042//332
f 1043//333 1048//338 1046//336 1041//331
f 1044//334 1049//339 1048//338 1043//333
f 1045//335 1050//340 1049//339 1044//334
f 1046//336 1051//341 1052//342 1047//337
f 1048//338 1053//343 1051//341 1046//336
f 1049//339 1054//344 1053//343 1048//338
f 1050//340 1055//345 1054//344 1049//339
f 1051//341 1056//346 1057//347 1052//342
f 1053//343 1058//348 1056//346 1051//341
f 1054//344 1059//349 1058//348 1053//343
f 1055//345 1060//350 1059//349 1054//344
f 1056//346 1061//351 1062//352 1057//347
f 1058//348 1063//353 1061//351 1056//346
f 1059//349 1064//354 1063//353 1058//348
f 1060//350 1065//355 1064//354 1059//349
f 1061//351 1066//356 1067//357 1062//352
f 1063//353 1068//358 1066//356 1061//351
f 1064//354 1069//359 1068//358 1063//353
f 1065//355 1070//360 1069//359 1064//354
f 1066//356 1071//361 1072//362 1067//357
f 1068//358 1073//363 1071//361 1066//356
f 1069//359 1074//364 1073//363 1068//358
f 1070//360 1075//365 1074//364 1069//359
f 1071//361 1076//366 1077//367 1072//362
f 1073//363 1078//368 1076//366 1071//361
f 1074//364 1079//369 1078//368 1073//363
f 1075//365 1080//370 1079//369 1074//364
f 1076//366 1081//371 1082//372 1077//367
f 1078//368 1083//373 1081//371 1076//366
f 1079//369 1084//374 1083//373 1078//368
f 1080//370 1085//375 1084//374 1079//369
f 1081//371 1086//376 1087//377 1082//372
f 1083//373 1088//378 1086//376 1081//371
f 1084//374 1089//379 1088//378 1083//373
f 1085//375 1090//380 1089//379 1084//374
f 1086//376 1091//381 1092//382 1087//377
f 1088//378 1093//383 1091//381 1086//376
f 1089//379 1094//384 1093//383 1088//378
f 1090//380 1095//385 1094//384 1089//379
f 1091//381 1096//386 1097//387 1092//382
f 1093//383 1098//388 1096//386 1091//381
f 1094//384 1099//389 1098//388 1093//383
f 1095//385 1100//390 1099//389 1094//384
f 1096//386 1101//391 1102//392 1097//387
f 1098//388 1103//393 1101//391 1096//386
f 1099//389 1104//394 1103//393 1098//388
f 1100//390 1105//395 1104//394 1099//389
f 1101//391 1106//396 1107//397 1102//392
f 1103//393 1108//398 1106//396 1101//391
f 1104//394 1109//399 1108//398 1103//393
f 1105//395 1110//400 1109//399 1104//394
f 1106//396 1111//401 1112//402 1107//397
f 1108//398 1113//403 1111//401 1106//396
f 1109//399 1114//404 1113//403 1108//398
f 1110//400 1115//405 1114//404 1109//399
f 1111//401 1116//406 1117//407 1112//402
f 1113//403 1118//408 1116//406 1111//401
f 1114//404 1119//409 1118//408 1113//403
f 1115//405 1120//410 1119//409 1114//404
f 1116//406 1121//411 1122//412 1117//407
f 1118//408 1123//413 1121//411 1116//406
f 1119//409 1124//414 1123//413 1118//408
f 1120//410 1125//415 1124//414 1119//409
f 1121//411 1126//416 1127//417 1122//412
f 1123//413 1128//418 1126//416 1121//411
f 1124//414 1129//419 1128//418 1123//413
f 1125//415 1130//420 1129//419 1124//414
f 1126//416 1131//421 1132//422 1127//417
f 1128//418 1133//423 1131//421 1126//416
f 1129//419 1134//424 1133//423 1128//418
f 1130//420 1135//425 1134//424 1129//419
f 1131//421 1136//426 1137//427 1132//422
f 1133//423 1138//428 1136//426 1131//421
f 1134//424 1139//429 1138//428 1133//423
f 1135//425 1140//430 1139//429 1134//424
f 1136//426 1141//431 1142//432 1137//427
f 1138//428 1143//433 1141//431 1136//426
f 1139//429 1144//434 1143//433 1138//428
f 1140//430 1145//435 1144//434 1139//429
f 1141//431 1146//436 1147//437 1142//432
f 1143//433 1148//438 1146//436 1141//431
f 1144//434 1149//439 1148//438 1143//433
f 1145//435 1150//440 1149//439 1144//434
f 1146//436 1151//441 1152//442 1147//437
f 1148//438 1153//443 1151//441 1146//436
f 1149//439 1154//444 1153//443 1148//438
f 1150//440 1155//445 1154//444 1149//439
f 1151//441 1156//446 1157//447 1152//442
f 1153//443 1158//448 1156//446 1151//441
f 1154//444 1159//449 1158//448 1153//443
f 1155//445 1160//450 1159//449 1154//444
f 1156//446 1161//451 1162//452 1157//447
f 1158//448 1163//453 1161//451 1156//446
f 1159//449 1164//454 1163//453 1158//448
f 1160//450 1165//455 1164//454 1159//449
f 1161//451 1166//456 1167//457 1162//452
f 1163//453 1168//458 1166//456 1161//451
f 1164//454 1169//459 1168//458 1163//453
f 1165//455 1170//460 1169//459 1164//454
f 1166//456 1171//461 1172//462 1167//457
f 1168//458 1173//463 1171//461 1166//456
f 1169//459 1174//464 1173//463 1168//458
f 1170//460 1175//465 1174//464 1169//459
f 1171//461 1176//466 1177//467 1172//462
f 1173//463 1178//468 1176//466 1171//461
f 1174//464 1179//469 1178//468 1173//463
f 1175//465 1180//470 1179//469 1174//464
f 1176//466 1181//471 1182//472 1177//467
f 1178//468 1183//473 1181//471 1176//466
f 1179//469 1184//474 1183//473 1178//468
f 1180//470 1185//475 1184//474 1179//469
f 1181//471 1186//476 1187//477 1182//472
f 1183//473 1188//478 1186//476 1181//471
f 1184//474 1189//479 1188//478 1183//473
f 1185//475 1190//480 1189//479 1184//474
f 1186//476 1191//481 1192//482 1187//477
f 1188//478 1193//483 1191//481 1186//476
f 1189//479 1194//484 1193//483 1188//478
f 1190//480 1195//485 1194//484 1189//479
f 1191//481 1196//486 1197//487 1192//482
f 1193//483 1198//488 1196//486 1191//481
f 1194//484 1199//489 1198//488 1193//483
f 1195//485 1200//490 1199//489 1194//484
f 1196//486 1201//491 1202//492 1197//487
f 1198//488 1203//493 1201//491 1196//486
f 1199//489 1204//494 1203//493 1198//488
f 1200//490 1205//495 1204//494 1199//489
f 1201//491 1206//496 1207//497 1202//492
f 1203//493 1208//498 1206//496 1201//491
f 1204//494 1209//499 1208//498 1203//493
f 1205//495 1210//500 1209//499 1204//494
f 1206//496 1211//501 1212//502 1207//497
f 1208//498 1213//503 1211//501 1206//496
f 1209//499 1214//504 1213//503 1208//498
f 1210//500 1215//505 1214//504 1209//499
f 1211//501 1216//506 1217//507 1212//502
f 1213//503 1218//508 1216//506 1211//501
f 1214//504 1219//509 1218//508 1213//503
f 1215//505 1220//510 1219//509 1214//504
f 1216//506 1221//511 1222//512 1217//507
f 1218//508 1223//513 1221//511 1216//506
f 1219//509 1224//514 1223//513 1218//508
f 1220//510 1225//515 1224//514 1219//509
f 1221//511 1226//516 1227//517 1222//512
f 1223//513 1228//518 1226//516 1221//511
f 1224//514 1229//519 1228//518 1223//513
f 1225//515 1230//520 1229//519 1224//514
f 1226//516 1231//521 1232//522 1227//517
f 1228//518 1233//523 1231//521 1226//516
f 1229//519 1234//524 1233//523 1228//518
f 1230//520 1235//525 1234//524 1229//519
f 1231//521 1236//526 1237//527 1232//522
f 1233//523 1238//528 1236//526 1231//521
f 1234//524 1239//529 1238//528 1233//523
f 1235//525 1240//530 1239//529 1234//524
f 1236//526 1241//531 1242//532 1237//527
f 1238//528 1243//533 1241//531 1236//526
f 1239//529 1244//534 1243//533 1238//528
f 1240//530 1245//535 1244//534 1239//529
f 1241//531 1246//536 1247//537 1242//532
f 1243//533 1248//538 1246//536 1241//531
f 1244//534 1249//539 1248//538 1243//533
f 1245//535 1250//540 1249//539 1244//534
f 1246//536 1251//541 1252//542 1247//537
f 1248//538 1253//543 1251//541 1246//536
f 1249//539 1254//544 1253//543 1248//538
f 1250//540 1255//545 1254//544 1249//539
f 1251//541 1256//546 1257//547 1252//542
f 1253//543 1258//548 1256//546 1251//541
f 1254//544 1259//549 1258//548 1253//543
f 1255//545 1260//550 1259//549 1254//544
f 1256//546 1261//551 1262//552 1257//547
f 1258//548 1263//553 1261//551 1256//546
f 1259//549 1264//554 1263//553 1258//548
f 1260//550 1265//555 1264//554 1259//549
f 1261//551 1266//556 1267//557 1262//552
f 1263//553 1268//558 1266//556 1261//551
f 1264//554 1269//559 1268//558 1263//553
f 1265//555 1270//560 1269//559 1264//554
f 1266//556 1271//561 1272//562 1267//557
f 1268//558 1273//563 1271//561 1266//556
f 1269//559 1274//564 1273//563 1268//558
f 1270//560 1275//565 1274//564 1269//559
f 1271//561 1276//566 1277//567 1272//562
f 1273//563 1278//568 1276//566 1271//561
f 1274//564 1279//569 1278//568 1273//563
f 1275//565 1280//570 1279//569 1274//564
f 1276//566 1281//571 1282//572 1277//567
f 1278//568 1283//573 1281//571 1276//566
f 1279//569 1284//574 1283//573 1278//568
f 1280//570 1285//575 1284//574 1279//569
f 1281//571 1286//576 1287//577 1282//572
f 1283//573 1288//578 1286//576 1281//571
f 1284//574 1289//579 1288//578 1283//573
f 1285//575 1290//580 1289//579 1284//574
f 1286//576 1291//581 1292//582 1287//577
f 1288//578 1293//583 1291//581 1286//576
f 1289//579 1294//584 1293//583 1288//578
f 1290//580 1295//585 1294//584 1289//579
f 1291//581 1296//586 1297//587 1292//582
f 1293//583 1298//588 1296//586 1291//581
f 1294//584 1299//589 1298//588 1293//583
f 1295//585 1300//590 1299//589 1294//584
f 1296//586 1301//591 1302//592 1297//587
f 1298//588 1303//593 1301//591 1296//586
f 1299//589 1304//594 1303//593 1298//588
f 1300//590 1305//595 1304//594 1299//589
f 1301//591 1306//596 1307//597 1302//592
f 1303//593 1308//598 1306//596 1301//591
f 1304//594 1309//599 1308//598 1303//593
f 1305//595 1310//600 1309//599 1304//594
f 1306//596 1311//601 1312//602 1307//597
f 1308//598 1313//603 1311//601 1306//596
f 1309//599 1314//604 1313//603 1308//598
f 1310//600 1315//605 1314//604 1309//599
f 1311//601 1316//606 1317//607 1312//602
f 1313//603 1318//608 1316//606 1311//601
f 1314//604 1319//609 1318//608 1313//603
f 1315//605 1320//610 1319//609 1314//604
f 1316//606 1321//611 1322//612 1317//607
f 1318//608 1323//613 1321//611 1316//606
f 1319//609 1324//614 1323//613 1318//608
f 1320//610 1325//615 1324//614 1319//609
f 1321//611 1326//616 1327//617 1322//612
f 1323//613 1328//618 1326//616 1321//611
f 1324//614 1329//619 1328//618 1323//613
f 1325//615 1330//620 1329//619 1324//614
f 1326//616 1331//621 1332//622 1327//617
f 1328//618 1333//623 1331//621 1326//616
f 1329//619 1334//624 1333//623 1328//618
f 1330//620 1335//625 1334//624 1329//619
f 1331//621 1336//626 1337//627 1332//622
f 1333//623 1338//628 1336//626 1331//621
f 1334//624 1339//629 1338//628 1333//623
f 1335//625 1340//630 1339//629 1334//624
f 1336//626 1341//631 1342//632 1337//627
f 1338//628 1343//633 1341//631 1336//626
f 1339//629 1344//634 1343//633 1338//628
f 1340//630 1345//635 1344//634 1339//629
f 1341//631 1346//636 1347//637 1342//632
f 1343//633 1348//638 1346//636 1341//631
f 1344//634 1349//639 1348//638 1343//633
f 1345//635 1350//640 1349//639 1344//634
f 1346//636 1351//641 1352//642 1347//637
f 1348//638 1353//643 1351//641 1346//636
f 1349//639 1354//644 1353//643 1348//638
f 1350//640 1355//645 1354//644 1349//639
f 1351//641 1356//646 1357//647 1352//642
f 1353//643 1358//648 1356//646 1351//641
f 1354//644 1359//649 1358//648 1353//643
f 1355//645 1360//650 1359//649 1354//644
f 1356//646 1361//651 1362//652 1357//647
f 1358//648 1363//653 1361//651 1356//646
f 1359//649 1364//654 1363//653 1358//648
f 1360//650 1365//655 1364//654 1359//649
f 1361//651 1366//656 1367//657 1362//652
f 1363//653 1368//658 1366//656 1361//651
f 1364//654 1369//659 1368//658 1363//653
f 1365//655 1370//660 1369//659 1364//654
f 1366//656 1371//661 1372//662 1367//657
f 1368//658 1373//663 1371//661 1366//656
f 1369//659 1374//664 1373//663 1368//658
f 1370//660 1375//665 1374//664 1369//659
f 1371//661 1376//666 1377//667 1372//662
f 1373//663 1378//668 1376//666 1371//661
f 1374//664 1379//669 1378//668 1373//663
f 1375//665 1380//670 1379//669 1374//664
f 1376//666 1381//671 1382//672 1377//667
f 1378//668 1383//673 1381//671 1376//666
f 1379//669 1384//674 1383//673 1378//668
f 1380//670 1385//675 1384//674 1379//669
f 1381//671 1386//676 1387//677 1382//672
f 1383//673 1388//678 1386//676 1381//671
f 1384//674 1389//679 1388//678 1383//673
f 1385//675 1390//680 1389//679 1384//674
f 1386//676 1391//681 1392//682 1387//677
f 1388//678 1393//683 1391//681 1386//676
f 1389//679 1394//684 1393//683 1388//678
f 1390//680 1395//685 1394//684 1389//679
f 1391//681 1396//686 1397//687 1392//682
f 1393//683 1398//688 1396//686 1391//681
f 1394//684 1399//689 1398//688 1393//683
f 1395//685 1400//690 1399//689 1394//684
f 1396//686 1401//691 1402//692 1397//687
f 1398//688 1403//693 1401//691 1396//686
f 1399//689 1404//694 1403//693 1398//688
f 1400//690 1405//695 1404//694 1399//689
f 1401//691 1406//696 1407//687 1402//692
f 1403//693 1408//697 1406//696 1401//691
f 1404//694 1409//698 1408//697 1403//693
f 1405//695 1410//699 1409//698 1404//694
f 1406//696 1411//700 1412//701 1407//687
f 1408//697 1413//702 1411//700 1406//696
f 1409//698 1414//703 1413//702 1408//697
f 1410//699 1415//704 1414//703 1409//698
f 1411//700 1416//700 1417//705 1412//701
f 1413//702 1418//706 1416//700 1411//700
f 1414//703 1419//707 1418//706 1413//702
f 1415//704 1420//704 1419//707 1414//703
f 1416//700 1421//696 1422//687 1417//705
f 1418//706 1423//697 1421//696 1416//700
f 1419//707 1424//708 1423//697 1418//706
f 1420//704 1425//709 1424//708 1419//707
f 1421//696 1426//710 1427//711 1422//687
f 1423//697 1428//712 1426//710 1421//696
f 1424//708 1429//713 1428//712 1423//697
f 1425//709 1430//714 1429//713 1424//708
f 1426//710 1431//715 1432//716 1427//711
f 1428//712 1433//717 1431//715 1426//710
f 1429//713 1434//718 1433//717 1428//712
f 1430//714 1435//719 1434//718 1429//713
f 1431//715 1436//720 1437//721 1432//716
f 1433//717 1438//722 1436//720 1431//715
f 1434//718 1439//723 1438//722 1433//717
f 1435//719 1440//724 1439//723 1434//718
f 1436//720 1441//725 1442//726 1437//721
f 1438//722 1443//727 1441//725 1436//720
f 1439//723 1444//728 1443//727 1438//722
f 1440//724 1445//729 1444//728 1439//723
f 1441//725 1446//730 1447//731 1442//726
f 1443//727 1448//732 1446//730 1441//725
f 1444//728 1449//733 1448//732 1443//727
f 1445//729 1450//734 1449//733 1444//728
f 1446//730 1451//735 1452//736 1447//731
f 1448//732 1453//737 1451//735 1446//730
f 1449//733 1454//738 1453//737 1448//732
f 1450//734 1455//739 1454//738 1449//733
f 1451//735 1456//740 1457//741 1452//736
f 1453//737 1458//742 1456//740 1451//735
f 1454//738 1459//743 1458//742 1453//737
f 1455//739 1460//744 1459//743 1454//738
f 1456//740 1461//745 1462//746 1457//741
f 1458//742 1463//747 1461//745 1456//740
f 1459//743 1464//748 1463//747 1458//742
f 1460//744 1465//749 1464//748 1459//743
f 1461//745 1466//750 1467//751 1462//746
f 1463//747 1468//752 1466//750 1461//745
f 1464//748 1469//753 1468//752 1463//747
f 1465//749 1470//754 1469//753 1464//748
f 1466//750 1471//755 1472//756 1467//751
f 1468//752 1473//757 1471//755 1466//750
f 1469//753 1474//758 1473//757 1468//752
f 1470//754 1475//759 1474//758 1469//753
f 1471//755 1476//760 1477//761 1472//756
f 1473//757 1478//762 1476//760 1471//755
f 1474//758 1479//763 1478//762 1473//757
f 1475//759 1480//764 1479//763 1474//758
f 1476//760 1481//765 1482//766 1477//761
f 1478//762 1483//767 1481//765 1476//760
f 1479//763 1484//768 1483//767 1478//762
f 1480//764 1485//769 1484//768 1479//763
f 1481//765 1486//770 1487//771 1482//766
f 1483//767 1488//772 1486//770 1481//765
f 1484//768 1489//773 1488//772 1483//767
f 1485//769 1490//774 1489//773 1484//768
f 1486//770 1491//775 1492//776 1487//771
f 1488//772 1493//777 1491//775 1486//770
f 1489//773 1494//778 1493//777 1488//772
f 1490//774 1495//779 1494//778 1489//773
f 1491//775 1496//780 1497//781 1492//776
f 1493//777 1498//782 1496//780 1491//775
f 1494//778 1499//783 1498//782 1493//777
f 1495//779 1500//784 1499//783 1494//778
f 1496//780 1501//785 1502//786 1497//781
f 1498//782 1503//787 1501//785 1496//780
f 1499//783 1504//788 1503//787 1498//782
f 1500//784 1505//789 1504//788 1499//783
f 1501//785 1506//790 1507//791 1502//786
f 1503//787 1508//792 1506//790 1501//785
f 1504//788 1509//793 1508//792 1503//787
f 1505//789 1510//794 1509//793 1504//788
f 1506//790 1511//795 1512//796 1507//791
f 1508//792 1513//797 1511//795 1506//790
f 1509//793 1514//798 1513//797 1508//792
f 1510//794 1515//799 1514//798 1509//793
f 1511//795 1516//800 1517//801 1512//796
f 1513//797 1518//802 1516//800 1511//795
f 1514//798 1519//803 1518//802 1513//797
f 1515//799 1520//804 1519//803 1514//798
f 1516//800 1521//805 1522//806 1517//801
f 1518//802 1523//807 1521//805 1516//800
f 1519//803 1524//808 1523//807 1518//802
f 1520//804 1525//809 1524//808 1519//803
f 1521//805 1526//810 1527//811 1522//806
f 1523//807 1528//812 1526//810 1521//805
f 1524//808 1529//813 1528//812 1523//807
f 1525//809 1530//814 1529//813 1524//808
f 1526//810 1531//815 1532//816 1527//811
f 1528//812 1533//817 1531//815 1526//810
f 1529//813 1534//818 1533//817 1528//812
f 1530//814 1535//819 1534//818 1529//813
f 1531//815 1536//820 1537//821 1532//816
f 1533//817 1538//822 1536//820 1531//815
f 1534//818 1539//823 1538//822 1533//817
f 1535//819 1540//824 1539//823 1534//818
f 1536//820 1541//825 1542//826 1537//821
f 1538//822 1543//827 1541//825 1536//820
f 1539//823 1544//828 1543//827 1538//822
f 1540//824 1545//829 1544//828 1539//823
f 1541//825 1546//830 1547//831 1542//826
f 1543//827 1548//832 1546//830 1541//825
f 1544//828 1549//833 1548//832 1543//827
f 1545//829 1550//834 1549//833 1544//828
f 1546//830 1551//835 1552//836 1547//831
f 1548//832 1553//837 1551//835 1546//830
f 1549//833 1554//838 1553//837 1548//832
f 1550//834 1555//839 1554//838 1549//833
f 1551//835 1556//840 1557//841 1552//836
f 1553//837 1558//842 1556//840 1551//835
f 1554//838 1559//843 1558//842 1553//837
f 1555//839 1560//844 1559//843 1554//838
f 1556//840 1561//845 1562//846 1557//841
f 1558//842 1563//847 1561//845 1556//840
f 1559//843 1564//848 1563//847 1558//842
f 1560//844 1565//849 1564//848 1559//843
f 1561//845 1566//850 1567//851 1562//846
f 1563//847 1568//852 1566//850 1561//845
f 1564//848 1569//853 1568//852 1563//847
f 1565//849 1570//854 1569//853 1564//848
f 1566//850 1571//855 1572//856 1567//851
f 1568//852 1573//857 1571//855 1566//850
f 1569//853 1574//858 1573//857 1568//852
f 1570//854 1575//859 1574//858 1569//853
f 1571//855 1576//860 1577//861 1572//856
f 1573//857 1578//862 1576//860 1571//855
f 1574//858 1579//863 1578//862 1573//857
f 1575//859 1580//864 1579//863 1574//858
f 1576//860 1581//865 1582//866 1577//861
f 1578//862 1583//867 1581//865 1576//860
f 1579//863 1584//868 1583//867 1578//862
f 1580//864 1585//869 1584//868 1579//863
f 1581//865 1586//870 1587//871 1582//866
f 1583//867 1588//872 1586//870 1581//865
f 1584//868 1589//873 1588//872 1583//867
f 1585//869 1590//874 1589//873 1584//868
f 1586//870 1591//875 1592//876 1587//871
f 1588//872 1593//877 1591//875 1586//870
f 1589//873 1594//878 1593//877 1588//872
f 1590//874 1595//879 1594//878 1589//873
f 1591//875 1596//880 1597//881 1592//876
f 1593//877 1598//882 1596//880 1591//875
f 1594//878 1599//883 1598//882 1593//877
f 1595//879 1600//884 1599//883 1594//878
f 1596//880 1601//885 1602//886 1597//881
f 1598//882 1603//887 1601//885 1596//880
f 1599//883 1604//888 1603//887 1598//882
f 1600//884 1605//889 1604//888 1599//883
f 1601//885 1606//890 1607//891 1602//886
f 1603//887 1608//892 1606//890 1601//885
f 1604//888 1609//893 1608//892 1603//887
f 1605//889 1610//894 1609//893 1604//888
f 1606//890 1611//895 1612//896 1607//891
f 1608//892 1613//897 1611//895 1606//890
f 1609//893 1614//898 1613//897 1608//892
f 1610//894 1615//899 1614//898 1609//893
f 1611//895 1616//900 1617//901 1612//896
f 1613//897 1618//902 1616//900 1611//895
f 1614//898 1619//903 1618//902 1613//897
f 1615//899 1620//904 1619//903 1614//898
f 1616//900 1621//905 1622//906 1617//901
f 1618//902 1623//907 1621//905 1616//900
f 1619//903 1624//908 1623//907 1618//902
f 1620//904 1625//909 1624//908 1619//903
f 1621//905 1626//910 1627//911 1622//906
f 1623//907 1628//912 1626//910 1621//905
f 1624//908 1629//913 1628//912 1623//907
f 1625//909 1630//914 1629//913 1624//908
f 1626//910 1631//915 1632//916 1627//911
f 1628//912 1633//917 1631//915 1626//910
f 1629//913 1634//918 1633//917 1628//912
f 1630//914 1635//919 1634//918 1629//913
f 1631//915 1636//920 1637//921 1632//916
f 1633//917 1638//922 1636//920 1631//915
f 1634//918 1639//923 1638//922 1633//917
f 1635//919 1640//924 1639//923 1634//918
f 1636//920 1641//201 1642//925 1637//921
f 1638//922 1643//205 1641//201 1636//920
f 1639//923 1644//926 1643//205 1638//922
f 1640//924 1645//209 1644//926 1639//923
f 1641//201 1646//202 1647//203 1642//925
f 1643//205 1648//206 1646//202 1641//201
f 1644//926 1649//208 1648//206 1643//205
f 1645//209 1650//210 1649//208 1644//926
f 1646//202 1651//927 1652//212 1647//203
f 1648//206 1653//213 1651//927 1646//202
f 1649//208 1654//214 1653//213 1648//206
f 1650//210 1655//215 1654//214 1649//208
f 1651//927 1656//216 1657//928 1652//212
f 1653//213 1658//218 1656//216 1651//927
f 1654//214 1659//929 1658//218 1653//213
f 1655//215 1660//220 1659//929 1654//214
f 1656//216 1661//221 1662//222 1657//928
f 1658//218 1663//223 1661//221 1656//216
f 1659//929 1664//930 1663//223 1658//218
f 1660//220 1665//225 1664//930 1659//929
f 1661//221 1666//226 1667//227 1662//222
f 1663//223 1668//228 1666//226 1661//221
f 1664//930 1669//229 1668//228 1663//223
f 1665//225 1670//230 1669//229 1664//930
f 1666//226 1671//231 1672//232 1667//227
f 1668//228 1673//233 1671//231 1666//226
f 1669//229 1674//234 1673//233 1668//228
f 1670//230 1675//235 1674//234 1669//229
f 1671//231 1676//931 1677//237 1672//232
f 1673//233 1678//238 1676//931 1671//231
f 1674//234 1679//239 1678//238 1673//233
f 1675//235 1680//240 1679//239 1674//234
f 1676//931 1681//241 1682//242 1677//237
f 1678//238 1683//243 1681//241 1676//931
f 1679//239 1684//244 1683//243 1678//238
f 1680//240 1685//245 1684//244 1679//239
f 1681//241 1686//932 1687//933 1682//242
f 1683//243 1688//248 1686//932 1681//241
f 1684//244 1689//249 1688//248 1683//243
f 1685//245 1690//250 1689//249 1684//244
f 1686//932 1691//934 1692//252 1687//933
f 1688//248 1693//935 1691//934 1686//932
f 1689//249 1694//254 1693//935 1688//248
f 1690//250 1695//255 1694//254 1689//249
f 1691//934 1696//256 1697//257 1692//252
f 1693//935 1698//258 1696//256 1691//934
f 1694//254 1699//259 1698//258 1693//935
f 1695//255 1700//260 1699//259 1694//254
f 1696//256 1701//261 1702//262 1697//257
f 1698//258 1703//263 1701//261 1696//256
f 1699//259 1704//264 1703//263 1698//258
f 1700//260 1705//265 1704//264 1699//259
f 1701//261 1706//266 1707//267 1702//262
f 1703//263 1708//268 1706//266 1701//261
f 1704//264 1709//269 1708//268 1703//263
f 1705//265 1710//936 1709//269 1704//264
f 1706//266 1711//271 1712//272 1707//267
f 1708//268 1713//273 1711//271 1706//266
f 1709//269 1714//274 1713//273 1708//268
f 1710//936 1715//275 1714//274 1709//269
f 1711//271 1716//276 1717//277 1712//272
f 1713//273 1718//278 1716//276 1711//271
f 1714//274 1719//937 1718//278 1713//273
f 1715//275 1720//938 1719//937 1714//274
f 1716//276 1721//281 1722//282 1717//277
f 1718//278 1723//283 1721//281 1716//276
f 1719//937 1724//284 1723//283 1718//278
f 1720//938 1725//285 1724//284 1719//937
f 1721//281 1726//286 1727//287 1722//282
f 1723//283 1728//288 1726//286 1721//281
f 1724//284 1729//289 1728//288 1723//283
f 1725//285 1730//939 1729//289 1724//284
f 1726//286 1731//291 1732//292 1727//287
f 1728//288 1733//940 1731//291 1726//286
f 1729//289 1734//294 1733//940 1728//288
f 1730//939 1735//295 1734//294 1729//289
f 1731//291 1736//296 1737//297 1732//292
f 1733//940 1738//298 1736//296 1731//291
f 1734//294 1739//299 1738//298 1733//940
f 1735//295 1740//300 1739//299 1734//294
f 1736//296 1741//301 1742//302 1737//297
f 1738//298 1743//303 1741//301 1736//296
f 1739//299 1744//304 1743//303 1738//298
f 1740//300 1745//941 1744//304 1739//299
f 1741//301 1746//306 1747//942 1742//302
f 1743//303 1748//308 1746//306 1741//301
f 1744//304 1749//943 1748//308 1743//303
f 1745//941 1750//310 1749//943 1744//304
f 1746//306 1751//944 1752//312 1747//942
f 1748//308 1753//313 1751//944 1746//306
f 1749//943 1754//314 1753//313 1748//308
f 1750//310 1755//315 1754//314 1749//943
f 1751//944 1756//316 1757//317 1752//312
f 1753//313 1758//318 1756//316 1751//944
f 1754//314 1759//319 1758//318 1753//313
f 1755//315 1760//320 1759//319 1754//314
f 1756//316 1761//321 1762//945 1757//317
f 1758//318 1763//323 1761//321 1756//316
f 1759//319 1764//946 1763//323 1758//318
f 1760//320 1765//325 1764//946 1759//319
f 1761//321 1766//947 1767//948 1762//945
f 1763//323 1768//949 1766//947 1761//321
f 1764//946 1769//950 1768//949 1763//323
f 1765//325 1770//951 1769//950 1764//946
f 1766//947 1771//952 1772//953 1767//948
f 1768//949 1773//954 1771//952 1766//947
f 1769//950 1774//955 1773//954 1768//949
f 1770//951 1775//956 1774//955 1769//950
f 1771//952 1776//957 1777//958 1772//953
f 1773//954 1778//959 1776//957 1771//952
f 1774//955 1779//960 1778//959 1773//954
f 1775//956 1780//961 1779//960 1774//955
f 1776//957 1781//962 1782//963 1777//958
f 1778//959 1783//964 1781//962 1776//957
f 1779//960 1784//965 1783//964 1778//959
f 1780//961 1785//966 1784//965 1779//960
f 1781//962 1786//967 1787//968 1782//963
f 1783//964 1788//969 1786//967 1781//962
f 1784//965 1789//970 1788//969 1783//964
f 1785//966 1790//971 1789//970 1784//965
f 1786//967 1791//972 1792//973 1787//968
f 1788//969 1793//974 1791//972 1786//967
f 1789//970 1794//975 1793//974 1788//969
f 1790//971 1795//976 1794//975 1789//970
f 1791//972 1796//977 1797//978 1792//973
f 1793//974 1798//979 1796//977 1791//972
f 1794//975 1799//980 1798//979 1793//974
f 1795//976 1800//981 1799//980 1794//975
f 1796//977 1801//982 1802//983 1797//978
f 1798//979 1803//984 1801//982 1796//977
f 1799//980 1804//985 1803//984 1798//979
f 1800//981 1805//986 1804//985 1799//980
f 1801//982 1806//987 1807//988 1802//983
f 1803//984 1808//989 1806//987 1801//982
f 1804//985 1809//990 1808//989 1803//984
f 1805//986 1810//991 1809//990 1804//985
f 1806//987 1811//992 1812//993 1807//988
f 1808//989 1813//994 1811//992 1806//987
f 1809//990 1814//995 1813//994 1808//989
f 1810//991 1815//996 1814//995 1809//990
f 1811//992 1816//997 1817//998 1812//993
f 1813//994 1818//999 1816//997 1811//992
f 1814//995 1819//1000 1818//999 1813//994
f 1815//996 1820//1001 1819//1000 1814//995
f 1816//997 1821//1002 1822//1003 1817//998
f 1818//999 1823//1004 1821//1002 1816//997
f 1819//1000 1824//1005 1823//1004 1818//999
f 1820//1001 1825//1006 1824//1005 1819//1000
f 1821//1002 1826//1007 1827//1008 1822//1003
f 1823//1004 1828//1009 1826//1007 1821//1002
f 1824//1005 1829//1010 1828//1009 1823//1004
f 1825//1006 1830//1011 1829//1010 1824//1005
f 1826//1007 1831//1012 1832//1013 1827//1008
f 1828//1009 1833//1014 1831//1012 1826//1007
f 1829//1010 1834//1015 1833//1014 1828//1009
f 1830//1011 1835//1016 1834//1015 1829//1010
f 1831//1012 1836//1017 1837//1018 1832//1013
f 1833//1014 1838//1019 1836//1017 1831//1012
f 1834//1015 1839//1020 1838//1019 1833//1014
f 1835//1016 1840//1021 1839//1020 1834//1015
f 1836//1017 1841//1022 1842//1023 1837//1018
f 1838//1019 1843//1024 1841//1022 1836//1017
f 1839//1020 1844//1025 1843//1024 1838//1019
f 1840//1021 1845//1026 1844//1025 1839//1020
f 1841//1022 1846//1027 1847//1028 1842//1023
f 1843//1024 1848//1029 1846//1027 1841//1022
f 1844//1025 1849//1030 1848//1029 1843//1024
f 1845//1026 1850//1031 1849//1030 1844//1025
f 1846//1027 1851//1032 1852//1033 1847//1028
f 1848//1029 1853//1034 1851//1032 1846//1027
f 1849//1030 1854//1035 1853//1034 1848//1029
f 1850//1031 1855//1036 1854//1035 1849//1030
f 1851//1032 1856//1037 1857//1038 1852//1033
f 1853//1034 1858//1039 1856//1037 1851//1032
f 1854//1035 1859//1040 1858//1039 1853//1034
f 1855//1036 1860//1041 1859//1040 1854//1035
f 1856//1037 1861//1042 1862//1043 1857//1038
f 1858//1039 1863//1044 1861//1042 1856//1037
f 1859//1040 1864//1045 1863//1044 1858//1039
f 1860//1041 1865//1046 1864//1045 1859//1040
f 1861//1042 1866//1047 1867//1048 1862//1043
f 1863//1044 1868//1049 1866//1047 1861//1042
f 1864//1045 1869//1050 1868//1049 1863//1044
f 1865//1046 1870//1051 1869//1050 1864//1045
f 1866//1047 1871//1052 1872//1053 1867//1048
f 1868//1049 1873//1054 1871//1052 1866//1047
f 1869//1050 1874//1055 1873//1054 1868//1049
f 1870//1051 1875//1056 1874//1055 1869//1050
f 1871//1052 1876//1057 1877//1058 1872//1053
f 1873//1054 1878//1059 1876//1057 1871//1052
f 1874//1055 1879//1060 1878//1059 1873//1054
f 1875//1056 1880//1061 1879//1060 1874//1055
f 1876//1057 1881//1062 1882//1063 1877//1058
f 1878//1059 1883//1064 1881//1062 1876//1057
f 1879//1060 1884//1065 1883//1064 1878//1059
f 1880//1061 1885//1066 1884//1065 1879//1060
f 1881//1062 1886//1067 1887//1068 1882//1063
f 1883//1064 1888//1069 1886//1067 1881//1062
f 1884//1065 1889//1070 1888//1069 1883//1064
f 1885//1066 1890//1071 1889//1070 1884//1065
f 1886//1067 1891//1072 1892//1073 1887//1068
f 1888//1069 1893//1074 1891//1072 1886//1067
f 1889//1070 1894//1075 1893//1074 1888//1069
f 1890//1071 1895//1076 1894//1075 1889//1070
f 1891//1072 1896//1077 1897//1078 1892//1073
f 1893//1074 1898//1079 1896//1077 1891//1072
f 1894//1075 1899//1080 1898//1079 1893//1074
f 1895//1076 1900//1081 1899//1080 1894//1075
f 1896//1077 1901//1082 1902//1083 1897//1078
f 1898//1079 1903//1084 1901//1082 1896//1077
f 1899//1080 1904//1085 1903//1084 1898//1079
f 1900//1081 1905//1086 1904//1085 1899//1080
f 1901//1082 1906//1082 1907//1087 1902//1083
f 1903//1084 1908//1079 1906//1082 1901//1082
f 1904//1085 1909//1088 1908//1079 1903//1084
f 1905//1086 1910//1089 1909//1088 1904//1085
f 1906//1082 1911//1090 1912//1087 1907//1087
f 1908//1079 1913//1091 1911//1090 1906//1082
f 1909//1088 1914//1092 1913//1091 1908//1079
f 1910//1089 1915//1093 1914//1092 1909//1088
f 1911//1090 1916//1094 1917//1073 1912//1087
f 1913//1091 1918//1095 1916//1094 1911//1090
f 1914//1092 1919//1096 1918//1095 1913//1091
f 1915//1093 1920//1076 1919//1096 1914//1092
f 1916//1094 1921//1097 1922//1098 1917//1073
f 1918//1095 1923//1099 1921//1097 1916//1094
f 1919//1096 1924//1100 1923//1099 1918//1095
f 1920//1076 1925//1101 1924//1100 1919//1096
f 1921//1097 1926//1102 1927//1103 1922//1098
f 1923//1099 1928//1104 1926//1102 1921//1097
f 1924//1100 1929//1105 1928//1104 1923//1099
f 1925//1101 1930//1106 1929//1105 1924//1100
f 1926//1102 1931//1107 1932//1108 1927//1103
f 1928//1104 1933//1109 1931//1107 1926//1102
f 1929//1105 1934//1110 1933//1109 1928//1104
f 1930//1106 1935//1111 1934//1110 1929//1105
f 1931//1107 1936//1112 1937//1063 1932//1108
f 1933//1109 1938//1113 1936//1112 1931//1107
f 1934//1110 1939//1114 1938//1113 1933//1109
f 1935//1111 1940//1115 1939//1114 1934//1110
f 1936//1112 1941//1116 1942//1117 1937//1063
f 1938//1113 1943//1118 1941//1116 1936//1112
f 1939//1114 1944//1119 1943//1118 1938//1113
f 1940//1115 1945//1120 1944//1119 1939//1114
f 1941//1116 1946//1121 1947//1122 1942//1117
f 1943//1118 1948//1123 1946//1121 1941//1116
f 1944//1119 1949//1124 1948//1123 1943//1118
f 1945//1120 1950//1125 1949//1124 1944//1119
f 1946//1121 1951//1126 1952//1127 1947//1122
f 1948//1123 1953//1128 1951//1126 1946//1121
f 1949//1124 1954//1129 1953//1128 1948//1123
f 1950//1125 1955//1130 1954//1129 1949//1124
f 1951//1126 1956//1131 1957//1132 1952//1127
f 1953//1128 1958//1133 1956//1131 1951//1126
f 1954//1129 1959//1134 1958//1133 1953//1128
f 1955//1130 1960//1135 1959//1134 1954//1129
f 1956//1131 1961//1136 1962//1137 1957//1132
f 1958//1133 1963//1138 1961//1136 1956//1131
f 1959//1134 1964//1139 1963//1138 1958//1133
f 1960//1135 1965//1140 1964//1139 1959//1134
f 1961//1136 1966//1141 1967//1142 1962//1137
f 1963//1138 1968//1143 1966//1141 1961//1136
f 1964//1139 1969//1144 1968//1143 1963//1138
f 1965//1140 1970//1145 1969//1144 1964//1139
f 1966//1141 1971//1146 1972//1147 1967//1142
f 1968//1143 1973//1148 1971//1146 1966//1141
f 1969//1144 1974//1149 1973//1148 1968//1143
f 1970//1145 1975//1150 1974//1149 1969//1144
f 1971//1146 1976//1151 1977//1152 1972//1147
f 1973//1148 1978//1153 1976//1151 1971//1146
f 1974//1149 1979//1154 1978//1153 1973//1148
f 1975//1150 1980//1155 1979//1154 1974//1149
f 1976//1151 1981//1156 1982//1157 1977//1152
f 1978//1153 1983//1158 1981//1156 1976//1151
f 1979//1154 1984//1159 1983//1158 1978//1153
f 1980//1155 1985//1160 1984//1159 1979//1154
f 1981//1156 1986//1161 1987//1162 1982//1157
f 1983//1158 1988//1163 1986//1161 1981//1156
f 1984//1159 1989//1164 1988//1163 1983//1158
f 1985//1160 1990//1165 1989//1164 1984//1159
f 1986//1161 1991//1166 1992//1167 1987//1162
f 1988//1163 1993//1168 1991//1166 1986//1161
f 1989//1164 1994//1169 1993//1168 1988//1163
f 1990//1165 1995//1170 1994//1169 1989//1164
f 1991//1166 1996//1171 1997//1172 1992//1167
f 1993//1168 1998//1173 1996//1171 1991//1166
f 1994//1169 1999//1174 1998//1173 1993//1168
f 1995//1170 2000//1175 1999//1174 1994//1169
f 1996//1171 2001//1176 2002//1177 1997//1172
f 1998//1173 2003//1178 2001//1176 1996//1171
f 1999//1174 2004//1179 2003//1178 1998//1173
f 2000//1175 2005//1180 2004//1179 1999//1174
f 2001//1176 2006//1181 2007//1182 2002//1177
f 2003//1178 2008//1183 2006//1181 2001//1176
f 2004//1179 2009//1184 2008//1183 2003//1178
f 2005//1180 2010//1185 2009//1184 2004//1179
f 2006//1181 2011//1186 2012//1187 2007//1182
f 2008//1183 2013//1188 2011//1186 2006//1181
f 2009//1184 2014//1189 2013//1188 2008//1183
f 2010//1185 2015//1190 2014//1189 2009//1184
f 2011//1186 2016//1191 2017//1192 2012//1187
f 2013//1188 2018//1193 2016//1191 2011//1186
f 2014//1189 2019//1194 2018//1193 2013//1188
f 2015//1190 2020//1195 2019//1194 2014//1189
f 2016//1191 2021//1196 2022//1197 2017//1192
f 2018//1193 2023//1198 2021//1196 2016//1191
f 2019//1194 2024//1199 2023//1198 2018//1193
f 2020//1195 2025//1200 2024//1199 2019//1194
f 2021//1196 2026//1201 2027//1202 2022//1197
f 2023//1198 2028//1203 2026//1201 2021//1196
f 2024//1199 2029//1204 2028//1203 2023//1198
f 2025//1200 2030//1205 2029//1204 2024//1199
f 2026//1201 2031//1206 2032//1207 2027//1202
f 2028//1203 2033//1208 2031//1206 2026//1201
f 2029//1204 2034//1209 2033//1208 2028//1203
f 2030//1205 2035//1210 2034//1209 2029//1204
f 2031//1206 2036//1211 2037//1212 2032//1207
f 2033//1208 2038//1213 2036//1211 2031//1206
f 2034//1209 2039//1214 2038//1213 2033//1208
f 2035//1210 2040//1215 2039//1214 2034//1209
f 2036//1211 2041//1216 2042//1217 2037//1212
f 2038//1213 2043//1218 2041//1216 2036//1211
f 2039//1214 2044//1219 2043//1218 2038//1213
f 2040//1215 2045//1220 2044//1219 2039//1214
f 2041//1216 2046//1221 2047//1222 2042//1217
f 2043//1218 2048//1223 2046//1221 2041//1216
f 2044//1219 2049//1224 2048//1223 2043//1218
f 2045//1220 2050//1225 2049//1224 2044//1219
f 2046//1221 2051//1226 2052//1227 2047//1222
f 2048//1223 2053//1228 2051//1226 2046//1221
f 2049//1224 2054//1229 2053//1228 2048//1223
f 2050//1225 2055//1230 2054//1229 2049//1224
f 2051//1226 2056//1231 2057//1232 2052//1227
f 2053//1228 2058//1233 2056//1231 2051//1226
f 2054//1229 2059//1234 2058//1233 2053//1228
f 2055//1230 2060//1235 2059//1234 2054//1229
f 2056//1231 2061//1236 2062//1237 2057//1232
f 2058//1233 2063//1238 2061//1236 2056//1231
f 2059//1234 2064//1239 2063//1238 2058//1233
f 2060//1235 2065//1240 2064//1239 2059//1234
f 2061//1236 2066//1241 2067//1242 2062//1237
f 2063//1238 2068//1243 2066//1241 2061//1236
f 2064//1239 2069//1244 2068//1243 2063//1238
f 2065//1240 2070//1245 2069//1244 2064//1239
f 2066//1241 2071//1246 2072//1247 2067//1242
f 2068//1243 2073//1248 2071//1246 2066//1241
f 2069//1244 2074//1249 2073//1248 2068//1243
f 2070//1245 2075//1250 2074//1249 2069//1244
f 2071//1246 2076//1251 2077//1252 2072//1247
f 2073//1248 2078//1253 2076//1251 2071//1246
f 2074//1249 2079//1254 2078//1253 2073//1248
f 2075//1250 2080//1255 2079//1254 2074//1249
f 2076//1251 2081//1256 2082//1257 2077//1252
f 2078//1253 2083//1258 2081//1256 2076//1251
f 2079//1254 2084//1259 2083//1258 2078//1253
f 2080//1255 2085//1260 2084//1259 2079//1254
f 2081//1256 2086//1261 2087//1262 2082//1257
f 2083//1258 2088//1263 2086//1261 2081//1256
f 2084//1259 2089//1264 2088//1263 2083//1258
f 2085//1260 2090//1265 2089//1264 2084//1259
f 2086//1261 2091//1266 2092//1267 2087//1262
f 2088//1263 2093//1268 2091//1266 2086//1261
f 2089//1264 2094//1269 2093//1268 2088//1263
f 2090//1265 2095//1270 2094//1269 2089//1264
f 2091//1266 2096//1271 2097//1272 2092//1267
f 2093//1268 2098//1273 2096//1271 2091//1266
f 2094//1269 2099//1274 2098//1273 2093//1268
f 2095//1270 2100//1275 2099//1274 2094//1269
f 2096//1271 2101//1276 2102//1277 2097//1272
f 2098//1273 2103//1278 2101//1276 2096//1271
f 2099//1274 2104//1279 2103//1278 2098//1273
f 2100//1275 2105//1280 2104//1279 2099//1274
f 2101//1276 2106//1281 2107//1277 2102//1277
f 2103//1278 2108//1282 2106//1281 2101//1276
f 2104//1279 2109//1283 2108//1282 2103//1278
f 2105//1280 2110//1284 2109//1283 2104//1279
f 2106//1281 2111//1281 2112//1285 2107//1277
f 2108//1282 2113//1286 2111//1281 2106//1281
f 2109//1283 2114//1287 2113//1286 2108//1282
f 2110//1284 2115//1288 2114//1287 2109//1283
f 2111//1281 2116//1289 2117//1290 2112//1285
f 2113//1286 2118//1291 2116//1289 2111//1281
f 2114//1287 2119//1292 2118//1291 2113//1286
f 2115//1288 2120//1293 2119//1292 2114//1287
f 2116//1289 2121//1294 2122//1272 2117//1290
f 2118//1291 2123//1295 2121//1294 2116//1289
f 2119//1292 2124//1296 2123//1295 2118//1291
f 2120//1293 2125//1275 2124//1296 2119//1292
f 2121//1294 2126//1297 2127//1298 2122//1272
f 2123//1295 2128//1299 2126//1297 2121//1294
f 2124//1296 2129//1300 2128//1299 2123//1295
f 2125//1275 2130//1301 2129//1300 2124//1296
f 2126//1297 2131//1302 2132//1252 2127//1298
f 2128//1299 2133//1303 2131//1302 2126//1297
f 2129//1300 2134//1304 2133//1303 2128//1299
f 2130//1301 2135//1305 2134//1304 2129//1300
f 2131//1302 2136//1306 2137//1307 2132//1252
f 2133//1303 2138//1308 2136//1306 2131//1302
f 2134//1304 2139//1309 2138//1308 2133//1303
f 2135//1305 2140//1310 2139//1309 2134//1304
f 2136//1306 2141//1311 2142//1312 2137//1307
f 2138//1308 2143//1313 2141//1311 2136//1306
f 2139//1309 2144//1314 2143//1313 2138//1308
f 2140//1310 2145//1315 2144//1314 2139//1309
f 2141//1311 2146//1316 2147//1317 2142//1312
f 2143//1313 2148//1318 2146//1316 2141//1311
f 2144//1314 2149//1319 2148//1318 2143//1313
f 2145//1315 2150//1320 2149//1319 2144//1314
f 2146//1316 2151//1321 2152//1322 2147//1317
f 2148//1318 2153//1323 2151//1321 2146//1316
f 2149//1319 2154//1324 2153//1323 2148//1318
f 2150//1320 2155//1325 2154//1324 2149//1319
f 2151//1321 2156//1326 2157//1327 2152//1322
f 2153//1323 2158//1328 2156//1326 2151//1321
f 2154//1324 2159//1329 2158//1328 2153//1323
f 2155//1325 2160//1330 2159//1329 2154//1324
f 2156//1326 2161//1331 2162//1332 2157//1327
f 2158//1328 2163//1333 2161//1331 2156//1326
f 2159//1329 2164//1334 2163//1333 2158//1328
f 2160//1330 2165//1335 2164//1334 2159//1329
f 2161//1331 2166//1336 2167//1337 2162//1332
f 2163//1333 2168//1338 2166//1336 2161//1331
f 2164//1334 2169//1339 2168//1338 2163//1333
f 2165//1335 2170//1340 2169//1339 2164//1334
f 2166//1336 2171//1341 2172//1342 2167//1337
f 2168//1338 2173//1343 2171//1341 2166//1336
f 2169//1339 2174//1344 2173//1343 2168//1338
f 2170//1340 2175//1345 2174//1344 2169//1339
f 2171//1341 2176//1346 2177//1347 2172//1342
f 2173//1343 2178//1348 2176//1346 2171//1341
f 2174//1344 2179//1349 2178//1348 2173//1343
f 2175//1345 2180//1350 2179//1349 2174//1344
f 2176//1346 2181//1351 2182//1352 2177//1347
f 2178//1348 2183//1353 2181//1351 2176//1346
f 2179//1349 2184//1354 2183//1353 2178//1348
f 2180//1350 2185//1355 2184//1354 2179//1349
f 2181//1351 2186//1356 2187//1357 2182//1352
f 2183//1353 2188//1358 2186//1356 2181//1351
f 2184//1354 2189//1359 2188//1358 2183//1353
f 2185//1355 2190//1360 2189//1359 2184//1354
f 2186//1356 2191//1361 2192//1362 2187//1357
f 2188//1358 2193//1363 2191//1361 2186//1356
f 2189//1359 2194//1364 2193//1363 2188//1358
f 2190//1360 2195//1365 2194//1364 2189//1359
f 2191//1361 2196//1366 2197//1367 2192//1362
f 2193//1363 2198//1368 2196//1366 2191//1361
f 2194//1364 2199//1369 2198//1368 2193//1363
f 2195//1365 2200//1370 2199//1369 2194//1364
f 2196//1366 2201//1371 2202//1372 2197//1367
f 2198//1368 2203//1373 2201//1371 2196//1366
f 2199//1369 2204//1374 2203//1373 2198//1368
f 2200//1370 2205//1375 2204//1374 2199//1369
f 2201//1371 2206//1376 2207//1377 2202//1372
f 2203//1373 2208//1378 2206//1376 2201//1371
f 2204//1374 2209//1379 2208//1378 2203//1373
f 2205//1375 2210//1380 2209//1379 2204//1374
f 2206//1376 2211//1381 2212//1382 2207//1377
f 2208//1378 2213//1383 2211//1381 2206//1376
f 2209//1379 2214//1384 2213//1383 2208//1378
f 2210//1380 2215//1385 2214//1384 2209//1379
f 2211//1381 2216//1386 2217//1387 2212//1382
f 2213//1383 2218//1388 2216//1386 2211//1381
f 2214//1384 2219//1389 2218//1388 2213//1383
f 2215//1385 2220//1390 2219//1389 2214//1384
f 2216//1386 2221//1391 2222//1392 2217//1387
f 2218//1388 2223//1393 2221//1391 2216//1386
f 2219//1389 2224//1394 2223//1393 2218//1388
f 2220//1390 2225//1395 2224//1394 2219//1389
f 2221//1391 2226//1396 2227//1397 2222//1392
f 2223//1393 2228//1398 2226//1396 2221//1391
f 2224//1394 2229//1399 2228//1398 2223//1393
f 2225//1395 2230//1400 2229//1399 2224//1394
f 2226//1396 2231//1401 2232//1402 2227//1397
f 2228//1398 2233//1403 2231//1401 2226//1396
f 2229//1399 2234//1404 2233//1403 2228//1398
f 2230//1400 2235//1405 2234//1404 2229//1399
f 2231//1401 2236//1406 2237//1407 2232//1402
f 2233//1403 2238//1408 2236//1406 2231//1401
f 2234//1404 2239//1409 2238//1408 2233//1403
f 2235//1405 2240//1410 2239//1409 2234//1404
f 2236//1406 2241//1411 2242//1412 2237//1407
f 2238//1408 2243//1413 2241//1411 2236//1406
f 2239//1409 2244//1414 2243//1413 2238//1408
f 2240//1410 2245//1415 2244//1414 2239//1409
f 2241//1411 2246//1416 2247//1417 2242//1412
f 2243//1413 2248//1418 2246//1416 2241//1411
f 2244//1414 2249//1419 2248//1418 2243//1413
f 2245//1415 2250//1420 2249//1419 2244//1414
f 2246//1416 911//201 914//204 2247//1417
f 2248//1418 915//205 911//201 2246//1416
f 2249//1419 917//207 915//205 2248//1418
f 2250//1420 919//209 917//207 2249//1419
f 2251//1421 2252//1422 2253//1422 2254//1421
f 2252//1422 2255//1423 2256//1423 2253//1422
f 2255//1423 2257//1424 2258//1424 2256//1423
f 2257//1424 2259//1425 2260//1425 2258//1424
f 2259//1425 2261//1426 2262//1426 2260//1425
f 2261//1426 2263//1427 2264//1427 2262//1426
f 2263//1427 2265//1428 2266//1428 2264//1427
f 2265//1428 2267//1429 2268//1429 2266//1428
f 2267//1429 2269//1430 2270//1430 2268//1429
f 2269//1430 2271//1431 2272//1431 2270//1430
f 2271//1431 2273//1432 2274//1432 2272//1431
f 2273//1432 2275//1433 2276//1433 2274//1432
f 2275//1433 2277//1434 2278//1434 2276//1433
f 2277//1434 2279//1435 2280//1435 2278//1434
f 2279//1435 2281//1436 2282//1436 2280//1435
f 2281//1436 2283//1437 2284//1437 2282//1436
f 2283//1437 2285//1438 2286//1438 2284//1437
f 2285//1438 2287//1439 2288//1439 2286//1438
f 2287//1439 2289//1440 2290//1440 2288//1439
f 2289//1440 2291//1441 2292//1441 2290//1440
f 2291//1441 2293//1442 2294//1442 2292//1441
f 2293//1442 2295//1443 2296//1443 2294//1442
f 2295//1443 2297//1444 2298//1444 2296//1443
f 2297//1444 2299//1445 2300//1445 2298//1444
f 2299//1445 2301//1446 2302//1446 2300//1445
f 2301//1446 2303//1447 2304//1447 2302//1446
f 2303//1447 2305//1448 2306//1448 2304//1447
f 2305//1448 2307//1449 2308//1449 2306//1448
f 2307//1449 2309//1450 2310//1450 2308//1449
f 2309//1450 2311//1451 2312//1451 2310//1450
f 2311//1451 2313//1452 2314//1452 2312//1451
f 2313//1452 2315//1453 2316//1453 2314//1452
f 2315//1453 2317//1454 2318//1454 2316//1453
f 2317//1454 2319//1455 2320//1455 2318//1454
f 2319//1455 2321//1456 2322//1456 2320//1455
f 2321//1456 2323//1457 2324//1457 2322//1456
f 2323//1457 2325//1458 2326//1458 2324//1457
f 2325//1458 2327//1459 2328//1459 2326//1458
f 2327//1459 2329//1460 2330//1460 2328//1459
f 2329//1460 2331//1461 2332//1461 2330//1460
f 2331//1461 2333//1462 2334//1462 2332//1461
f 2333//1462 2335//1463 2336//1463 2334//1462
f 2335//1463 2337//1464 2338//1464 2336//1463
f 2337//1464 2339//1465 2340//1465 2338//1464
f 2339//1465 2341//1466 2342//1466 2340//1465
f 2341//1466 2343//1467 2344//1467 2342//1466
f 2343//1467 2345//1468 2346//1468 2344//1467
f 2345//1468 2347//1469 2348//1469 2346//1468
f 2347//1469 2349//1470 2350//1470 2348//1469
f 2349//1470 2351//1471 2352//1471 2350//1470
f 2351//1471 2353//1472 2354//1472 2352//1471
f 2353//1472 2355//1473 2356//1473 2354//1472
f 2355//1473 2357//1474 2358//1474 2356//1473
f 2357//1474 2359//1475 2360//1475 2358//1474
f 2359//1475 2361//1476 2362//1476 2360//1475
f 2361//1476 2363//1477 2364//1477 2362//1476
f 2363//1477 2365//1478 2366//1478 2364//1477
f 2365//1478 2367//1479 2368//1479 2366//1478
f 2367//1479 2369//1480 2370//1480 2368//1479
f 2369//1480 2371//1481 2372//1481 2370//1480
f 2371//1481 2373//1482 2374//1482 2372//1481
f 2373//1482 2375//1483 2376//1483 2374//1482
f 2375//1483 2377//1484 2378//1484 2376//1483
f 2377//1484 2379//1485 2380//1485 2378//1484
f 2379//1485 2381//1486 2382//1486 2380//1485
f 2381//1486 2383//1487 2384//1487 2382//1486
f 2383//1487 2385//1488 2386//1488 2384//1487
f 2385//1488 2387//1489 2388//1489 2386//1488
f 2387//1489 2389//1490 2390//1490 2388//1489
f 2389//1490 2391//1491 2392//1491 2390//1490
f 2391//1491 2393//1492 2394//1492 2392//1491
f 2393//1492 2395//1493 2396//1493 2394//1492
f 2395//1493 2397//1494 2398//1494 2396//1493
f 2397//1494 2399//1495 2400//1495 2398//1494
f 2399//1495 2401//1496 2402//1496 2400//1495
f 2401//1496 2403//1497 2404//1497 2402//1496
f 2403//1497 2405//1498 2406//1498 2404//1497
f 2405//1498 2407//1499 2408//1499 2406//1498
f 2407//1499 2409//1500 2410//1500 2408//1499
f 2409//1500 2411//1501 2412//1501 2410//1500
f 2411//1501 2413//1502 2414//1502 2412//1501
f 2413//1502 2415//1503 2416//1503 2414//1502
f 2415//1503 2417//1504 2418//1504 2416//1503
f 2417//1504 2419//1505 2420//1505 2418//1504
f 2419//1505 2421//1433 2422//1433 2420//1505
f 2421//1433 2423//1506 2424//1506 2422//1433
f 2423//1506 2425//1507 2426//1507 2424//1506
f 2425//1507 2427//1508 2428//1508 2426//1507
f 2427//1508 2429//1509 2430//1509 2428//1508
f 2429//1509 2431//1510 2432//1510 2430//1509
f 2431//1510 2433//1511 2434//1511 2432//1510
f 2433//1511 2435//1512 2436//1512 2434//1511
f 2435//1512 2437//1513 2438//1513 2436//1512
f 2437//1513 2439//1514 2440//1514 2438//1513
f 2439//1514 2441//1515 2442//1515 2440//1514
f 2441//1515 2443//1516 2444//1516 2442//1515
f 2443//1516 2445//1517 2446//1517 2444//1516
f 2445//1517 2447//1518 2448//1518 2446//1517
f 2447//1518 2449//1519 2450//1519 2448//1518
f 2449//1519 2451//1520 2452//1520 2450//1519
f 2451//1520 2453//1520 2454//1520 2452//1520
f 2453//1520 2455//1521 2456//1521 2454//1520
f 2455//1521 2457//1522 2458//1522 2456//1521
f 2457//1522 2459//1523 2460//1523 2458//1522
f 2459//1523 2461//1524 2462//1524 2460//1523
f 2461//1524 2463//1525 2464//1525 2462//1524
f 2463//1525 2465//1526 2466//1526 2464//1525
f 2465//1526 2467//1527 2468//1527 2466//1526
f 2467//1527 2469//1528 2470//1528 2468//1527
f 2469//1528 2471//1529 2472//1529 2470//1528
f 2471//1529 2473//1530 2474//1530 2472//1529
f 2473//1530 2475//1531 2476//1531 2474//1530
f 2475//1531 2477//1532 2478//1532 2476//1531
f 2477//1532 2479//1533 2480//1533 2478//1532
f 2479//1533 2481//1534 2482//1534 2480//1533
f 2481//1534 2483//1535 2484//1535 2482//1534
f 2483//1535 2485//1536 2486//1536 2484//1535
f 2485//1536 2487//1537 2488//1537 2486//1536
f 2487//1537 2489//1538 2490//1538 2488//1537
f 2489//1538 2491//1539 2492//1539 2490//1538
f 2491//1539 2493//1540 2494//1540 2492//1539
f 2493//1540 2495//1541 2496//1541 2494//1540
f 2495//1541 2497//1542 2498//1542 2496//1541
f 2497//1542 2499//1543 2500//1543 2498//1542
f 2499//1543 2501//1544 2502//1544 2500//1543
f 2501//1544 2503//1545 2504//1545 2502//1544
f 2503//1545 2505//1546 2506//1546 2504//1545
f 2505//1546 2507//1547 2508//1547 2506//1546
f 2507//1547 2509//1548 2510//1548 2508//1547
f 2509//1548 2511//1549 2512//1549 2510//1548
f 2511//1549 2513//1550 2514//1550 2512//1549
f 2513//1550 2515//1551 2516//1551 2514//1550
f 2515//1551 2517//1552 2518//1552 2516//1551
f 2517//1552 2519//1553 2520//1553 2518//1552
f 2519//1553 2521//1554 2522//1554 2520//1553
f 2521//1554 2523//1555 2524//1555 2522//1554
f 2523//1555 2525//1556 2526//1556 2524//1555
f 2525//1556 2527//1557 2528//1557 2526//1556
f 2527//1557 2529//1558 2530//1558 2528//1557
f 2529//1558 2531//1559 2532//1559 2530//1558
f 2531//1559 2533//1560 2534//1560 2532//1559
f 2533//1560 2535//1561 2536//1561 2534//1560
f 2535//1561 2537//1562 2538//1562 2536//1561
f 2537//1562 2539//1563 2540//1563 2538//1562
f 2539//1563 2541//1564 2542//1564 2540//1563
f 2541//1564 2543//1421 2544//1421 2542//1564
f 2543//1421 2545//1422 2546//1422 2544//1421
f 2545//1422 2547//1423 2548//1423 2546//1422
f 2547//1423 2549//1424 2550//1424 2548//1423
f 2549//1424 2551//1425 2552//1425 2550//1424
f 2551//1425 2553//1426 2554//1426 2552//1425
f 2553//1426 2555//1427 2556//1427 2554//1426
f 2555//1427 2557//1428 2558//1428 2556//1427
f 2557//1428 2559//1429 2560//1429 2558//1428
f 2559//1429 2561//1430 2562//1430 2560//1429
f 2561//1430 2563//1431 2564//1431 2562//1430
f 2563//1431 2565//1432 2566//1432 2564//1431
f 2565//1432 2567//1433 2568//1433 2566//1432
f 2567//1433 2569//1434 2570//1434 2568//1433
f 2569//1434 2571//1435 2572//1435 2570//1434
f 2571//1435 2573//1436 2574//1436 2572//1435
f 2573//1436 2575//1437 2576//1437 2574//1436
f 2575//1437 2577//1438 2578//1438 2576//1437
f 2577//1438 2579//1439 2580//1439 2578//1438
f 2579//1439 2581//1440 2582//1440 2580//1439
f 2581//1440 2583//1441 2584//1441 2582//1440
f 2583//1441 2585//1442 2586//1442 2584//1441
f 2585//1442 2587//1443 2588//1443 2586//1442
f 2587//1443 2589//1444 2590//1444 2588//1443
f 2589//1444 2591//1445 2592//1445 2590//1444
f 2591//1445 2593//1565 2594//1565 2592//1445
f 2593//1565 2595//1566 2596//1566 2594//1565
f 2595//1566 2597//1567 2598//1567 2596//1566
f 2597//1567 2599//1568 2600//1568 2598//1567
f 2599//1568 2601//1569 2602//1569 2600//1568
f 2601//1569 2603//1570 2604//1570 2602//1569
f 2603//1570 2605//1571 2606//1571 2604//1570
f 2605//1571 2607//1572 2608//1572 2606//1571
f 2607//1572 2609//1573 2610//1573 2608//1572
f 2609//1573 2611//1574 2612//1574 2610//1573
f 2611//1574 2613//1575 2614//1575 2612//1574
f 2613//1575 2615//1576 2616//1576 2614//1575
f 2615//1576 2617//1577 2618//1577 2616//1576
f 2617//1577 2619//1578 2620//1578 2618//1577
f 2619//1578 2621//1579 2622//1579 2620//1578
f 2621//1579 2623//1580 2624//1580 2622//1579
f 2623//1580 2625//1581 2626//1581 2624//1580
f 2625//1581 2627//1582 2628//1582 2626//1581
f 2627//1582 2629//1583 2630//1583 2628//1582
f 2629//1583 2631//1584 2632//1584 2630//1583
f 2631//1584 2633//1585 2634//1585 2632//1584
f 2633//1585 2635//1586 2636//1586 2634//1585
f 2635//1586 2637//1587 2638//1587 2636//1586
f 2637//1587 2639//1588 2640//1588 2638//1587
f 2639//1588 2641//1589 2642//1589 2640//1588
f 2641//1589 2643//1590 2644//1590 2642//1589
f 2643//1590 2645//1591 2646//1591 2644//1590
f 2645//1591 2647//1592 2648//1592 2646//1591
f 2647//1592 2649//1591 2650//1591 2648//1592
f 2649//1591 2651//1593 2652//1593 2650//1591
f 2651//1593 2653//1594 2654//1594 2652//1593
f 2653//1594 2655//1595 2656//1595 2654//1594
f 2655//1595 2657//1596 2658//1596 2656//1595
f 2657//1596 2659//1597 2660//1597 2658//1596
f 2659//1597 2661//1598 2662//1598 2660//1597
f 2661//1598 2663//1599 2664//1599 2662//1598
f 2663//1599 2665//1600 2666//1600 2664//1599
f 2665//1600 2667//1601 2668//1601 2666//1600
f 2667//1601 2669//1602 2670//1602 2668//1601
f 2669//1602 2671//1603 2672//1603 2670//1602
f 2671//1603 2673//1604 2674//1604 2672//1603
f 2673//1604 2675//1605 2676//1605 2674//1604
f 2675//1605 2677//1606 2678//1606 2676//1605
f 2677//1606 2679//1607 2680//1607 2678//1606
f 2679//1607 2681//1608 2682//1608 2680//1607
f 2681//1608 2683//1609 2684//1609 2682//1608
f 2683//1609 2685//1610 2686//1610 2684//1609
f 2685//1610 2687//1611 2688//1611 2686//1610
f 2687//1611 2689//1433 2690//1433 2688//1611
f 2689//1433 2691//1612 2692//1612 2690//1433
f 2691//1612 2693//1613 2694//1613 2692//1612
f 2693//1613 2695//1614 2696//1614 2694//1613
f 2695//1614 2697//1615 2698//1615 2696//1614
f 2697//1615 2699//1616 2700//1616 2698//1615
f 2699//1616 2701//1617 2702//1617 2700//1616
f 2701//1617 2703//1618 2704//1618 2702//1617
f 2703//1618 2705//1619 2706//1619 2704//1618
f 2705//1619 2707//1620 2708//1620 2706//1619
f 2707//1620 2709//1621 2710//1621 2708//1620
f 2709//1621 2711//1622 2712//1622 2710//1621
f 2711//1622 2713//1623 2714//1623 2712//1622
f 2713//1623 2715//1624 2716//1624 2714//1623
f 2715//1624 2717//1625 2718//1625 2716//1624
f 2717//1625 2719//1626 2720//1626 2718//1625
f 2719//1626 2721//1627 2722//1627 2720//1626
f 2721//1627 2723//1628 2724//1628 2722//1627
f 2723//1628 2725//1629 2726//1629 2724//1628
f 2725//1629 2727//1630 2728//1630 2726//1629
f 2727//1630 2729//1631 2730//1631 2728//1630
f 2729//1631 2731//1632 2732//1632 2730//1631
f 2731//1632 2733//1631 2734//1631 2732//1632
f 2733//1631 2735//1633 2736//1633 2734//1631
f 2735//1633 2737//1634 2738//1634 2736//1633
f 2737//1634 2739//1635 2740//1635 2738//1634
f 2739//1635 2741//1636 2742//1636 2740//1635
f 2741//1636 2743//1637 2744//1637 2742//1636
f 2743//1637 2745//1638 2746//1638 2744//1637
f 2745//1638 2747//1639 2748//1639 2746//1638
f 2747//1639 2749//1640 2750//1640 2748//1639
f 2749//1640 2751//1641 2752//1641 2750//1640
f 2751//1641 2753//1642 2754//1642 2752//1641
f 2753//1642 2755//1643 2756//1643 2754//1642
f 2755//1643 2757//1644 2758//1644 2756//1643
f 2757//1644 2759//1645 2760//1645 2758//1644
f 2759//1645 2761//1646 2762//1646 2760//1645
f 2761//1646 2763//1647 2764//1647 2762//1646
f 2763//1647 2765//1648 2766//1648 2764//1647
f 2765//1648 2767//1649 2768//1649 2766//1648
f 2767//1649 2769//1650 2770//1650 2768//1649
f 2769//1650 2771//1651 2772//1651 2770//1650
f 2771//1651 2773//1652 2774//1652 2772//1651
f 2773//1652 2775//1653 2776//1653 2774//1652
f 2775//1653 2777//1654 2778//1654 2776//1653
f 2777//1654 2779//1655 2780//1655 2778//1654
f 2779//1655 2781//1656 2782//1656 2780//1655
f 2781//1656 2783//1657 2784//1657 2782//1656
f 2783//1657 2785//1658 2786//1658 2784//1657
f 2785//1658 2251//1421 2254//1421 2786//1658
f 2787//1659 2788//1660 2789//1661 2790//1662
f 2791//1663 2792//1664 2788//1660 2787//1659
f 2793//1665 2794//1666 2792//1664 2791//1663
f 2795//1667 2796//1668 2794//1666 2793//1665
f 2788//1660 2797//1669 2798//1670 2789//1661
f 2792//1664 2799//1671 2797//1669 2788//1660
f 2794//1666 2800//1672 2799//1671 2792//1664
f 2796//1668 2801//1673 2800//1672 2794//1666
f 2797//1669 2802//1674 2803//1675 2798//1670
f 2799//1671 2804//1676 2802//1674 2797//1669
f 2800//1672 2805//1677 2804//1676 2799//1671
f 2801//1673 2806//1678 2805//1677 2800//1672
f 2802//1674 2807//1679 2808//1680 2803//1675
f 2804//1676 2809//1681 2807//1679 2802//1674
f 2805//1677 2810//1682 2809//1681 2804//1676
f 2806//1678 2811//1683 2810//1682 2805//1677
f 2807//1679 2812//1684 2813//1685 2808//1680
f 2809//1681 2814//1686 2812//1684 2807//1679
f 2810//1682 2815//1687 2814//1686 2809//1681
f 2811//1683 2816//1688 2815//1687 2810//1682
f 2812//1684 2817//1689 2818//1690 2813//1685
f 2814//1686 2819//1691 2817//1689 2812//1684
f 2815//1687 2820//1692 2819//1691 2814//1686
f 2816//1688 2821//1693 2820//1692 2815//1687
f 2817//1689 2822//1694 2823//1695 2818//1690
f 2819//1691 2824//1696 2822//1694 2817//1689
f 2820//1692 2825//1697 2824//1696 2819//1691
f 2821//1693 2826//1698 2825//1697 2820//1692
f 2822//1694 2827//1699 2828//1700 2823//1695
f 2824//1696 2829//1701 2827//1699 2822//1694
f 2825//1697 2830//1702 2829//1701 2824//1696
f 2826//1698 2831//1703 2830//1702 2825//1697
f 2827//1699 2832//1704 2833//1705 2828//1700
f 2829//1701 2834//1706 2832//1704 2827//1699
f 2830//1702 2835//1707 2834//1706 2829//1701
f 2831//1703 2836//1708 2835//1707 2830//1702
f 2832//1704 2837//1709 2838//1710 2833//1705
f 2834//1706 2839//1711 2837//1709 2832//1704
f 2835//1707 2840//1712 2839//1711 2834//1706
f 2836//1708 2841//1713 2840//1712 2835//1707
f 2837//1709 2842//1714 2843//1715 2838//1710
f 2839//1711 2844//1716 2842//1714 2837//1709
f 2840//1712 2845//1717 2844//1716 2839//1711
f 2841//1713 2846//1718 2845//1717 2840//1712
f 2842//1714 2847//1719 2848//1720 2843//1715
f 2844//1716 2849//1721 2847//1719 2842//1714
f 2845//1717 2850//1722 2849//1721 2844//1716
f 2846//1718 2851//1723 2850//1722 2845//1717
f 2847//1719 2852//1724 2853//1725 2848//1720
f 2849//1721 2854//1726 2852//1724 2847//1719
f 2850//1722 2855//1727 2854//1726 2849//1721
f 2851//1723 2856//1728 2855//1727 2850//1722
f 2852//1724 2857//1729 2858//1730 2853//1725
f 2854//1726 2859//1731 2857//1729 2852//1724
f 2855//1727 2860//1732 2859//1731 2854//1726
f 2856//1728 2861//1733 2860//1732 2855//1727
f 2857//1729 2862//1734 2863//1735 2858//1730
f 2859//1731 2864//1736 2862//1734 2857//1729
f 2860//1732 2865//1737 2864//1736 2859//1731
f 2861//1733 2866//1738 2865//1737 2860//1732
f 2862//1734 2867//1739 2868//1740 2863//1735
f 2864//1736 2869//1741 2867//1739 2862//1734
f 2865//1737 2870//1742 2869//1741 2864//1736
f 2866//1738 2871//1743 2870//1742 2865//1737
f 2867//1739 2872//1744 2873//1745 2868//1740
f 2869//1741 2874//1746 2872//1744 2867//1739
f 2870//1742 2875//1747 2874//1746 2869//1741
f 2871//1743 2876//1748 2875//1747 2870//1742
f 2872//1744 2877//1749 2878//1750 2873//1745
f 2874//1746 2879//1751 2877//1749 2872//1744
f 2875//1747 2880//1752 2879//1751 2874//1746
f 2876//1748 2881//1753 2880//1752 2875//1747
f 2877//1749 2882//1754 2883//1755 2878//1750
f 2879//1751 2884//1756 2882//1754 2877//1749
f 2880//1752 2885//1757 2884//1756 2879//1751
f 2881//1753 2886//1758 2885//1757 2880//1752
f 2882//1754 2887//1759 2888//1760 2883//1755
f 2884//1756 2889//1761 2887//1759 2882//1754
f 2885//1757 2890//1762 2889//1761 2884//1756
f 2886//1758 2891//1763 2890//1762 2885//1757
f 2887//1759 2892//1764 2893//1765 2888//1760
f 2889//1761 2894//1766 2892//1764 2887//1759
f 2890//1762 2895//1767 2894//1766 2889//1761
f 2891//1763 2896//1768 2895//1767 2890//1762
f 2892//1764 2897//1769 2898//1770 2893//1765
f 2894//1766 2899//1771 2897//1769 2892//1764
f 2895//1767 2900//1772 2899//1771 2894//1766
f 2896//1768 2901//1773 2900//1772 2895//1767
f 2897//1769 2902//1774 2903//1775 2898//1770
f 2899//1771 2904//1776 2902//1774 2897//1769
f 2900//1772 2905//1777 2904//1776 2899//1771
f 2901//1773 2906//1778 2905//1777 2900//1772
f 2902//1774 2907//1779 2908//1780 2903//1775
f 2904//1776 2909//1781 2907//1779 2902//1774
f 2905//1777 2910//1782 2909//1781 2904//1776
f 2906//1778 2911//1783 2910//1782 2905//1777
f 2907//1779 2912//1784 2913//1785 2908//1780
f 2909//1781 2914//1786 2912//1784 2907//1779
f 2910//1782 2915//1787 2914//1786 2909//1781
f 2911//1783 2916//1788 2915//1787 2910//1782
f 2912//1784 2917//1789 2918//1790 2913//1785
f 2914//1786 2919//1791 2917//1789 2912//1784
f 2915//1787 2920//1792 2919//1791 2914//1786
f 2916//1788 2921//1793 2920//1792 2915//1787
f 2917//1789 2922//1794 2923//1795 2918//1790
f 2919//1791 2924//1796 2922//1794 2917//1789
f 2920//1792 2925//1797 2924//1796 2919//1791
f 2921//1793 2926//1798 2925//1797 2920//1792
f 2922//1794 2927//1799 2928//1800 2923//1795
f 2924//1796 2929//1801 2927//1799 2922//1794
f 2925//1797 2930//1802 2929//1801 2924//1796
f 2926//1798 2931//1803 2930//1802 2925//1797
f 2927//1799 2932//1804 2933//1805 2928//1800
f 2929//1801 2934//1806 2932//1804 2927//1799
f 2930//1802 2935//1807 2934//1806 2929//1801
f 2931//1803 2936//1808 2935//1807 2930//1802
f 2932//1804 2937//1809 2938//1810 2933//1805
f 2934//1806 2939//1811 2937//1809 2932//1804
f 2935//1807 2940//1812 2939//1811 2934//1806
f 2936//1808 2941//1813 2940//1812 2935//1807
f 2937//1809 2942//1814 2943//1815 2938//1810
f 2939//1811 2944//1816 2942//1814 2937//1809
f 2940//1812 2945//1817 2944//1816 2939//1811
f 2941//1813 2946//1818 2945//1817 2940//1812
f 2942//1814 2947//1819 2948//1820 2943//1815
f 2944//1816 2949//1821 2947//1819 2942//1814
f 2945//1817 2950//1822 2949//1821 2944//1816
f 2946//1818 2951//1823 2950//1822 2945//1817
f 2947//1819 2952//1824 2953//1825 2948//1820
f 2949//1821 2954//1826 2952//1824 2947//1819
f 2950//1822 2955//1827 2954//1826 2949//1821
f 2951//1823 2956//1828 2955//1827 2950//1822
f 2952//1824 2957//1829 2958//1830 2953//1825
f 2954//1826 2959//1831 2957//1829 2952//1824
f 2955//1827 2960//1832 2959//1831 2954//1826
f 2956//1828 2961//1833 2960//1832 2955//1827
f 2957//1829 2962//1834 2963//1835 2958//1830
f 2959//1831 2964//1836 2962//1834 2957//1829
f 2960//1832 2965//1837 2964//1836 2959//1831
f 2961//1833 2966//1838 2965//1837 2960//1832
f 2962//1834 2967//1839 2968//1840 2963//1835
f 2964//1836 2969//1841 2967//1839 2962//1834
f 2965//1837 2970//1842 2969//1841 2964//1836
f 2966//1838 2971//1843 2970//1842 2965//1837
f 2967//1839 2972//1844 2973//1845 2968//1840
f 2969//1841 2974//1846 2972//1844 2967//1839
f 2970//1842 2975//1847 2974//1846 2969//1841
f 2971//1843 2976//1848 2975//1847 2970//1842
f 2972//1844 2977//1849 2978//1850 2973//1845
f 2974//1846 2979//1851 2977//1849 2972//1844
f 2975//1847 2980//1852 2979//1851 2974//1846
f 2976//1848 2981//1853 2980//1852 2975//1847
f 2977//1849 2982//1854 2983//1855 2978//1850
f 2979//1851 2984//1856 2982//1854 2977//1849
f 2980//1852 2985//1857 2984//1856 2979//1851
f 2981//1853 2986//1858 2985//1857 2980//1852
f 2982//1854 2987//1859 2988//1860 2983//1855
f 2984//1856 2989//1861 2987//1859 2982//1854
f 2985//1857 2990//1862 2989//1861 2984//1856
f 2986//1858 2991//1863 2990//1862 2985//1857
f 2987//1859 2992//1864 2993//1865 2988//1860
f 2989//1861 2994//1866 2992//1864 2987//1859
f 2990//1862 2995//1867 2994//1866 2989//1861
f 2991//1863 2996//1868 2995//1867 2990//1862
f 2992//1864 2997//1869 2998//1870 2993//1865
f 2994//1866 2999//1871 2997//1869 2992//1864
f 2995//1867 3000//1872 2999//1871 2994//1866
f 2996//1868 3001//1873 3000//1872 2995//1867
f 2997//1869 3002//1874 3003//1875 2998//1870
f 2999//1871 3004//1876 3002//1874 2997//1869
f 3000//1872 3005//1877 3004//1876 2999//1871
f 3001//1873 3006//1878 3005//1877 3000//1872
f 3002//1874 3007//1879 3008//1880 3003//1875
f 3004//1876 3009//1881 3007//1879 3002//1874
f 3005//1877 3010//1882 3009//1881 3004//1876
f 3006//1878 3011//1883 3010//1882 3005//1877
f 3007//1879 3012//1884 3013//1885 3008//1880
f 3009//1881 3014//1886 3012//1884 3007//1879
f 3010//1882 3015//1887 3014//1886 3009//1881
f 3011//1883 3016//1888 3015//1887 3010//1882
f 3012//1884 3017//1889 3018//1890 3013//1885
f 3014//1886 3019//1891 3017//1889 3012//1884
f 3015//1887 3020//1892 3019//1891 3014//1886
f 3016//1888 3021//1893 3020//1892 3015//1887
f 3017//1889 3022//1894 3023//1895 3018//1890
f 3019//1891 3024//1896 3022//1894 3017//1889
f 3020//1892 3025//1897 3024//1896 3019//1891
f 3021//1893 3026//1898 3025//1897 3020//1892
f 3022//1894 3027//1899 3028//1900 3023//1895
f 3024//1896 3029//1901 3027//1899 3022//1894
f 3025//1897 3030//1902 3029//1901 3024//1896
f 3026//1898 3031//1903 3030//1902 3025//1897
f 3027//1899 3032//1904 3033//1905 3028//1900
f 3029//1901 3034//1906 3032//1904 3027//1899
f 3030//1902 3035//1907 3034//1906 3029//1901
f 3031//1903 3036//1908 3035//1907 3030//1902
f 3032//1904 3037//1909 3038//1910 3033//1905
f 3034//1906 3039//1911 3037//1909 3032//1904
f 3035//1907 3040//1912 3039//1911 3034//1906
f 3036//1908 3041//1913 3040//1912 3035//1907
f 3037//1909 3042//1914 3043//1915 3038//1910
f 3039//1911 3044//1916 3042//1914 3037//1909
f 3040//1912 3045//1917 3044//1916 3039//1911
f 3041//1913 3046//1918 3045//1917 3040//1912
f 3042//1914 3047//1919 3048//1920 3043//1915
f 3044//1916 3049//1921 3047//1919 3042//1914
f 3045//1917 3050//1922 3049//1921 3044//1916
f 3046//1918 3051//1923 3050//1922 3045//1917
f 3047//1919 3052//1924 3053//1925 3048//1920
f 3049//1921 3054//1926 3052//1924 3047//1919
f 3050//1922 3055//1927 3054//1926 3049//1921
f 3051//1923 3056//1928 3055//1927 3050//1922
f 3052//1924 3057//1929 3058//1930 3053//1925
f 3054//1926 3059//1931 3057//1929 3052//1924
f 3055//1927 3060//1932 3059//1931 3054//1926
f 3056//1928 3061//1933 3060//1932 3055//1927
f 3057//1929 3062//1934 3063//1935 3058//1930
f 3059//1931 3064//1936 3062//1934 3057//1929
f 3060//1932 3065//1937 3064//1936 3059//1931
f 3061//1933 3066//1938 3065//1937 3060//1932
f 3062//1934 3067//1939 3068//1940 3063//1935
f 3064//1936 3069//1941 3067//1939 3062//1934
f 3065//1937 3070//1942 3069//1941 3064//1936
f 3066//1938 3071//1943 3070//1942 3065//1937
f 3067//1939 3072//1944 3073//1945 3068//1940
f 3069//1941 3074//1946 3072//1944 3067//1939
f 3070//1942 3075//1947 3074//1946 3069//1941
f 3071//1943 3076//1948 3075//1947 3070//1942
f 3072//1944 3077//1949 3078//1950 3073//1945
f 3074//1946 3079//1951 3077//1949 3072//1944
f 3075//1947 3080//1952 3079//1951 3074//1946
f 3076//1948 3081//1953 3080//1952 3075//1947
f 3077//1949 3082//1954 3083//1955 3078//1950
f 3079//1951 3084//1956 3082//1954 3077//1949
f 3080//1952 3085//1957 3084//1956 3079//1951
f 3081//1953 3086//1958 3085//1957 3080//1952
f 3082//1954 3087//1959 3088//1960 3083//1955
f 3084//1956 3089//1961 3087//1959 3082//1954
f 3085//1957 3090//1962 3089//1961 3084//1956
f 3086//1958 3091//1963 3090//1962 3085//1957
f 3087//1959 3092//1964 3093//1965 3088//1960
f 3089//1961 3094//1966 3092//1964 3087//1959
f 3090//1962 3095//1967 3094//1966 3089//1961
f 3091//1963 3096//1968 3095//1967 3090//1962
f 3092//1964 3097//1969 3098//1970 3093//1965
f 3094//1966 3099//1971 3097//1969 3092//1964
f 3095//1967 3100//1972 3099//1971 3094//1966
f 3096//1968 3101//1973 3100//1972 3095//1967
f 3097//1969 3102//1974 3103//1975 3098//1970
f 3099//1971 3104//1976 3102//1974 3097//1969
f 3100//1972 3105//1977 3104//1976 3099//1971
f 3101//1973 3106//1978 3105//1977 3100//1972
f 3102//1974 3107//1979 3108//1980 3103//1975
f 3104//1976 3109//1981 3107//1979 3102//1974
f 3105//1977 3110//1982 3109//1981 3104//1976
f 3106//1978 3111//1983 3110//1982 3105//1977
f 3107//1979 3112//1984 3113//1985 3108//1980
f 3109//1981 3114//1986 3112//1984 3107//1979
f 3110//1982 3115//1987 3114//1986 3109//1981
f 3111//1983 3116//1988 3115//1987 3110//1982
f 3112//1984 3117//1989 3118//1990 3113//1985
f 3114//1986 3119//1991 3117//1989 3112//1984
f 3115//1987 3120//1992 3119//1991 3114//1986
f 3116//1988 3121//1993 3120//1992 3115//1987
f 3117//1989 3122//1994 3123//1995 3118//1990
f 3119//1991 3124//1996 3122//1994 3117//1989
f 3120//1992 3125//1997 3124//1996 3119//1991
f 3121//1993 3126//1998 3125//1997 3120//1992
f 3122//1994 3127//1999 3128//2000 3123//1995
f 3124//1996 3129//2001 3127//1999 3122//1994
f 3125//1997 3130//2002 3129//2001 3124//1996
f 3126//1998 3131//2003 3130//2002 3125//1997
f 3127//1999 3132//2004 3133//2005 3128//2000
f 3129//2001 3134//2006 3132//2004 3127//1999
f 3130//2002 3135//2007 3134//2006 3129//2001
f 3131//2003 3136//2008 3135//2007 3130//2002
f 3132//2004 3137//2009 3138//2010 3133//2005
f 3134//2006 3139//2011 3137//2009 3132//2004
f 3135//2007 3140//2012 3139//2011 3134//2006
f 3136//2008 3141//2013 3140//2012 3135//2007
f 3137//2009 3142//2014 3143//2015 3138//2010
f 3139//2011 3144//2016 3142//2014 3137//2009
f 3140//2012 3145//2017 3144//2016 3139//2011
f 3141//2013 3146//2018 3145//2017 3140//2012
f 3142//2014 3147//2019 3148//2020 3143//2015
f 3144//2016 3149//2021 3147//2019 3142//2014
f 3145//2017 3150//2022 3149//2021 3144//2016
f 3146//2018 3151//2023 3150//2022 3145//2017
f 3147//2019 3152//2024 3153//2025 3148//2020
f 3149//2021 3154//2026 3152//2024 3147//2019
f 3150//2022 3155//2027 3154//2026 3149//2021
f 3151//2023 3156//2028 3155//2027 3150//2022
f 3152//2024 3157//2029 3158//2030 3153//2025
f 3154//2026 3159//2031 3157//2029 3152//2024
f 3155//2027 3160//2032 3159//2031 3154//2026
f 3156//2028 3161//2033 3160//2032 3155//2027
f 3157//2029 3162//2034 3163//2035 3158//2030
f 3159//2031 3164//2036 3162//2034 3157//2029
f 3160//2032 3165//2037 3164//2036 3159//2031
f 3161//2033 3166//2038 3165//2037 3160//2032
f 3162//2034 3167//2039 3168//2040 3163//2035
f 3164//2036 3169//2041 3167//2039 3162//2034
f 3165//2037 3170//2042 3169//2041 3164//2036
f 3166//2038 3171//2043 3170//2042 3165//2037
f 3167//2039 3172//2044 3173//2045 3168//2040
f 3169//2041 3174//2046 3172//2044 3167//2039
f 3170//2042 3175//2047 3174//2046 3169//2041
f 3171//2043 3176//2048 3175//2047 3170//2042
f 3172//2044 3177//2049 3178//2050 3173//2045
f 3174//2046 3179//2051 3177//2049 3172//2044
f 3175//2047 3180//2052 3179//2051 3174//2046
f 3176//2048 3181//2053 3180//2052 3175//2047
f 3177//2049 3182//2054 3183//2055 3178//2050
f 3179//2051 3184//2056 3182//2054 3177//2049
f 3180//2052 3185//2057 3184//2056 3179//2051
f 3181//2053 3186//2058 3185//2057 3180//2052
f 3182//2054 3187//2059 3188//2060 3183//2055
f 3184//2056 3189//2061 3187//2059 3182//2054
f 3185//2057 3190//2062 3189//2061 3184//2056
f 3186//2058 3191//2063 3190//2062 3185//2057
f 3187//2059 3192//2064 3193//2065 3188//2060
f 3189//2061 3194//2066 3192//2064 3187//2059
f 3190//2062 3195//2067 3194//2066 3189//2061
f 3191//2063 3196//2068 3195//2067 3190//2062
f 3192//2064 3197//2069 3198//2070 3193//2065
f 3194//2066 3199//2071 3197//2069 3192//2064
f 3195//2067 3200//2072 3199//2071 3194//2066
f 3196//2068 3201//2073 3200//2072 3195//2067
f 3197//2069 3202//2074 3203//2075 3198//2070
f 3199//2071 3204//2076 3202//2074 3197//2069
f 3200//2072 3205//2077 3204//2076 3199//2071
f 3201//2073 3206//2078 3205//2077 3200//2072
f 3202//2074 3207//2079 3208//2080 3203//2075
f 3204//2076 3209//2081 3207//2079 3202//2074
f 3205//2077 3210//2082 3209//2081 3204//2076
f 3206//2078 3211//2083 3210//2082 3205//2077
f 3207//2079 3212//2084 3213//2085 3208//2080
f 3209//2081 3214//2086 3212//2084 3207//2079
f 3210//2082 3215//2087 3214//2086 3209//2081
f 3211//2083 3216//2088 3215//2087 3210//2082
f 3212//2084 3217//2089 3218//2090 3213//2085
f 3214//2086 3219//2091 3217//2089 3212//2084
f 3215//2087 3220//2092 3219//2091 3214//2086
f 3216//2088 3221//2093 3220//2092 3215//2087
f 3217//2089 3222//2094 3223//2095 3218//2090
f 3219//2091 3224//2096 3222//2094 3217//2089
f 3220//2092 3225//2097 3224//2096 3219//2091
f 3221//2093 3226//2098 3225//2097 3220//2092
f 3222//2094 3227//2099 3228//2100 3223//2095
f 3224//2096 3229//2101 3227//2099 3222//2094
f 3225//2097 3230//2102 3229//2101 3224//2096
f 3226//2098 3231//2103 3230//2102 3225//2097
f 3227//2099 3232//2104 3233//2105 3228//2100
f 3229//2101 3234//2106 3232//2104 3227//2099
f 3230//2102 3235//2107 3234//2106 3229//2101
f 3231//2103 3236//2108 3235//2107 3230//2102
f 3232//2104 3237//2109 3238//2110 3233//2105
f 3234//2106 3239//2111 3237//2109 3232//2104
f 3235//2107 3240//2112 3239//2111 3234//2106
f 3236//2108 3241//2113 3240//2112 3235//2107
f 3237//2109 3242//2114 3243//2115 3238//2110
f 3239//2111 3244//2116 3242//2114 3237//2109
f 3240//2112 3245//2117 3244//2116 3239//2111
f 3241//2113 3246//2118 3245//2117 3240//2112
f 3242//2114 3247//2119 3248//2120 3243//2115
f 3244//2116 3249//2121 3247//2119 3242//2114
f 3245//2117 3250//2122 3249//2121 3244//2116
f 3246//2118 3251//2123 3250//2122 3245//2117
f 3247//2119 3252//2124 3253//2125 3248//2120
f 3249//2121 3254//2126 3252//2124 3247//2119
f 3250//2122 3255//2127 3254//2126 3249//2121
f 3251//2123 3256//2128 3255//2127 3250//2122
f 3252//2124 3257//2129 3258//2130 3253//2125
f 3254//2126 3259//2131 3257//2129 3252//2124
f 3255//2127 3260//2132 3259//2131 3254//2126
f 3256//2128 3261//2133 3260//2132 3255//2127
f 3257//2129 3262//2134 3263//2135 3258//2130
f 3259//2131 3264//2136 3262//2134 3257//2129
f 3260//2132 3265//2137 3264//2136 3259//2131
f 3261//2133 3266//2138 3265//2137 3260//2132
f 3262//2134 3267//2139 3268//2140 3263//2135
f 3264//2136 3269//2141 3267//2139 3262//2134
f 3265//2137 3270//2142 3269//2141 3264//2136
f 3266//2138 3271//2143 3270//2142 3265//2137
f 3267//2139 3272//2144 3273//2145 3268//2140
f 3269//2141 3274//2146 3272//2144 3267//2139
f 3270//2142 3275//2147 3274//2146 3269//2141
f 3271//2143 3276//2148 3275//2147 3270//2142
f 3272//2144 3277//2149 3278//2150 3273//2145
f 3274//2146 3279//2151 3277//2149 3272//2144
f 3275//2147 3280//2152 3279//2151 3274//2146
f 3276//2148 3281//2153 3280//2152 3275//2147
f 3277//2149 3282//2154 3283//2155 3278//2150
f 3279//2151 3284//2156 3282//2154 3277//2149
f 3280//2152 3285//2157 3284//2156 3279//2151
f 3281//2153 3286//2158 3285//2157 3280//2152
f 3282//2154 3287//2159 3288//2160 3283//2155
f 3284//2156 3289//2161 3287//2159 3282//2154
f 3285//2157 3290//2162 3289//2161 3284//2156
f 3286//2158 3291//2163 3290//2162 3285//2157
f 3287//2159 3292//2164 3293//2160 3288//2160
f 3289//2161 3294//2161 3292//2164 3287//2159
f 3290//2162 3295//2162 3294//2161 3289//2161
f 3291//2163 3296//2165 3295//2162 3290//2162
f 3292//2164 3297//2166 3298//2167 3293//2160
f 3294//2161 3299//2168 3297//2166 3292//2164
f 3295//2162 3300//2157 3299//2168 3294//2161
f 3296//2165 3301//2148 3300//2157 3295//2162
f 3297//2166 3302//2169 3303//2170 3298//2167
f 3299//2168 3304//2171 3302//2169 3297//2166
f 3300//2157 3305//2172 3304//2171 3299//2168
f 3301//2148 3306//2173 3305//2172 3300//2157
f 3302//2169 3307//2174 3308//2175 3303//2170
f 3304//2171 3309//2176 3307//2174 3302//2169
f 3305//2172 3310//2177 3309//2176 3304//2171
f 3306//2173 3311//2178 3310//2177 3305//2172
f 3307//2174 3312//2179 3313//2180 3308//2175
f 3309//2176 3314//2181 3312//2179 3307//2174
f 3310//2177 3315//2182 3314//2181 3309//2176
f 3311//2178 3316//2183 3315//2182 3310//2177
f 3312//2179 3317//2184 3318//2185 3313//2180
f 3314//2181 3319//2186 3317//2184 3312//2179
f 3315//2182 3320//2187 3319//2186 3314//2181
f 3316//2183 3321//2188 3320//2187 3315//2182
f 3317//2184 3322//2189 3323//2190 3318//2185
f 3319//2186 3324//2191 3322//2189 3317//2184
f 3320//2187 3325//2192 3324//2191 3319//2186
f 3321//2188 3326//2193 3325//2192 3320//2187
f 3322//2189 3327//2194 3328//2195 3323//2190
f 3324//2191 3329//2196 3327//2194 3322//2189
f 3325//2192 3330//2197 3329//2196 3324//2191
f 3326//2193 3331//2198 3330//2197 3325//2192
f 3327//2194 3332//2199 3333//2200 3328//2195
f 3329//2196 3334//2201 3332//2199 3327//2194
f 3330//2197 3335//2202 3334//2201 3329//2196
f 3331//2198 3336//2203 3335//2202 3330//2197
f 3332//2199 3337//2204 3338//2205 3333//2200
f 3334//2201 3339//2206 3337//2204 3332//2199
f 3335//2202 3340//2207 3339//2206 3334//2201
f 3336//2203 3341//2208 3340//2207 3335//2202
f 3337//2204 3342//2209 3343//2210 3338//2205
f 3339//2206 3344//2211 3342//2209 3337//2204
f 3340//2207 3345//2212 3344//2211 3339//2206
f 3341//2208 3346//2213 3345//2212 3340//2207
f 3342//2209 3347//2214 3348//2215 3343//2210
f 3344//2211 3349//2216 3347//2214 3342//2209
f 3345//2212 3350//2217 3349//2216 3344//2211
f 3346//2213 3351//2218 3350//2217 3345//2212
f 3347//2214 3352//2219 3353//2220 3348//2215
f 3349//2216 3354//2221 3352//2219 3347//2214
f 3350//2217 3355//2222 3354//2221 3349//2216
f 3351//2218 3356//2223 3355//2222 3350//2217
f 3352//2219 3357//2224 3358//2225 3353//2220
f 3354//2221 3359//2226 3357//2224 3352//2219
f 3355//2222 3360//2227 3359//2226 3354//2221
f 3356//2223 3361//2228 3360//2227 3355//2222
f 3357//2224 3362//2229 3363//2230 3358//2225
f 3359//2226 3364//2231 3362//2229 3357//2224
f 3360//2227 3365//2232 3364//2231 3359//2226
f 3361//2228 3366//2233 3365//2232 3360//2227
f 3362//2229 3367//2234 3368//2235 3363//2230
f 3364//2231 3369//2236 3367//2234 3362//2229
f 3365//2232 3370//2237 3369//2236 3364//2231
f 3366//2233 3371//2238 3370//2237 3365//2232
f 3367//2234 3372//2239 3373//2240 3368//2235
f 3369//2236 3374//2241 3372//2239 3367//2234
f 3370//2237 3375//2242 3374//2241 3369//2236
f 3371//2238 3376//2243 3375//2242 3370//2237
f 3372//2239 3377//2244 3378//2245 3373//2240
f 3374//2241 3379//2246 3377//2244 3372//2239
f 3375//2242 3380//2247 3379//2246 3374//2241
f 3376//2243 3381//2248 3380//2247 3375//2242
f 3377//2244 3382//2249 3383//2250 3378//2245
f 3379//2246 3384//2251 3382//2249 3377//2244
f 3380//2247 3385//2252 3384//2251 3379//2246
f 3381//2248 3386//2253 3385//2252 3380//2247
f 3382//2249 3387//2254 3388//2255 3383//2250
f 3384//2251 3389//2256 3387//2254 3382//2249
f 3385//2252 3390//2257 3389//2256 3384//2251
f 3386//2253 3391//2258 3390//2257 3385//2252
f 3387//2254 3392//2259 3393//2260 3388//2255
f 3389//2256 3394//2261 3392//2259 3387//2254
f 3390//2257 3395//2262 3394//2261 3389//2256
f 3391//2258 3396//2263 3395//2262 3390//2257
f 3392//2259 3397//2264 3398//2265 3393//2260
f 3394//2261 3399//2266 3397//2264 3392//2259
f 3395//2262 3400//2267 3399//2266 3394//2261
f 3396//2263 3401//2268 3400//2267 3395//2262
f 3397//2264 3402//2269 3403//2270 3398//2265
f 3399//2266 3404//2271 3402//2269 3397//2264
f 3400//2267 3405//2272 3404//2271 3399//2266
f 3401//2268 3406//2273 3405//2272 3400//2267
f 3402//2269 3407//2274 3408//2275 3403//2270
f 3404//2271 3409//2276 3407//2274 3402//2269
f 3405//2272 3410//2277 3409//2276 3404//2271
f 3406//2273 3411//2278 3410//2277 3405//2272
f 3407//2274 3412//2279 3413//2280 3408//2275
f 3409//2276 3414//2281 3412//2279 3407//2274
f 3410//2277 3415//2282 3414//2281 3409//2276
f 3411//2278 3416//2283 3415//2282 3410//2277
f 3412//2279 3417//2284 3418//2285 3413//2280
f 3414//2281 3419//2286 3417//2284 3412//2279
f 3415//2282 3420//2287 3419//2286 3414//2281
f 3416//2283 3421//2288 3420//2287 3415//2282
f 3417//2284 3422//2289 3423//2290 3418//2285
f 3419//2286 3424//2291 3422//2289 3417//2284
f 3420//2287 3425//2292 3424//2291 3419//2286
f 3421//2288 3426//2293 3425//2292 3420//2287
f 3422//2289 3427//2294 3428//2295 3423//2290
f 3424//2291 3429//2296 3427//2294 3422//2289
f 3425//2292 3430//2297 3429//2296 3424//2291
f 3426//2293 3431//2298 3430//2297 3425//2292
f 3427//2294 3432//2299 3433//2300 3428//2295
f 3429//2296 3434//2301 3432//2299 3427//2294
f 3430//2297 3435//2302 3434//2301 3429//2296
f 3431//2298 3436//2303 3435//2302 3430//2297
f 3432//2299 3437//2304 3438//2305 3433//2300
f 3434//2301 3439//2306 3437//2304 3432//2299
f 3435//2302 3440//2307 3439//2306 3434//2301
f 3436//2303 3441//2308 3440//2307 3435//2302
f 3437//2304 3442//2309 3443//2310 3438//2305
f 3439//2306 3444//2311 3442//2309 3437//2304
f 3440//2307 3445//2312 3444//2311 3439//2306
f 3441//2308 3446//2313 3445//2312 3440//2307
f 3442//2309 3447//2314 3448//2315 3443//2310
f 3444//2311 3449//2316 3447//2314 3442//2309
f 3445//2312 3450//2317 3449//2316 3444//2311
f 3446//2313 3451//2318 3450//2317 3445//2312
f 3447//2314 3452//2319 3453//2320 3448//2315
f 3449//2316 3454//2321 3452//2319 3447//2314
f 3450//2317 3455//2322 3454//2321 3449//2316
f 3451//2318 3456//2323 3455//2322 3450//2317
f 3452//2319 3457//2324 3458//2325 3453//2320
f 3454//2321 3459//2326 3457//2324 3452//2319
f 3455//2322 3460//2327 3459//2326 3454//2321
f 3456//2323 3461//2328 3460//2327 3455//2322
f 3457//2324 3462//2329 3463//2330 3458//2325
f 3459//2326 3464//2331 3462//2329 3457//2324
f 3460//2327 3465//2332 3464//2331 3459//2326
f 3461//2328 3466//2333 3465//2332 3460//2327
f 3462//2329 3467//2334 3468//2335 3463//2330
f 3464//2331 3469//2336 3467//2334 3462//2329
f 3465//2332 3470//2337 3469//2336 3464//2331
f 3466//2333 3471//2338 3470//2337 3465//2332
f 3467//2334 3472//2339 3473//2340 3468//2335
f 3469//2336 3474//2341 3472//2339 3467//2334
f 3470//2337 3475//2342 3474//2341 3469//2336
f 3471//2338 3476//2343 3475//2342 3470//2337
f 3472//2339 3477//2344 3478//2345 3473//2340
f 3474//2341 3479//2346 3477//2344 3472//2339
f 3475//2342 3480//2347 3479//2346 3474//2341
f 3476//2343 3481//2348 3480//2347 3475//2342
f 3477//2344 3482//2349 3483//2350 3478//2345
f 3479//2346 3484//2351 3482//2349 3477//2344
f 3480//2347 3485//2352 3484//2351 3479//2346
f 3481//2348 3486//2353 3485//2352 3480//2347
f 3482//2349 3487//2354 3488//2355 3483//2350
f 3484//2351 3489//2356 3487//2354 3482//2349
f 3485//2352 3490//2357 3489//2356 3484//2351
f 3486//2353 3491//2358 3490//2357 3485//2352
f 3487//2354 3492//2359 3493//2360 3488//2355
f 3489//2356 3494//2361 3492//2359 3487//2354
f 3490//2357 3495//2362 3494//2361 3489//2356
f 3491//2358 3496//2363 3495//2362 3490//2357
f 3492//2359 3497//2364 3498//2365 3493//2360
f 3494//2361 3499//2366 3497//2364 3492//2359
f 3495//2362 3500//2367 3499//2366 3494//2361
f 3496//2363 3501//2368 3500//2367 3495//2362
f 3497//2364 3502//2369 3503//2370 3498//2365
f 3499//2366 3504//2371 3502//2369 3497//2364
f 3500//2367 3505//2372 3504//2371 3499//2366
f 3501//2368 3506//2373 3505//2372 3500//2367
f 3502//2369 3507//2374 3508//2375 3503//2370
f 3504//2371 3509//2376 3507//2374 3502//2369
f 3505//2372 3510//2377 3509//2376 3504//2371
f 3506//2373 3511//2378 3510//2377 3505//2372
f 3507//2374 3512//2379 3513//2380 3508//2375
f 3509//2376 3514//2381 3512//2379 3507//2374
f 3510//2377 3515//2382 3514//2381 3509//2376
f 3511//2378 3516//2383 3515//2382 3510//2377
f 3512//2379 3517//1659 3518//1662 3513//2380
f 3514//2381 3519//1663 3517//1659 3512//2379
f 3515//2382 3520//2384 3519//1663 3514//2381
f 3516//2383 3521//2385 3520//2384 3515//2382
f 3517//1659 3522//1660 3523//1661 3518//1662
f 3519//1663 3524//1664 3522//1660 3517//1659
f 3520//2384 3525//1666 3524//1664 3519//1663
f 3521//2385 3526//1668 3525//1666 3520//2384
f 3522//1660 3527//1669 3528//1670 3523//1661
f 3524//1664 3529//1671 3527//1669 3522//1660
f 3525//1666 3530//1672 3529//1671 3524//1664
f 3526//1668 3531//1673 3530//1672 3525//1666
f 3527//1669 3532//2386 3533//2387 3528//1670
f 3529//1671 3534//1676 3532//2386 3527//1669
f 3530//1672 3535//1677 3534//1676 3529//1671
f 3531//1673 3536//1678 3535//1677 3530//1672
f 3532//2386 3537//1679 3538//1680 3533//2387
f 3534//1676 3539//2388 3537//1679 3532//2386
f 3535//1677 3540//1682 3539//2388 3534//1676
f 3536//1678 3541//1683 3540//1682 3535//1677
f 3537//1679 3542//1684 3543//2389 3538//1680
f 3539//2388 3544//2390 3542//1684 3537//1679
f 3540//1682 3545//1687 3544//2390 3539//2388
f 3541//1683 3546//1688 3545//1687 3540//1682
f 3542//1684 3547//1689 3548//2391 3543//2389
f 3544//2390 3549//1691 3547//1689 3542//1684
f 3545//1687 3550//1692 3549//1691 3544//2390
f 3546//1688 3551//1693 3550//1692 3545//1687
f 3547//1689 3552//1694 3553//2392 3548//2391
f 3549//1691 3554//1696 3552//1694 3547//1689
f 3550//1692 3555//2393 3554//1696 3549//1691
f 3551//1693 3556//1698 3555//2393 3550//1692
f 3552//1694 3557//2394 3558//2395 3553//2392
f 3554//1696 3559//1701 3557//2394 3552//1694
f 3555//2393 3560//2396 3559//1701 3554//1696
f 3556//1698 3561//1703 3560//2396 3555//2393
f 3557//2394 3562//1704 3563//1705 3558//2395
f 3559//1701 3564//1706 3562//1704 3557//2394
f 3560//2396 3565//1707 3564//1706 3559//1701
f 3561//1703 3566//1708 3565//1707 3560//2396
f 3562//1704 3567//1709 3568//1710 3563//1705
f 3564//1706 3569//1711 3567//1709 3562//1704
f 3565//1707 3570//2397 3569//1711 3564//1706
f 3566//1708 3571//1713 3570//2397 3565//1707
f 3567//1709 3572//1714 3573//1715 3568//1710
f 3569//1711 3574//1716 3572//1714 3567//1709
f 3570//2397 3575//1717 3574//1716 3569//1711
f 3571//1713 3576//1718 3575//1717 3570//2397
f 3572//1714 3577//1719 3578//1720 3573//1715
f 3574//1716 3579//1721 3577//1719 3572//1714
f 3575//1717 3580//1722 3579//1721 3574//1716
f 3576//1718 3581//1723 3580//1722 3575//1717
f 3577//1719 3582//1724 3583//1725 3578//1720
f 3579//1721 3584//1726 3582//1724 3577//1719
f 3580//1722 3585//1727 3584//1726 3579//1721
f 3581//1723 3586//1728 3585//1727 3580//1722
f 3582//1724 3587//1729 3588//2398 3583//1725
f 3584//1726 3589//1731 3587//1729 3582//1724
f 3585//1727 3590//2399 3589//1731 3584//1726
f 3586//1728 3591//1733 3590//2399 3585//1727
f 3587//1729 3592//1734 3593//2400 3588//2398
f 3589//1731 3594//2401 3592//1734 3587//1729
f 3590//2399 3595//1737 3594//2401 3589//1731
f 3591//1733 3596//1738 3595//1737 3590//2399
f 3592//1734 3597//1739 3598//1740 3593//2400
f 3594//2401 3599//1741 3597//1739 3592//1734
f 3595//1737 3600//1742 3599//1741 3594//2401
f 3596//1738 3601//1743 3600//1742 3595//1737
f 3597//1739 3602//1744 3603//2402 3598//1740
f 3599//1741 3604//1746 3602//1744 3597//1739
f 3600//1742 3605//2403 3604//1746 3599//1741
f 3601//1743 3606//1748 3605//2403 3600//1742
f 3602//1744 3607//1749 3608//1750 3603//2402
f 3604//1746 3609//1751 3607//1749 3602//1744
f 3605//2403 3610//1752 3609//1751 3604//1746
f 3606//1748 3611//2404 3610//1752 3605//2403
f 3607//1749 3612//1754 3613//1755 3608//1750
f 3609//1751 3614//1756 3612//1754 3607//1749
f 3610//1752 3615//1757 3614//1756 3609//1751
f 3611//2404 3616//1758 3615//1757 3610//1752
f 3612//1754 3617//1759 3618//1760 3613//1755
f 3614//1756 3619//1761 3617//1759 3612//1754
f 3615//1757 3620//1762 3619//1761 3614//1756
f 3616//1758 3621//1763 3620//1762 3615//1757
f 3617//1759 3622//1764 3623//1765 3618//1760
f 3619//1761 3624//1766 3622//1764 3617//1759
f 3620//1762 3625//1767 3624//1766 3619//1761
f 3621//1763 3626//1768 3625//1767 3620//1762
f 3622//1764 3627//1769 3628//1770 3623//1765
f 3624//1766 3629//1771 3627//1769 3622//1764
f 3625//1767 3630//2405 3629//1771 3624//1766
f 3626//1768 3631//1773 3630//2405 3625//1767
f 3627//1769 3632//1774 3633//1775 3628//1770
f 3629//1771 3634//1776 3632//1774 3627//1769
f 3630//2405 3635//1777 3634//1776 3629//1771
f 3631//1773 3636//1778 3635//1777 3630//2405
f 3632//1774 3637//1779 3638//1780 3633//1775
f 3634//1776 3639//1781 3637//1779 3632//1774
f 3635//1777 3640//2406 3639//1781 3634//1776
f 3636//1778 3641//2407 3640//2406 3635//1777
f 3637//1779 3642//2408 3643//2409 3638//1780
f 3639//1781 3644//2410 3642//2408 3637//1779
f 3640//2406 3645//2411 3644//2410 3639//1781
f 3641//2407 3646//2412 3645//2411 3640//2406
f 3642//2408 3647//2413 3648//2414 3643//2409
f 3644//2410 3649//2415 3647//2413 3642//2408
f 3645//2411 3650//2416 3649//2415 3644//2410
f 3646//2412 3651//2417 3650//2416 3645//2411
f 3647//2413 3652//2418 3653//2419 3648//2414
f 3649//2415 3654//2420 3652//2418 3647//2413
f 3650//2416 3655//2421 3654//2420 3649//2415
f 3651//2417 3656//2422 3655//2421 3650//2416
f 3652//2418 3657//2423 3658//2424 3653//2419
f 3654//2420 3659//2425 3657//2423 3652//2418
f 3655//2421 3660//2426 3659//2425 3654//2420
f 3656//2422 3661//2427 3660//2426 3655//2421
f 3657//2423 3662//2428 3663//2429 3658//2424
f 3659//2425 3664//2430 3662//2428 3657//2423
f 3660//2426 3665//2431 3664//2430 3659//2425
f 3661//2427 3666//2432 3665//2431 3660//2426
f 3662//2428 3667//2433 3668//2434 3663//2429
f 3664//2430 3669//2435 3667//2433 3662//2428
f 3665//2431 3670//2436 3669//2435 3664//2430
f 3666//2432 3671//2437 3670//2436 3665//2431
f 3667//2433 3672//2438 3673//2439 3668//2434
f 3669//2435 3674//2440 3672//2438 3667//2433
f 3670//2436 3675//2441 3674//2440 3669//2435
f 3671//2437 3676//2442 3675//2441 3670//2436
f 3672//2438 3677//2443 3678//2444 3673//2439
f 3674//2440 3679//2445 3677//2443 3672//2438
f 3675//2441 3680//2446 3679//2445 3674//2440
f 3676//2442 3681//2447 3680//2446 3675//2441
f 3677//2443 3682//2448 3683//2449 3678//2444
f 3679//2445 3684//2450 3682//2448 3677//2443
f 3680//2446 3685//2451 3684//2450 3679//2445
f 3681//2447 3686//2452 3685//2451 3680//2446
f 3682//2448 3687//2453 3688//2454 3683//2449
f 3684//2450 3689//2455 3687//2453 3682//2448
f 3685//2451 3690//2456 3689//2455 3684//2450
f 3686//2452 3691//2457 3690//2456 3685//2451
f 3687//2453 3692//2458 3693//2459 3688//2454
f 3689//2455 3694//2460 3692//2458 3687//2453
f 3690//2456 3695//2461 3694//2460 3689//2455
f 3691//2457 3696//2462 3695//2461 3690//2456
f 3692//2458 3697//2463 3698//2464 3693//2459
f 3694//2460 3699//2465 3697//2463 3692//2458
f 3695//2461 3700//2466 3699//2465 3694//2460
f 3696//2462 3701//2467 3700//2466 3695//2461
f 3697//2463 3702//2468 3703//2469 3698//2464
f 3699//2465 3704//2470 3702//2468 3697//2463
f 3700//2466 3705//2471 3704//2470 3699//2465
f 3701//2467 3706//2472 3705//2471 3700//2466
f 3702//2468 3707//2473 3708//2474 3703//2469
f 3704//2470 3709//2475 3707//2473 3702//2468
f 3705//2471 3710//2476 3709//2475 3704//2470
f 3706//2472 3711//2477 3710//2476 3705//2471
f 3707//2473 3712//2478 3713//2479 3708//2474
f 3709//2475 3714//2480 3712//2478 3707//2473
f 3710//2476 3715//2481 3714//2480 3709//2475
f 3711//2477 3716//2482 3715//2481 3710//2476
f 3712//2478 3717//2483 3718//2484 3713//2479
f 3714//2480 3719//2485 3717//2483 3712//2478
f 3715//2481 3720//2486 3719//2485 3714//2480
f 3716//2482 3721//2487 3720//2486 3715//2481
f 3717//2483 3722//2488 3723//2489 3718//2484
f 3719//2485 3724//2490 3722//2488 3717//2483
f 3720//2486 3725//2491 3724//2490 3719//2485
f 3721//2487 3726//2492 3725//2491 3720//2486
f 3722//2488 3727//2493 3728//2494 3723//2489
f 3724//2490 3729//2495 3727//2493 3722//2488
f 3725//2491 3730//2496 3729//2495 3724//2490
f 3726//2492 3731//2497 3730//2496 3725//2491
f 3727//2493 3732//2498 3733//2499 3728//2494
f 3729//2495 3734//2500 3732//2498 3727//2493
f 3730//2496 3735//2501 3734//2500 3729//2495
f 3731//2497 3736//2502 3735//2501 3730//2496
f 3732//2498 3737//2503 3738//2504 3733//2499
f 3734//2500 3739//2505 3737//2503 3732//2498
f 3735//2501 3740//2506 3739//2505 3734//2500
f 3736//2502 3741//2507 3740//2506 3735//2501
f 3737//2503 3742//2508 3743//2509 3738//2504
f 3739//2505 3744//2510 3742//2508 3737//2503
f 3740//2506 3745//2511 3744//2510 3739//2505
f 3741//2507 3746//2512 3745//2511 3740//2506
f 3742//2508 3747//2513 3748//2514 3743//2509
f 3744//2510 3749//2515 3747//2513 3742//2508
f 3745//2511 3750//2516 3749//2515 3744//2510
f 3746//2512 3751//2517 3750//2516 3745//2511
f 3747//2513 3752//2518 3753//2519 3748//2514
f 3749//2515 3754//2520 3752//2518 3747//2513
f 3750//2516 3755//2521 3754//2520 3749//2515
f 3751//2517 3756//2522 3755//2521 3750//2516
f 3752//2518 3757//2523 3758//2524 3753//2519
f 3754//2520 3759//2525 3757//2523 3752//2518
f 3755//2521 3760//2526 3759//2525 3754//2520
f 3756//2522 3761//2527 3760//2526 3755//2521
f 3757//2523 3762//2528 3763//2529 3758//2524
f 3759//2525 3764//2530 3762//2528 3757//2523
f 3760//2526 3765//2531 3764//2530 3759//2525
f 3761//2527 3766//2532 3765//2531 3760//2526
f 3762//2528 3767//2533 3768//2534 3763//2529
f 3764//2530 3769//2535 3767//2533 3762//2528
f 3765//2531 3770//2536 3769//2535 3764//2530
f 3766//2532 3771//2537 3770//2536 3765//2531
f 3767//2533 3772//2538 3773//2539 3768//2534
f 3769//2535 3774//2540 3772//2538 3767//2533
f 3770//2536 3775//2541 3774//2540 3769//2535
f 3771//2537 3776//2542 3775//2541 3770//2536
f 3772//2538 3777//2543 3778//2544 3773//2539
f 3774//2540 3779//2545 3777//2543 3772//2538
f 3775//2541 3780//2546 3779//2545 3774//2540
f 3776//2542 3781//2547 3780//2546 3775//2541
f 3777//2543 3782//2538 3783//2548 3778//2544
f 3779//2545 3784//2540 3782//2538 3777//2543
f 3780//2546 3785//2546 3784//2540 3779//2545
f 3781//2547 3786//2549 3785//2546 3780//2546
f 3782//2538 3787//2550 3788//2551 3783//2548
f 3784//2540 3789//2552 3787//2550 3782//2538
f 3785//2546 3790//2553 3789//2552 3784//2540
f 3786//2549 3791//2542 3790//2553 3785//2546
f 3787//2550 3792//2554 3793//2534 3788//2551
f 3789//2552 3794//2555 3792//2554 3787//2550
f 3790//2553 3795//2556 3794//2555 3789//2552
f 3791//2542 3796//2557 3795//2556 3790//2553
f 3792//2554 3797//2558 3798//2559 3793//2534
f 3794//2555 3799//2560 3797//2558 3792//2554
f 3795//2556 3800//2561 3799//2560 3794//2555
f 3796//2557 3801//2562 3800//2561 3795//2556
f 3797//2558 3802//2563 3803//2564 3798//2559
f 3799//2560 3804//2565 3802//2563 3797//2558
f 3800//2561 3805//2566 3804//2565 3799//2560
f 3801//2562 3806//2567 3805//2566 3800//2561
f 3802//2563 3807//2568 3808//2569 3803//2564
f 3804//2565 3809//2570 3807//2568 3802//2563
f 3805//2566 3810//2571 3809//2570 3804//2565
f 3806//2567 3811//2572 3810//2571 3805//2566
f 3807//2568 3812//2573 3813//2574 3808//2569
f 3809//2570 3814//2575 3812//2573 3807//2568
f 3810//2571 3815//2576 3814//2575 3809//2570
f 3811//2572 3816//2527 3815//2576 3810//2571
f 3812//2573 3817//2577 3818//2578 3813//2574
f 3814//2575 3819//2579 3817//2577 3812//2573
f 3815//2576 3820//2580 3819//2579 3814//2575
f 3816//2527 3821//2581 3820//2580 3815//2576
f 3817//2577 3822//2582 3823//2583 3818//2578
f 3819//2579 3824//2584 3822//2582 3817//2577
f 3820//2580 3825//2585 3824//2584 3819//2579
f 3821//2581 3826//2586 3825//2585 3820//2580
f 3822//2582 3827//2587 3828//2588 3823//2583
f 3824//2584 3829//2589 3827//2587 3822//2582
f 3825//2585 3830//2590 3829//2589 3824//2584
f 3826//2586 3831//2591 3830//2590 3825//2585
f 3827//2587 3832//2592 3833//2593 3828//2588
f 3829//2589 3834//2594 3832//2592 3827//2587
f 3830//2590 3835//2595 3834//2594 3829//2589
f 3831//2591 3836//2596 3835//2595 3830//2590
f 3832//2592 3837//2597 3838//2598 3833//2593
f 3834//2594 3839//2599 3837//2597 3832//2592
f 3835//2595 3840//2600 3839//2599 3834//2594
f 3836//2596 3841//2601 3840//2600 3835//2595
f 3837//2597 3842//2602 3843//2603 3838//2598
f 3839//2599 3844//2604 3842//2602 3837//2597
f 3840//2600 3845//2605 3844//2604 3839//2599
f 3841//2601 3846//2606 3845//2605 3840//2600
f 3842//2602 3847//2607 3848//2608 3843//2603
f 3844//2604 3849//2609 3847//2607 3842//2602
f 3845//2605 3850//2610 3849//2609 3844//2604
f 3846//2606 3851//2611 3850//2610 3845//2605
f 3847//2607 3852//2612 3853//2613 3848//2608
f 3849//2609 3854//2614 3852//2612 3847//2607
f 3850//2610 3855//2615 3854//2614 3849//2609
f 3851//2611 3856//2616 3855//2615 3850//2610
f 3852//2612 3857//2617 3858//2618 3853//2613
f 3854//2614 3859//2619 3857//2617 3852//2612
f 3855//2615 3860//2620 3859//2619 3854//2614
f 3856//2616 3861//2621 3860//2620 3855//2615
f 3857//2617 3862//2622 3863//2623 3858//2618
f 3859//2619 3864//2624 3862//2622 3857//2617
f 3860//2620 3865//2625 3864//2624 3859//2619
f 3861//2621 3866//2626 3865//2625 3860//2620
f 3862//2622 3867//2627 3868//2628 3863//2623
f 3864//2624 3869//2629 3867//2627 3862//2622
f 3865//2625 3870//2630 3869//2629 3864//2624
f 3866//2626 3871//2631 3870//2630 3865//2625
f 3867//2627 3872//2632 3873//2633 3868//2628
f 3869//2629 3874//2634 3872//2632 3867//2627
f 3870//2630 3875//2635 3874//2634 3869//2629
f 3871//2631 3876//2636 3875//2635 3870//2630
f 3872//2632 3877//2637 3878//2638 3873//2633
f 3874//2634 3879//2639 3877//2637 3872//2632
f 3875//2635 3880//2640 3879//2639 3874//2634
f 3876//2636 3881//2641 3880//2640 3875//2635
f 3877//2637 3882//2642 3883//2643 3878//2638
f 3879//2639 3884//2644 3882//2642 3877//2637
f 3880//2640 3885//2645 3884//2644 3879//2639
f 3881//2641 3886//2646 3885//2645 3880//2640
f 3882//2642 3887//2647 3888//2648 3883//2643
f 3884//2644 3889//2649 3887//2647 3882//2642
f 3885//2645 3890//2650 3889//2649 3884//2644
f 3886//2646 3891//2651 3890//2650 3885//2645
f 3887//2647 3892//2652 3893//2653 3888//2648
f 3889//2649 3894//2654 3892//2652 3887//2647
f 3890//2650 3895//2655 3894//2654 3889//2649
f 3891//2651 3896//2656 3895//2655 3890//2650
f 3892//2652 3897//2657 3898//2658 3893//2653
f 3894//2654 3899//2659 3897//2657 3892//2652
f 3895//2655 3900//2660 3899//2659 3894//2654
f 3896//2656 3901//2661 3900//2660 3895//2655
f 3897//2657 3902//2662 3903//2663 3898//2658
f 3899//2659 3904//2664 3902//2662 3897//2657
f 3900//2660 3905//2665 3904//2664 3899//2659
f 3901//2661 3906//2666 3905//2665 3900//2660
f 3902//2662 3907//2667 3908//2668 3903//2663
f 3904//2664 3909//2669 3907//2667 3902//2662
f 3905//2665 3910//2670 3909//2669 3904//2664
f 3906//2666 3911//2671 3910//2670 3905//2665
f 3907//2667 3912//2672 3913//2673 3908//2668
f 3909//2669 3914//2674 3912//2672 3907//2667
f 3910//2670 3915//2675 3914//2674 3909//2669
f 3911//2671 3916//2676 3915//2675 3910//2670
f 3912//2672 3917//2677 3918//2678 3913//2673
f 3914//2674 3919//2679 3917//2677 3912//2672
f 3915//2675 3920//2680 3919//2679 3914//2674
f 3916//2676 3921//2681 3920//2680 3915//2675
f 3917//2677 3922//2682 3923//2683 3918//2678
f 3919//2679 3924//2684 3922//2682 3917//2677
f 3920//2680 3925//2685 3924//2684 3919//2679
f 3921//2681 3926//2686 3925//2685 3920//2680
f 3922//2682 3927//2687 3928//2688 3923//2683
f 3924//2684 3929//2689 3927//2687 3922//2682
f 3925//2685 3930//2690 3929//2689 3924//2684
f 3926//2686 3931//2691 3930//2690 3925//2685
f 3927//2687 3932//2692 3933//2693 3928//2688
f 3929//2689 3934//2694 3932//2692 3927//2687
f 3930//2690 3935//2695 3934//2694 3929//2689
f 3931//2691 3936//2696 3935//2695 3930//2690
f 3932//2692 3937//2697 3938//2698 3933//2693
f 3934//2694 3939//2699 3937//2697 3932//2692
f 3935//2695 3940//2700 3939//2699 3934//2694
f 3936//2696 3941//2701 3940//2700 3935//2695
f 3937//2697 3942//2702 3943//2703 3938//2698
f 3939//2699 3944//2704 3942//2702 3937//2697
f 3940//2700 3945//2705 3944//2704 3939//2699
f 3941//2701 3946//2706 3945//2705 3940//2700
f 3942//2702 3947//2707 3948//2708 3943//2703
f 3944//2704 3949//2709 3947//2707 3942//2702
f 3945//2705 3950//2710 3949//2709 3944//2704
f 3946//2706 3951//2711 3950//2710 3945//2705
f 3947//2707 3952//2712 3953//2713 3948//2708
f 3949//2709 3954//2714 3952//2712 3947//2707
f 3950//2710 3955//2715 3954//2714 3949//2709
f 3951//2711 3956//2716 3955//2715 3950//2710
f 3952//2712 3957//2717 3958//2718 3953//2713
f 3954//2714 3959//2719 3957//2717 3952//2712
f 3955//2715 3960//2720 3959//2719 3954//2714
f 3956//2716 3961//2721 3960//2720 3955//2715
f 3957//2717 3962//2722 3963//2723 3958//2718
f 3959//2719 3964//2724 3962//2722 3957//2717
f 3960//2720 3965//2725 3964//2724 3959//2719
f 3961//2721 3966//2726 3965//2725 3960//2720
f 3962//2722 3967//2727 3968//2728 3963//2723
f 3964//2724 3969//2729 3967//2727 3962//2722
f 3965//2725 3970//2730 3969//2729 3964//2724
f 3966//2726 3971//2731 3970//2730 3965//2725
f 3967//2727 3972//2732 3973//2733 3968//2728
f 3969//2729 3974//2734 3972//2732 3967//2727
f 3970//2730 3975//2735 3974//2734 3969//2729
f 3971//2731 3976//2736 3975//2735 3970//2730
f 3972//2732 3977//2737 3978//2738 3973//2733
f 3974//2734 3979//2739 3977//2737 3972//2732
f 3975//2735 3980//2740 3979//2739 3974//2734
f 3976//2736 3981//2741 3980//2740 3975//2735
f 3977//2737 3982//2742 3983//2743 3978//2738
f 3979//2739 3984//2744 3982//2742 3977//2737
f 3980//2740 3985//2745 3984//2744 3979//2739
f 3981//2741 3986//2741 3985//2745 3980//2740
f 3982//2742 3987//2746 3988//2747 3983//2743
f 3984//2744 3989//2748 3987//2746 3982//2742
f 3985//2745 3990//2745 3989//2748 3984//2744
f 3986//2741 3991//2749 3990//2745 3985//2745
f 3987//2746 3992//2750 3993//2751 3988//2747
f 3989//2748 3994//2744 3992//2750 3987//2746
f 3990//2745 3995//2752 3994//2744 3989//2748
f 3991//2749 3996//2741 3995//2752 3990//2745
f 3992//2750 3997//2732 3998//2753 3993//2751
f 3994//2744 3999//2754 3997//2732 3992//2750
f 3995//2752 4000//2755 3999//2754 3994//2744
f 3996//2741 4001//2736 4000//2755 3995//2752
f 3997//2732 4002//2756 4003//2757 3998//2753
f 3999//2754 4004//2758 4002//2756 3997//2732
f 4000//2755 4005//2759 4004//2758 3999//2754
f 4001//2736 4006//2760 4005//2759 4000//2755
f 4002//2756 4007//2761 4008//2762 4003//2757
f 4004//2758 4009//2763 4007//2761 4002//2756
f 4005//2759 4010//2764 4009//2763 4004//2758
f 4006//2760 4011//2765 4010//2764 4005//2759
f 4007//2761 4012//2766 4013//2767 4008//2762
f 4009//2763 4014//2768 4012//2766 4007//2761
f 4010//2764 4015//2769 4014//2768 4009//2763
f 4011//2765 4016//2770 4015//2769 4010//2764
f 4012//2766 4017//2771 4018//2772 4013//2767
f 4014//2768 4019//2773 4017//2771 4012//2766
f 4015//2769 4020//2774 4019//2773 4014//2768
f 4016//2770 4021//2775 4020//2774 4015//2769
f 4017//2771 4022//2776 4023//2777 4018//2772
f 4019//2773 4024//2778 4022//2776 4017//2771
f 4020//2774 4025//2779 4024//2778 4019//2773
f 4021//2775 4026//2780 4025//2779 4020//2774
f 4022//2776 4027//2781 4028//2782 4023//2777
f 4024//2778 4029//2783 4027//2781 4022//2776
f 4025//2779 4030//2784 4029//2783 4024//2778
f 4026//2780 4031//2785 4030//2784 4025//2779
f 4027//2781 4032//2786 4033//2787 4028//2782
f 4029//2783 4034//2788 4032//2786 4027//2781
f 4030//2784 4035//2789 4034//2788 4029//2783
f 4031//2785 4036//2790 4035//2789 4030//2784
f 4032//2786 4037//2791 4038//2792 4033//2787
f 4034//2788 4039//2793 4037//2791 4032//2786
f 4035//2789 4040//2794 4039//2793 4034//2788
f 4036//2790 4041//2795 4040//2794 4035//2789
f 4037//2791 4042//2796 4043//2797 4038//2792
f 4039//2793 4044//2798 4042//2796 4037//2791
f 4040//2794 4045//2799 4044//2798 4039//2793
f 4041//2795 4046//2800 4045//2799 4040//2794
f 4042//2796 4047//2801 4048//2802 4043//2797
f 4044//2798 4049//2803 4047//2801 4042//2796
f 4045//2799 4050//2804 4049//2803 4044//2798
f 4046//2800 4051//2805 4050//2804 4045//2799
f 4047//2801 4052//2806 4053//2807 4048//2802
f 4049//2803 4054//2808 4052//2806 4047//2801
f 4050//2804 4055//2809 4054//2808 4049//2803
f 4051//2805 4056//2810 4055//2809 4050//2804
f 4052//2806 4057//2811 4058//2812 4053//2807
f 4054//2808 4059//2813 4057//2811 4052//2806
f 4055//2809 4060//2814 4059//2813 4054//2808
f 4056//2810 4061//2815 4060//2814 4055//2809
f 4057//2811 4062//2816 4063//2817 4058//2812
f 4059//2813 4064//2818 4062//2816 4057//2811
f 4060//2814 4065//2819 4064//2818 4059//2813
f 4061//2815 4066//2820 4065//2819 4060//2814
f 4062//2816 4067//2821 4068//2822 4063//2817
f 4064//2818 4069//2823 4067//2821 4062//2816
f 4065//2819 4070//2824 4069//2823 4064//2818
f 4066//2820 4071//2825 4070//2824 4065//2819
f 4067//2821 4072//2826 4073//2827 4068//2822
f 4069//2823 4074//2828 4072//2826 4067//2821
f 4070//2824 4075//2829 4074//2828 4069//2823
f 4071//2825 4076//2830 4075//2829 4070//2824
f 4072//2826 4077//2831 4078//2832 4073//2827
f 4074//2828 4079//2833 4077//2831 4072//2826
f 4075//2829 4080//2834 4079//2833 4074//2828
f 4076//2830 4081//2835 4080//2834 4075//2829
f 4077//2831 4082//2836 4083//2837 4078//2832
f 4079//2833 4084//2838 4082//2836 4077//2831
f 4080//2834 4085//2839 4084//2838 4079//2833
f 4081//2835 4086//2840 4085//2839 4080//2834
f 4082//2836 4087//2841 4088//2842 4083//2837
f 4084//2838 4089//2843 4087//2841 4082//2836
f 4085//2839 4090//2844 4089//2843 4084//2838
f 4086//2840 4091//2845 4090//2844 4085//2839
f 4087//2841 4092//2846 4093//2847 4088//2842
f 4089//2843 4094//2848 4092//2846 4087//2841
f 4090//2844 4095//2849 4094//2848 4089//2843
f 4091//2845 4096//2850 4095//2849 4090//2844
f 4092//2846 4097//2851 4098//2852 4093//2847
f 4094//2848 4099//2853 4097//2851 4092//2846
f 4095//2849 4100//2854 4099//2853 4094//2848
f 4096//2850 4101//2855 4100//2854 4095//2849
f 4097//2851 4102//2856 4103//2857 4098//2852
f 4099//2853 4104//2858 4102//2856 4097//2851
f 4100//2854 4105//2859 4104//2858 4099//2853
f 4101//2855 4106//2860 4105//2859 4100//2854
f 4102//2856 4107//2861 4108//2862 4103//2857
f 4104//2858 4109//2863 4107//2861 4102//2856
f 4105//2859 4110//2864 4109//2863 4104//2858
f 4106//2860 4111//2865 4110//2864 4105//2859
f 4107//2861 4112//2866 4113//2867 4108//2862
f 4109//2863 4114//2868 4112//2866 4107//2861
f 4110//2864 4115//2869 4114//2868 4109//2863
f 4111//2865 4116//2870 4115//2869 4110//2864
f 4112//2866 4117//2871 4118//2872 4113//2867
f 4114//2868 4119//2873 4117//2871 4112//2866
f 4115//2869 4120//2874 4119//2873 4114//2868
f 4116//2870 4121//2875 4120//2874 4115//2869
f 4117//2871 4122//2876 4123//2877 4118//2872
f 4119//2873 4124//2878 4122//2876 4117//2871
f 4120//2874 4125//2879 4124//2878 4119//2873
f 4121//2875 4126//2880 4125//2879 4120//2874
f 4122//2876 2787//1659 2790//1662 4123//2877
f 4124//2878 2791//1663 2787//1659 4122//2876
f 4125//2879 2793//1665 2791//1663 4124//2878
f 4126//2880 2795//1667 2793//1665 4125//2879
f 4127//2881 4128//2882 4129//2883 4130//2884
f 4131//2885 4132//2886 4128//2882 4127//2881
f 4133//2887 4134//2888 4132//2886 4131//2885
f 4135//2889 4136//2890 4134//2888 4133//2887
f 4128//2882 4137//2891 4138//2892 4129//2883
f 4132//2886 4139//2893 4137//2891 4128//2882
f 4134//2888 4140//2894 4139//2893 4132//2886
f 4136//2890 4141//2895 4140//2894 4134//2888
f 4137//2891 4142//2896 4143//2897 4138//2892
f 4139//2893 4144//2898 4142//2896 4137//2891
f 4140//2894 4145//2899 4144//2898 4139//2893
f 4141//2895 4146//2900 4145//2899 4140//2894
f 4142//2896 4147//2901 4148//2902 4143//2897
f 4144//2898 4149//2903 4147//2901 4142//2896
f 4145//2899 4150//2904 4149//2903 4144//2898
f 4146//2900 4151//2905 4150//2904 4145//2899
f 4147//2901 4152//2906 4153//2907 4148//2902
f 4149//2903 4154//2908 4152//2906 4147//2901
f 4150//2904 4155//2909 4154//2908 4149//2903
f 4151//2905 4156//2910 4155//2909 4150//2904
f 4152//2906 4157//2911 4158//2912 4153//2907
f 4154//2908 4159//2913 4157//2911 4152//2906
f 4155//2909 4160//2914 4159//2913 4154//2908
f 4156//2910 4161//2915 4160//2914 4155//2909
f 4157//2911 4162//2916 4163//2917 4158//2912
f 4159//2913 4164//2918 4162//2916 4157//2911
f 4160//2914 4165//2919 4164//2918 4159//2913
f 4161//2915 4166//2920 4165//2919 4160//2914
f 4162//2916 4167//2921 4168//2922 4163//2917
f 4164//2918 4169//2923 4167//2921 4162//2916
f 4165//2919 4170//2924 4169//2923 4164//2918
f 4166//2920 4171//2925 4170//2924 4165//2919
f 4167//2921 4172//2926 4173//2927 4168//2922
f 4169//2923 4174//2928 4172//2926 4167//2921
f 4170//2924 4175//2929 4174//2928 4169//2923
f 4171//2925 4176//2930 4175//2929 4170//2924
f 4172//2926 4177//2931 4178//2932 4173//2927
f 4174//2928 4179//2933 4177//2931 4172//2926
f 4175//2929 4180//2934 4179//2933 4174//2928
f 4176//2930 4181//2935 4180//2934 4175//2929
f 4177//2931 4182//2936 4183//2937 4178//2932
f 4179//2933 4184//2938 4182//2936 4177//2931
f 4180//2934 4185//2939 4184//2938 4179//2933
f 4181//2935 4186//2940 4185//2939 4180//2934
f 4182//2936 4187//2941 4188//262 4183//2937
f 4184//2938 4189//2942 4187//2941 4182//2936
f 4185//2939 4190//264 4189//2942 4184//2938
f 4186//2940 4191//2943 4190//264 4185//2939
f 4187//2941 4192//2944 4193//2945 4188//262
f 4189//2942 4194//2946 4192//2944 4187//2941
f 4190//264 4195//2947 4194//2946 4189//2942
f 4191//2943 4196//2948 4195//2947 4190//264
f 4192//2944 4197//2949 4198//2950 4193//2945
f 4194//2946 4199//2951 4197//2949 4192//2944
f 4195//2947 4200//2952 4199//2951 4194//2946
f 4196//2948 4201//2953 4200//2952 4195//2947
f 4197//2949 4202//2954 4203//2955 4198//2950
f 4199//2951 4204//2956 4202//2954 4197//2949
f 4200//2952 4205//2957 4204//2956 4199//2951
f 4201//2953 4206//2958 4205//2957 4200//2952
f 4202//2954 4207//2959 4208//2960 4203//2955
f 4204//2956 4209//2961 4207//2959 4202//2954
f 4205//2957 4210//2962 4209//2961 4204//2956
f 4206//2958 4211//2963 4210//2962 4205//2957
f 4207//2959 4212//2964 4213//2965 4208//2960
f 4209//2961 4214//2966 4212//2964 4207//2959
f 4210//2962 4215//2967 4214//2966 4209//2961
f 4211//2963 4216//2968 4215//2967 4210//2962
f 4212//2964 4217//2969 4218//2970 4213//2965
f 4214//2966 4219//293 4217//2969 4212//2964
f 4215//2967 4220//2971 4219//293 4214//2966
f 4216//2968 4221//2972 4220//2971 4215//2967
f 4217//2969 4222//2973 4223//2974 4218//2970
f 4219//293 4224//2975 4222//2973 4217//2969
f 4220//2971 4225//2976 4224//2975 4219//293
f 4221//2972 4226//2977 4225//2976 4220//2971
f 4222//2973 4227//2978 4228//2979 4223//2974
f 4224//2975 4229//2980 4227//2978 4222//2973
f 4225//2976 4230//2981 4229//2980 4224//2975
f 4226//2977 4231//2982 4230//2981 4225//2976
f 4227//2978 4232//2983 4233//2984 4228//2979
f 4229//2980 4234//2985 4232//2983 4227//2978
f 4230//2981 4235//2986 4234//2985 4229//2980
f 4231//2982 4236//2987 4235//2986 4230//2981
f 4232//2983 4237//2988 4238//2989 4233//2984
f 4234//2985 4239//2990 4237//2988 4232//2983
f 4235//2986 4240//2991 4239//2990 4234//2985
f 4236//2987 4241//2992 4240//2991 4235//2986
f 4237//2988 4242//2993 4243//2994 4238//2989
f 4239//2990 4244//2995 4242//2993 4237//2988
f 4240//2991 4245//2996 4244//2995 4239//2990
f 4241//2992 4246//2997 4245//2996 4240//2991
f 4242//2993 4247//2998 4248//2999 4243//2994
f 4244//2995 4249//3000 4247//2998 4242//2993
f 4245//2996 4250//3001 4249//3000 4244//2995
f 4246//2997 4251//3002 4250//3001 4245//2996
f 4247//2998 4252//3003 4253//3004 4248//2999
f 4249//3000 4254//3005 4252//3003 4247//2998
f 4250//3001 4255//3006 4254//3005 4249//3000
f 4251//3002 4256//3007 4255//3006 4250//3001
f 4252//3003 4257//3008 4258//3009 4253//3004
f 4254//3005 4259//3010 4257//3008 4252//3003
f 4255//3006 4260//3011 4259//3010 4254//3005
f 4256//3007 4261//3012 4260//3011 4255//3006
f 4257//3008 4262//3013 4263//3014 4258//3009
f 4259//3010 4264//3015 4262//3013 4257//3008
f 4260//3011 4265//3016 4264//3015 4259//3010
f 4261//3012 4266//3017 4265//3016 4260//3011
f 4262//3013 4267//3018 4268//3019 4263//3014
f 4264//3015 4269//3020 4267//3018 4262//3013
f 4265//3016 4270//3021 4269//3020 4264//3015
f 4266//3017 4271//3022 4270//3021 4265//3016
f 4267//3018 4272//3023 4273//3024 4268//3019
f 4269//3020 4274//3025 4272//3023 4267//3018
f 4270//3021 4275//3026 4274//3025 4269//3020
f 4271//3022 4276//3027 4275//3026 4270//3021
f 4272//3023 4277//3028 4278//3029 4273//3024
f 4274//3025 4279//3030 4277//3028 4272//3023
f 4275//3026 4280//3031 4279//3030 4274//3025
f 4276//3027 4281//3032 4280//3031 4275//3026
f 4277//3028 4282//3033 4283//3034 4278//3029
f 4279//3030 4284//3035 4282//3033 4277//3028
f 4280//3031 4285//3036 4284//3035 4279//3030
f 4281//3032 4286//3037 4285//3036 4280//3031
f 4282//3033 4287//3038 4288//3039 4283//3034
f 4284//3035 4289//3040 4287//3038 4282//3033
f 4285//3036 4290//3041 4289//3040 4284//3035
f 4286//3037 4291//3042 4290//3041 4285//3036
f 4287//3038 4292//3043 4293//3044 4288//3039
f 4289//3040 4294//3045 4292//3043 4287//3038
f 4290//3041 4295//3046 4294//3045 4289//3040
f 4291//3042 4296//3047 4295//3046 4290//3041
f 4292//3043 4297//3048 4298//3049 4293//3044
f 4294//3045 4299//3050 4297//3048 4292//3043
f 4295//3046 4300//3051 4299//3050 4294//3045
f 4296//3047 4301//3052 4300//3051 4295//3046
f 4297//3048 4302//3053 4303//3054 4298//3049
f 4299//3050 4304//3055 4302//3053 4297//3048
f 4300//3051 4305//3056 4304//3055 4299//3050
f 4301//3052 4306//3057 4305//3056 4300//3051
f 4302//3053 4307//3058 4308//3059 4303//3054
f 4304//3055 4309//3060 4307//3058 4302//3053
f 4305//3056 4310//3061 4309//3060 4304//3055
f 4306//3057 4311//3062 4310//3061 4305//3056
f 4307//3058 4312//3063 4313//3064 4308//3059
f 4309//3060 4314//3065 4312//3063 4307//3058
f 4310//3061 4315//3066 4314//3065 4309//3060
f 4311//3062 4316//3067 4315//3066 4310//3061
f 4312//3063 4317//3068 4318//3069 4313//3064
f 4314//3065 4319//3070 4317//3068 4312//3063
f 4315//3066 4320//3071 4319//3070 4314//3065
f 4316//3067 4321//3072 4320//3071 4315//3066
f 4317//3068 4322//3073 4323//3074 4318//3069
f 4319//3070 4324//3075 4322//3073 4317//3068
f 4320//3071 4325//3076 4324//3075 4319//3070
f 4321//3072 4326//3077 4325//3076 4320//3071
f 4322//3073 4327//3078 4328//3079 4323//3074
f 4324//3075 4329//3080 4327//3078 4322//3073
f 4325//3076 4330//3081 4329//3080 4324//3075
f 4326//3077 4331//3082 4330//3081 4325//3076
f 4327//3078 4332//3083 4333//3084 4328//3079
f 4329//3080 4334//3085 4332//3083 4327//3078
f 4330//3081 4335//3086 4334//3085 4329//3080
f 4331//3082 4336//3087 4335//3086 4330//3081
f 4332//3083 4337//3088 4338//3089 4333//3084
f 4334//3085 4339//3090 4337//3088 4332//3083
f 4335//3086 4340//3091 4339//3090 4334//3085
f 4336//3087 4341//3092 4340//3091 4335//3086
f 4337//3088 4342//3093 4343//3094 4338//3089
f 4339//3090 4344//3095 4342//3093 4337//3088
f 4340//3091 4345//3096 4344//3095 4339//3090
f 4341//3092 4346//3097 4345//3096 4340//3091
f 4342//3093 4347//3098 4348//3099 4343//3094
f 4344//3095 4349//3100 4347//3098 4342//3093
f 4345//3096 4350//3101 4349//3100 4344//3095
f 4346//3097 4351//3102 4350//3101 4345//3096
f 4347//3098 4352//3103 4353//3104 4348//3099
f 4349//3100 4354//3105 4352//3103 4347//3098
f 4350//3101 4355//3106 4354//3105 4349//3100
f 4351//3102 4356//3107 4355//3106 4350//3101
f 4352//3103 4357//3108 4358//3109 4353//3104
f 4354//3105 4359//3110 4357//3108 4352//3103
f 4355//3106 4360//3111 4359//3110 4354//3105
f 4356//3107 4361//3112 4360//3111 4355//3106
f 4357//3108 4362//3113 4363//3114 4358//3109
f 4359//3110 4364//3115 4362//3113 4357//3108
f 4360//3111 4365//3116 4364//3115 4359//3110
f 4361//3112 4366//3117 4365//3116 4360//3111
f 4362//3113 4367//3118 4368//3119 4363//3114
f 4364//3115 4369//3120 4367//3118 4362//3113
f 4365//3116 4370//3121 4369//3120 4364//3115
f 4366//3117 4371//3122 4370//3121 4365//3116
f 4367//3118 4372//3123 4373//3124 4368//3119
f 4369//3120 4374//3125 4372//3123 4367//3118
f 4370//3121 4375//3126 4374//3125 4369//3120
f 4371//3122 4376//3127 4375//3126 4370//3121
f 4372//3123 4127//2881 4130//2884 4373//3124
f 4374//3125 4131//2885 4127//2881 4372//3123
f 4375//3126 4133//2887 4131//2885 4374//3125
f 4376//3127 4135//2889 4133//2887 4375//3126
f 4377//3128 4378//3129 4379//3129 4380//3128
f 4378//3129 4381//3130 4382//3130 4379//3129
f 4381//3130 4383//3131 4384//3131 4382//3130
f 4383//3131 4385//3132 4386//3132 4384//3131
f 4385//3132 4387//3133 4388//3133 4386//3132
f 4387//3133 4389//1427 4390//1427 4388//3133
f 4389//1427 4391//3134 4392//3134 4390//1427
f 4391//3134 4393//3135 4394//3135 4392//3134
f 4393//3135 4395//3136 4396//3136 4394//3135
f 4395//3136 4397//3137 4398//3137 4396//3136
f 4397//3137 4399//3138 4400//3138 4398//3137
f 4399//3138 4401//1433 4402//1433 4400//3138
f 4401//1433 4403//3139 4404//3139 4402//1433
f 4403//3139 4405//3140 4406//3140 4404//3139
f 4405//3140 4407//3141 4408//3141 4406//3140
f 4407//3141 4409//3142 4410//3142 4408//3141
f 4409//3142 4411//3143 4412//3143 4410//3142
f 4411//3143 4413//1439 4414//1439 4412//3143
f 4413//1439 4415//3144 4416//3144 4414//1439
f 4415//3144 4417//3145 4418//3145 4416//3144
f 4417//3145 4419//3146 4420//3146 4418//3145
f 4419//3146 4421//3147 4422//3147 4420//3146
f 4421//3147 4423//3148 4424//3148 4422//3147
f 4423//3148 4425//3149 4426//3149 4424//3148
f 4425//3149 4427//3150 4428//3150 4426//3149
f 4427//3150 4429//3151 4430//3151 4428//3150
f 4429//3151 4431//3152 4432//3152 4430//3151
f 4431//3152 4433//3153 4434//3153 4432//3152
f 4433//3153 4435//3154 4436//3154 4434//3153
f 4435//3154 4437//3155 4438//3155 4436//3154
f 4437//3155 4439//3156 4440//3156 4438//3155
f 4439//3156 4441//3157 4442//3157 4440//3156
f 4441//3157 4443//3158 4444//3158 4442//3157
f 4443//3158 4445//3159 4446//3159 4444//3158
f 4445//3159 4447//3160 4448//3160 4446//3159
f 4447//3160 4449//3161 4450//3161 4448//3160
f 4449//3161 4451//3162 4452//3162 4450//3161
f 4451//3162 4453//3163 4454//3163 4452//3162
f 4453//3163 4455//3164 4456//3164 4454//3163
f 4455//3164 4457//3165 4458//3165 4456//3164
f 4457//3165 4459//3166 4460//3166 4458//3165
f 4459//3166 4461//3167 4462//3167 4460//3166
f 4461//3167 4463//3168 4464//3168 4462//3167
f 4463//3168 4465//3169 4466//3169 4464//3168
f 4465//3169 4467//3170 4468//3170 4466//3169
f 4467//3170 4469//3171 4470//3171 4468//3170
f 4469//3171 4471//3172 4472//3172 4470//3171
f 4471//3172 4473//3173 4474//3173 4472//3172
f 4473//3173 4475//3174 4476//3174 4474//3173
f 4475//3174 4377//3128 4380//3128 4476//3174
f 4477//3175 4478//3176 4479//3177 4480//3178
f 4481//3179 4482//3180 4478//3176 4477//3175
f 4483//3181 4484//3182 4482//3180 4481//3179
f 4485//3183 4486//3184 4484//3182 4483//3181
f 4478//3176 4487//3185 4488//3186 4479//3177
f 4482//3180 4489//3187 4487//3185 4478//3176
f 4484//3182 4490//3188 4489//3187 4482//3180
f 4486//3184 4491//3189 4490//3188 4484//3182
f 4487//3185 4492//3190 4493//3191 4488//3186
f 4489//3187 4494//3192 4492//3190 4487//3185
f 4490//3188 4495//3193 4494//3192 4489//3187
f 4491//3189 4496//3194 4495//3193 4490//3188
f 4492//3190 4497//3195 4498//3196 4493//3191
f 4494//3192 4499//3197 4497//3195 4492//3190
f 4495//3193 4500//3198 4499//3197 4494//3192
f 4496//3194 4501//3199 4500//3198 4495//3193
f 4497//3195 4502//3200 4503//3201 4498//3196
f 4499//3197 4504//3202 4502//3200 4497//3195
f 4500//3198 4505//3203 4504//3202 4499//3197
f 4501//3199 4506//3204 4505//3203 4500//3198
f 4502//3200 4507//1689 4508//3205 4503//3201
f 4504//3202 4509//1691 4507//1689 4502//3200
f 4505//3203 4510//3206 4509//1691 4504//3202
f 4506//3204 4511//1693 4510//3206 4505//3203
f 4507//1689 4512//3207 4513//3208 4508//3205
f 4509//1691 4514//3209 4512//3207 4507//1689
f 4510//3206 4515//3210 4514//3209 4509//1691
f 4511//1693 4516//3211 4515//3210 4510//3206
f 4512//3207 4517//3212 4518//3213 4513//3208
f 4514//3209 4519//3214 4517//3212 4512//3207
f 4515//3210 4520//3215 4519//3214 4514//3209
f 4516//3211 4521//3216 4520//3215 4515//3210
f 4517//3212 4522//3217 4523//3218 4518//3213
f 4519//3214 4524//3219 4522//3217 4517//3212
f 4520//3215 4525//3220 4524//3219 4519//3214
f 4521//3216 4526//3221 4525//3220 4520//3215
f 4522//3217 4527//3222 4528//3223 4523//3218
f 4524//3219 4529//3224 4527//3222 4522//3217
f 4525//3220 4530//3225 4529//3224 4524//3219
f 4526//3221 4531//3226 4530//3225 4525//3220
f 4527//3222 4532//3227 4533//3228 4528//3223
f 4529//3224 4534//3229 4532//3227 4527//3222
f 4530//3225 4535//3230 4534//3229 4529//3224
f 4531//3226 4536//3231 4535//3230 4530//3225
f 4532//3227 4537//1719 4538//3232 4533//3228
f 4534//3229 4539//3233 4537//1719 4532//3227
f 4535//3230 4540//3234 4539//3233 4534//3229
f 4536//3231 4541//3235 4540//3234 4535//3230
f 4537//1719 4542//3236 4543//3237 4538//3232
f 4539//3233 4544//3238 4542//3236 4537//1719
f 4540//3234 4545//3239 4544//3238 4539//3233
f 4541//3235 4546//3240 4545//3239 4540//3234
f 4542//3236 4547//3241 4548//3242 4543//3237
f 4544//3238 4549//3243 4547//3241 4542//3236
f 4545//3239 4550//3244 4549//3243 4544//3238
f 4546//3240 4551//3245 4550//3244 4545//3239
f 4547//3241 4552//3246 4553//3247 4548//3242
f 4549//3243 4554//3248 4552//3246 4547//3241
f 4550//3244 4555//3249 4554//3248 4549//3243
f 4551//3245 4556//3250 4555//3249 4550//3244
f 4552//3246 4557//3251 4558//3252 4553//3247
f 4554//3248 4559//3253 4557//3251 4552//3246
f 4555//3249 4560//3254 4559//3253 4554//3248
f 4556//3250 4561//3255 4560//3254 4555//3249
f 4557//3251 4562//3256 4563//3257 4558//3252
f 4559//3253 4564//3258 4562//3256 4557//3251
f 4560//3254 4565//3259 4564//3258 4559//3253
f 4561//3255 4566//3260 4565//3259 4560//3254
f 4562//3256 4567//3261 4568//3262 4563//3257
f 4564//3258 4569//1751 4567//3261 4562//3256
f 4565//3259 4570//3263 4569//1751 4564//3258
f 4566//3260 4571//3264 4570//3263 4565//3259
f 4567//3261 4572//3265 4573//3266 4568//3262
f 4569//1751 4574//3267 4572//3265 4567//3261
f 4570//3263 4575//3268 4574//3267 4569//1751
f 4571//3264 4576//3269 4575//3268 4570//3263
f 4572//3265 4577//3270 4578//3271 4573//3266
f 4574//3267 4579//3272 4577//3270 4572//3265
f 4575//3268 4580//3273 4579//3272 4574//3267
f 4576//3269 4581//3274 4580//3273 4575//3268
f 4577//3270 4582//3275 4583//3276 4578//3271
f 4579//3272 4584//3277 4582//3275 4577//3270
f 4580//3273 4585//3278 4584//3277 4579//3272
f 4581//3274 4586//3279 4585//3278 4580//3273
f 4582//3275 4587//3280 4588//3281 4583//3276
f 4584//3277 4589//3282 4587//3280 4582//3275
f 4585//3278 4590//3283 4589//3282 4584//3277
f 4586//3279 4591//3284 4590//3283 4585//3278
f 4587//3280 4592//3285 4593//3286 4588//3281
f 4589//3282 4594//3287 4592//3285 4587//3280
f 4590//3283 4595//3288 4594//3287 4589//3282
f 4591//3284 4596//3289 4595//3288 4590//3283
f 4592//3285 4597//3290 4598//3291 4593//3286
f 4594//3287 4599//3292 4597//3290 4592//3285
f 4595//3288 4600//3293 4599//3292 4594//3287
f 4596//3289 4601//3294 4600//3293 4595//3288
f 4597//3290 4602//3295 4603//3296 4598//3291
f 4599//3292 4604//3297 4602//3295 4597//3290
f 4600//3293 4605//3298 4604//3297 4599//3292
f 4601//3294 4606//3299 4605//3298 4600//3293
f 4602//3295 4607//3300 4608//3301 4603//3296
f 4604//3297 4609//3302 4607//3300 4602//3295
f 4605//3298 4610//3303 4609//3302 4604//3297
f 4606//3299 4611//3304 4610//3303 4605//3298
f 4607//3300 4612//3305 4613//3306 4608//3301
f 4609//3302 4614//3307 4612//3305 4607//3300
f 4610//3303 4615//3308 4614//3307 4609//3302
f 4611//3304 4616//3309 4615//3308 4610//3303
f 4612//3305 4617//3310 4618//3311 4613//3306
f 4614//3307 4619//3312 4617//3310 4612//3305
f 4615//3308 4620//3313 4619//3312 4614//3307
f 4616//3309 4621//3314 4620//3313 4615//3308
f 4617//3310 4622//3315 4623//3316 4618//3311
f 4619//3312 4624//3317 4622//3315 4617//3310
f 4620//3313 4625//3318 4624//3317 4619//3312
f 4621//3314 4626//3319 4625//3318 4620//3313
f 4622//3315 4627//3320 4628//3321 4623//3316
f 4624//3317 4629//3322 4627//3320 4622//3315
f 4625//3318 4630//3323 4629//3322 4624//3317
f 4626//3319 4631//3324 4630//3323 4625//3318
f 4627//3320 4632//3325 4633//3326 4628//3321
f 4629//3322 4634//3327 4632//3325 4627//3320
f 4630//3323 4635//3328 4634//3327 4629//3322
f 4631//3324 4636//3329 4635//3328 4630//3323
f 4632//3325 4637//3330 4638//3331 4633//3326
f 4634//3327 4639//3332 4637//3330 4632//3325
f 4635//3328 4640//3333 4639//3332 4634//3327
f 4636//3329 4641//3334 4640//3333 4635//3328
f 4637//3330 4642//3335 4643//3336 4638//3331
f 4639//3332 4644//3337 4642//3335 4637//3330
f 4640//3333 4645//3338 4644//3337 4639//3332
f 4641//3334 4646//3339 4645//3338 4640//3333
f 4642//3335 4647//3340 4648//3341 4643//3336
f 4644//3337 4649//3342 4647//3340 4642//3335
f 4645//3338 4650//3343 4649//3342 4644//3337
f 4646//3339 4651//3344 4650//3343 4645//3338
f 4647//3340 4652//3345 4653//3346 4648//3341
f 4649//3342 4654//3347 4652//3345 4647//3340
f 4650//3343 4655//3348 4654//3347 4649//3342
f 4651//3344 4656//3349 4655//3348 4650//3343
f 4652//3345 4657//3350 4658//3351 4653//3346
f 4654//3347 4659//3352 4657//3350 4652//3345
f 4655//3348 4660//3353 4659//3352 4654//3347
f 4656//3349 4661//3354 4660//3353 4655//3348
f 4657//3350 4662//3355 4663//3356 4658//3351
f 4659//3352 4664//3357 4662//3355 4657//3350
f 4660//3353 4665//3358 4664//3357 4659//3352
f 4661//3354 4666//3359 4665//3358 4660//3353
f 4662//3355 4667//3360 4668//3361 4663//3356
f 4664//3357 4669//3362 4667//3360 4662//3355
f 4665//3358 4670//3363 4669//3362 4664//3357
f 4666//3359 4671//3364 4670//3363 4665//3358
f 4667//3360 4672//3365 4673//3366 4668//3361
f 4669//3362 4674//3367 4672//3365 4667//3360
f 4670//3363 4675//3368 4674//3367 4669//3362
f 4671//3364 4676//3369 4675//3368 4670//3363
f 4672//3365 4677//3370 4678//3371 4673//3366
f 4674//3367 4679//3372 4677//3370 4672//3365
f 4675//3368 4680//3373 4679//3372 4674//3367
f 4676//3369 4681//3374 4680//3373 4675//3368
f 4677//3370 4682//3375 4683//3376 4678//3371
f 4679//3372 4684//3377 4682//3375 4677//3370
f 4680//3373 4685//3378 4684//3377 4679//3372
f 4681//3374 4686//3379 4685//3378 4680//3373
f 4682//3375 4687//3380 4688//3381 4683//3376
f 4684//3377 4689//3382 4687//3380 4682//3375
f 4685//3378 4690//3383 4689//3382 4684//3377
f 4686//3379 4691//3384 4690//3383 4685//3378
f 4687//3380 4692//3385 4693//3386 4688//3381
f 4689//3382 4694//3387 4692//3385 4687//3380
f 4690//3383 4695//3388 4694//3387 4689//3382
f 4691//3384 4696//3389 4695//3388 4690//3383
f 4692//3385 4697//3390 4698//3391 4693//3386
f 4694//3387 4699//3392 4697//3390 4692//3385
f 4695//3388 4700//3393 4699//3392 4694//3387
f 4696//3389 4701//3394 4700//3393 4695//3388
f 4697//3390 4702//3395 4703//3396 4698//3391
f 4699//3392 4704//3397 4702//3395 4697//3390
f 4700//3393 4705//3398 4704//3397 4699//3392
f 4701//3394 4706//3399 4705//3398 4700//3393
f 4702//3395 4707//3400 4708//3401 4703//3396
f 4704//3397 4709//3402 4707//3400 4702//3395
f 4705//3398 4710//3403 4709//3402 4704//3397
f 4706//3399 4711//3404 4710//3403 4705//3398
f 4707//3400 4712//3405 4713//3406 4708//3401
f 4709//3402 4714//3407 4712//3405 4707//3400
f 4710//3403 4715//3408 4714//3407 4709//3402
f 4711//3404 4716//3409 4715//3408 4710//3403
f 4712//3405 4717//3410 4718//3411 4713//3406
f 4714//3407 4719//3412 4717//3410 4712//3405
f 4715//3408 4720//3413 4719//3412 4714//3407
f 4716//3409 4721//3414 4720//3413 4715//3408
f 4717//3410 4722//3415 4723//3416 4718//3411
f 4719//3412 4724//3417 4722//3415 4717//3410
f 4720//3413 4725//3418 4724//3417 4719//3412
f 4721//3414 4726//3419 4725//3418 4720//3413
f 4722//3415 4477//3175 4480//3178 4723//3416
f 4724//3417 4481//3179 4477//3175 4722//3415
f 4725//3418 4483//3181 4481//3179 4724//3417
f 4726//3419 4485//3183 4483//3181 4725//3418
